ACCESSION_NUMBER	ID	ISSUER	ISSUERSIGNATURE	ISSUERTITLE
0001820003-20-000004	1	Airo Capital Management, Inc.	Frederic Richardson	Chairman President
0001665160-20-001227	1	The Luving Company	Ashi Jelinek	CEO, Principal Executive Officer and Director, Principal Financial Officer and Principal Accounting Officer
0001826174-20-000002	1	MEVERO, INC.	/s/ Kaushik Banerjee	Chief Executive Officer
0001669191-20-000558	1	Forever Young Technologies, INC	Juan  Young	Principal Executive Officer
0001669191-20-000556	1	GenesisAI Corporation	Archil Cheishvili	Principal Executive Officer
0001815319-20-000002	1	STM Hospitality, LLC	Kevin Floyd	CEO and President
0001665160-20-001226	1	RED EYE LOUIE'S INC	Chander Arora	CEO, Principal Executive Officer and Director, Principal Financial Officer and Principal Accounting Officer
0001665160-20-001225	1	Van Robotics, Inc.	Laura Boccanfuso	CEO, Principal Executive Officer and Director, Principal Financial Officer and Principal Accounting Officer
0001665160-20-001223	1	RED EYE LOUIE'S INC	Chander Arora	CEO, Principal Executive Officer and Director, Principal Financial Officer and Principal Accounting Officer
0001665160-20-001221	1	La Fayette Franchise, Inc.	Nicolas Billaud	Co-CEO, Principal Executive Officer and Director, Principal Financial Officer and Principal Accounting Officer
0001665160-20-001217	1	Hawaiian Ola Brewing Corporation	Brett Jacobson	CEO, Principal Executive Officer and Director, Principal Financial Officer and Principal Accounting Officer
0001795615-20-000004	1	Hemp Real Estate Investments, Inc.	Tariq Khan by Sean Fuellhart POA	CEO
0001669191-20-000554	1	Monetran, LLC	Don Bielak	Principal Executive Officer
0001788657-20-000003	1	Flowh, Inc.	Eric H. Darst	CEO
0001826438-20-000002	1	H Influencer Collective Inc.	/s/ Shannon Bray	CEO
0001826308-20-000002	1	Tuttle Twins Show, LLC	Benton Crane	Executive Director
0001670254-20-000886	1	MARUX, Inc.	Michael D'Orazio	Co-Founder | Chief Operating Officer | CFO
0001665160-20-001213	1	Solgaard Design Inc.	Adrian Solgaard	CEO, Principal Executive Officer and Director, Principal Financial Officer and Principal Accounting Officer
0001665160-20-001215	1	Shacksbury Holdings, Inc.	Colin Davis	President, CEO, Principal Financial Officer, Controller, and Director for Shacksbury Holdings Inc.
0001670254-20-000885	1	Annestes Thoroughbreds Inc	George Hall	Board Member
0001746059-20-000307	1	McKai Brewing LLC	Mark Camlin	President
0001670254-20-000884	1	Annestes Thoroughbreds Inc	John Hall	CEO Adara Asset Management ( Board Member)
0001824811-20-000002	1	Sister Sunflower Ltd	Kay Henderson	Owner
0001775794-20-000001	1	RAIDAQ LLC	Adam Steven Fogerson	COO
0001746059-20-000306	1	Chivanada, LLC	Daniel Yarzagaray	Owner and CoFounder
0001670254-20-000882	1	YogaClub LLC	Scott Yamano	CEO/Co-Founder
0001820003-20-000002	1	Airo Capital Management, Inc.	Frederic Richardson	Chairman President
0001670254-20-000880	1	Inhabit.io, Inc	Chai Mishra	CEO
0001665160-20-001211	1	Z0cal Inc	Dr. Jareer Abu Ali	CEO, Principal Executive Officer and Director, Principal Financial Officer and Principal Accounting Officer
0001665160-20-001209	1	Z0cal Inc	Dr. Jareer Abu Ali	CEO, Principal Executive Officer and Director, Principal Financial Officer and Principal Accounting Officer
0001746059-20-000305	1	Fit Wellness, LLC	Greg Chickneas	Owner and CoFounder
0001794603-20-000004	1	YEII Inc.	/s/ Erik Alvarez Ortegon	CEO, Director
0001665160-20-001207	1	Rayton Solar, Inc.	Andrew Yakub	CEO, Principal Executive Officer and Director, Principal Financial Officer and Principal Accounting Officer
0001806372-20-000004	1	Dollaride, Inc.	s/ Sulaiman Sanni	CEO, Director
0001815481-20-000003	1	Procurement Foundry INC	/s/ Steven Michael Cadieux	President
0001746059-20-000303	1	White Elk Tea & Coffee Co	Christopher Perron	Owner and Founder
0001826308-20-000001	1	Tuttle Twins Show, LLC	Daniel Harmon	President and Director
0001670254-20-000879	1	Ad Fontes Media, Inc.	Vanessa Otero	Founder and CEO
0001670254-20-000878	1	Neighborhood Sun Benefit Corp	Gary Skulnik	CEO
0001746059-20-000302	1	CGK ON NEWBURY LLC	Jose DeSouza	Owner and CoFounder
0001669191-20-000552	1	Puro Trader, Inc dba Yahyn	Joshua  Leavitt	Principal Executive Officer
0001669191-20-000550	1	MILLENNIAL FERTILITY CO. LLC	Philip Bock	Principal Executive Officer
0001665160-20-001205	1	Zenus, Inc.	Panagiotis Moutafis, Ph.D.	CEO, Principal Executive Officer and Director, Principal Financial Officer and Principal Accounting Officer
0001669191-20-000548	1	Infinovate LLC	Jason Ozur	Principal Executive Officer
0001670254-20-000875	1	Annestes Thoroughbreds Inc	John Hall	CEO Adara Asset Management ( Board Member)
0001670254-20-000876	1	Doodeo Inc.	Rony Hage	Founder and CEO
0001748804-20-000001	1	Cookie Department, Inc.	Akiva Resnikoff	Chief Executive Officer
0001746059-20-000301	1	Big Chief Brewing, LLC	Mark Dashner	Owner and Founder
0001792116-20-000002	1	2270 Platt LLC	Joseph Jonna	Co-Manager
0001669191-20-000546	1	Zelgor Inc	John Fanning Jr	Principal Executive Officer
0001669191-20-000545	1	Watch Party LLC	Chelinde Edouard	Principal Executive Officer
0001669191-20-000544	1	PromoShare, Inc.	Ernesto Pedroza	Principal Executive Officer
0001669191-20-000543	1	Jinglz, Inc.	David Markowski	Principal Executive Officer
0001669191-20-000542	1	Dome Audio Inc.	Benjamin White	Principal Executive Officer
0001669191-20-000541	1	FinTron, LLC	Wilder  Rumpf	Principal Executive Officer
0001669191-20-000540	1	Backers Inc.	Brian Tinney	Principal Executive Officer
0001665160-20-001202	1	R3 Printing, Inc.	Paul Sieradzki	Director; Treasurer; Head of Product; Chief Executive Officer; President of R3 Printing, Inc.
0001669191-20-000537	1	PromoShare, Inc.	Ernesto Pedroza	Principal Executive Officer
0001746059-20-000299	1	Coquette LLC	Caitlin Olsen	Owner and Founder
0001746059-20-000298	1	Camino Brewing Company, LLC	Allen Korenstein	CEO and Co-Founder
0001445866-20-001411	1	SmartSoda Holdings, Inc.	/s/ Lior Shafir	Chief Executive Officer
0001670254-20-000871	1	Wildeye Inc.	Harold Cohn	CEO & CTO
0001670254-20-000869	1	Smartgurlz US Inc	Sharmi Albrechtsen	CEO
0001445866-20-001406	1	SmartSoda Holdings, Inc.	/s/ Lior Shafir	Chief Executive Officer
0001669191-20-000532	1	Domestic Brands Inc	Lawrence Charles	Principal Executive Officer
0001665160-20-001198	1	O2 Treehouse Commercial Inc	Dustin Feider	CEO, Principal Executive Officer and Director
0001669191-20-000530	1	GenesisAI Corporation	Archil Cheishvili	Principal Executive Officer
0001670254-20-000867	1	GlobeChat, Inc.	Kevin Strom	CEO
0001665160-20-001196	1	Innovative Eyewear Inc	Harrison Gross	CEO, Principal Executive Officer, Director
0001665160-20-001195	1	Swabbies Tech, Inc.	Carman Cook	CEO, Principal Executive Officer and Director
0001746059-20-000297	1	Groundlion Brewing Company, LLC	Samuel Brown III	Owner and CoFounder
0001665160-20-001194	1	Tapville Franchising, Inc.	Joseph Tota	CEO, Principal Executive Officer and Director, Principal Financial Officer and Principal Accounting Officer
0001746059-20-000296	1	Culinary Craft Workshop, LLC	Michael Carter	Owner and CoFounder
0001746059-20-000295	1	East End Lights, LLC	Joseph Darrigo	Owner and Founder
0001669191-20-000526	1	Dj Holdings, LLC	Jason Hebert	Principal Executive Officer
0001665160-20-001193	1	Fluz App Inc.	Maurice Harary	CEO, Principal Executive Officer and Director, Principal Financial Officer and Principal Accounting Officer
0001665160-20-001191	1	Atmos Home Inc.	Mark Lyle	CEO, Principal Executive Officer and Director, Principal Financial Officer and Principal Accounting Officer
0001665160-20-001190	1	Baqua Inc.	Sandra W. Marlowe	Chief Executive Officer
0001665160-20-001188	1	Yerbae Brands Co.	Todd Gibson	CEO, Principal Executive Officer and Director, Principal Financial Officer and Principal Accounting Officer
0001803592-20-000002	1	GrapeStars International, Inc.	Jean Jean Pelletier	CEO, Director
0001670254-20-000866	1	Annestes Thoroughbreds Inc	John Hall	CEO Adara Asset Management ( Board Member)
0001746059-20-000294	1	Groundlion Brewing Company, LLC	Samuel Brown III	Owner and CoFounder
0001782494-20-000001	1	Ratio Holdings, LLC	/s/ Mark Hellweg	CEO & Director
0001805831-20-000002	1	Prazo, Inc.	/s/ Rodrigo de Guzman	CEO & Director
0001789130-20-000003	1	Audink Inc.	/s/ Erik Young	CEO, President
0001686984-20-000006	1	Snailz, Inc.	Darren Sardoff	Chief Executive Officer
0001670254-20-000863	1	Pavr Solutions, LLC	Jessica Bledsoe	Co-Founder & CEO
0001669191-20-000524	1	THB Holdco, LLC	Christopher Darnell	Principal Executive Officer
0001669191-20-000522	1	AllTheBelts LLC	Timothy Childs	Principal Executive Officer
0001669191-20-000520	1	Vymedic Inc.	Cynthia Winning	Principal Executive Officer
0001669191-20-000514	1	Vymedic Inc.	Cynthia Winning	Principal Executive Officer
0001683168-20-003254	1	24/7 Labs Corporation	/s/ Marley Roldan	President
0001665160-20-001185	1	Aquipor Technologies, Inc.	Greg Johnson	CEO, President, Principal Executive Officer and Director, Principal Financial Officer and Principal Accounting Officer
0001665160-20-001184	1	Streamlytics, Inc.	Angela Benton	CEO, Principal Executive Officer and Director, Principal Financial Officer and Principal Accounting Officer
0001824239-20-000004	1	Jinjo LLC	Jo Seph Cho	Owner
0001746059-20-000293	1	Tezcat, LLC	Luis Melgarejo	Owner and Founder
0001824239-20-000003	1	Jinjo LLC	Jo Seph Cho	Owner
0001824239-20-000002	1	Pit Boss Inc	Wade McSwain	President
0001670254-20-000861	1	Full Plate Management, LLC	Nathan Stern	Manager
0001821518-20-000004	1	C P Rocketry INC	Nathan Tahbaz	CEO
0001670254-20-000860	1	Univoice Corporation	Sami Halabi	Founder | CEO
0001820285-20-000003	1	Kobrelms LLC	Joseph Yuyi	Founder & CEO
0001670254-20-000859	1	GlobeChat, Inc.	Kevin Strom	CEO
0001670254-20-000857	1	Our Mayberry Inc.	Shawn Tacey	Chief Executive Officer
0001794611-20-000007	1	Zephyr Aerospace, L.L.C.	/s/Jeffrey O'Neill	Sole Member
0001665160-20-001183	1	Macro Snacks, Inc	Justin Wiesehan	CEO, Principal Executive Officer and Director, Principal Financial Officer and Principal Accounting Officer
0001746059-20-000292	1	FROG JUICE INC	Carrie Greishaw	Owner and CEO
0001784191-20-000005	1	Avenify Corp	Justin Potts	Chief Executive Officer
0001665160-20-001181	1	STARTENGINE CROWDFUNDING, INC.	Howard Marks	CEO
0001670254-20-000855	1	Swingman Thoroughbred Corp.	George Hall	President
0001780439-20-000057	1	Encrypgen Inc.	David Richard Koepsell	Founder and CEO
0001665160-20-001179	1	O2 Treehouse Commercial Inc	Dustin Feider	CEO, Principal Executive Officer and Director
0001746059-20-000290	1	Sol Cinema Cafe, Inc.	Moikgantsi Kgama	Owner and Founder
0001746059-20-000291	1	Mary Celeste, LLC	Michael Achilles	Owner and Founder
0001813064-20-000004	1	PLM Brands, Corp	Elizabeth Kost	CEO
0001669191-20-000509	1	WWF Holdings, Inc.	Lonnie Johnson	Principal Executive Officer
0001669191-20-000507	1	Shockwave Motors, Inc.	John McMillian	Principal Executive Officer
0001687610-20-000007	1	Contiq, Inc.	Arun Lal	CEO, principal executive officer, principal financial officer, controller, board of directors
0001687610-20-000006	1	Contiq, Inc.	Arun Lal	CEO, principal executive officer, principal financial officer, controller, board of directors
0001670254-20-000854	1	Kiwi Campus Inc	Felipe Chvez Corts	Chief Executive Officer
0001669191-20-000503	1	MyTable Holdings Corp	Matthew  Kelly	Principal Executive Officer
0001665160-20-001176	1	Northeast Productions, Inc.	William R. Graening	CEO, Principal Executive Officer and Director, Principal Financial Officer and Principal Accounting Officer
0001780439-20-000056	1	Maryann Salt, Inc.	Maryann Fangapulotu Salt	CEO
0001824566-20-000001	1	Rollin' Vets Group Inc.	Katharine Eick	Sole Director of Board of Directors
0001788434-20-000006	1	Edly Inc.	Chris Ricciardi	CEO
0001747584-20-000005	1	National Energy Improvement Fund, LLC	Peter Krajsa	Managing Member
0001665160-20-001174	1	Solgaard Design Inc.	Adrian Solgaard	CEO, Principal Executive Officer and Director, Principal Financial Officer and Principal Accounting Officer
0001670254-20-000852	1	This Land Film LLC	Brian Gagliardi	Founder, Producer
0001665160-20-001171	1	Solgaard Design Inc.	Adrian Solgaard	CEO, Principal Executive Officer and Director, Principal Financial Officer and Principal Accounting Officer
0001644600-20-000022	1	EdenLedger, Inc.	Michael Golomb	Founder and CEO
0001739064-20-000004	1	Roo Inc.	Maximus Yaney	Chief Executive Officer
0001669191-20-000501	1	Neurotez Inc.	Nikolaos Tezapsidis	Principal Executive Officer
0001665160-20-001169	1	Apparent Energy, Inc.	William Patridge	President, CEO, Principal Executive Officer and Director, Principal Financial Officer and Principal Accounting Officer
0001665160-20-001168	1	Apparent Energy, Inc.	William Patridge	President, CEO, Principal Executive Officer and Director, Principal Financial Officer and Principal Accounting Officer
0001665160-20-001167	1	Apparent Energy, Inc.	William Patridge	President, CEO, Principal Executive Officer and Director, Principal Financial Officer and Principal Accounting Officer
0001665160-20-001165	1	Charron Favreau, SPC	Kurt Charron	CEO, President, Principal Executive Officer and Director, Principal Financial Officer and Principal Accounting Officer
0001669191-20-000499	1	Acquire Skills and Knowledge Education Inc.	Ruth Nemire	Principal Executive Officer
0001670254-20-000844	1	Footy Dreams Group LLC	Lucas Babson	Co Founder & Technical Director
0001670254-20-000847	1	Aptera Motors Corp	Chris Anthony	CEO
0001670254-20-000850	1	PopCultivator Comics, Inc.	Josh Blaylock	Chief Executive Officer
0001670254-20-000848	1	Sircles Media Inc.	Danny Hinkle	Chief Operating Officer
0001818834-20-000003	1	1491 Atlantic Partners, LLC	Scott Choppin	Manager
0001670254-20-000842	1	CoDwell, LLC	Clarence Risher	Founder
0001816636-20-000006	1	Urban Homesteaders LLC	Gregory Boulos	Co-Owner
0001816636-20-000005	1	Salt Point Meadery LLC	Eric DeRise	Owner
0001816636-20-000004	1	Heavenly Chicken & Waffles, LLC	Aaron Sanders Jr	Owner
0001816636-20-000003	1	Craft on Draught LLC	Declan Hogan	President
0001816636-20-000002	1	Madeleine Bakery & Bistro LLC	Andrew Stump	Co-Owner
0001669191-20-000497	1	Mosquito Steve, Inc.	Steve Moore	Principal Executive Officer
0001805018-20-000012	1	Elemeno Health, Inc.	Arup Roy-Burman	Chief Executive Officer
0001669191-20-000495	1	Mosquito Steve, Inc.	Steve Moore	Principal Executive Officer
0001665160-20-001164	1	MentalHappy Inc	Tamar Lucien Blue	CEO, Principal Executive Officer and Director, Principal Financial Officer and Principal Accounting Officer
0001665160-20-001163	1	Saucy Brew Works LLC	Brent Zimmerman	CEO, Principal Executive Officer and Director/Manager
0001665160-20-001162	1	Como Audio, Inc	Thomas DeVesto	CEO, Principal Executive Officer and Director, Principal Financial Officer and Principal Accounting Officer
0001665160-20-001161	1	A7FL Inc	Sener Korkusuz	CEO, Principal Executive Officer and Director, Principal Financial Officer and Principal Accounting Officer
0001669191-20-000492	1	Deuce Drone LLC	Rhett Ross	Principal Executive Officer
0001789130-20-000002	1	Audink Inc.	/s/ Erik Young	CEO, President
0001665160-20-001159	1	Cyber Dive Corp.	Jeffrey Gottfurcht	CEO, Principal Executive Officer and Director, Principal Financial Officer and Principal Accounting Officer
0001665160-20-001158	1	Adventure 2 Learning, Inc.	Michael Rhattigan	CEO, Principal Executive Officer and Director, Principal Financial Officer and Principal Accounting Officer
0001719369-20-000005	1	ALTO SOLUTIONS, INC.	Eric Satz	CEO, President & Director
0001670254-20-000841	1	Harmony Turbines Inc	Christopher Moore	Owner / CEO
0001670254-20-000839	1	Atom Limbs Inc	Tyler Hayes	CEO
0001670254-20-000837	1	teleCalm, Inc.	Tavis Schriefer	Founding CEO
0001746059-20-000288	1	Reel Big Flix, LLC	Alec Ferguson	Owner and Founder
0001670254-20-000835	1	AfterrHome Inc	Lenora Felder	Co-Founder/COO
0001822811-20-000003	1	HILOS, INC.	Elias Stahl	CEO
0001792013-20-000003	1	BatteryXchange, Inc.	Desmond Wiggan	CEO
0001746059-20-000287	1	Oak & Main, LLC	Kara Hoagland	Owner and Founder
0001665160-20-001154	1	Statum Systems Inc.	Frederick Lizza	CEO, Principal Executive Officer and Director, Principal Financial Officer and Principal Accounting Officer
0001670254-20-000833	1	Boxabl Inc.	Galiano Tiramani	Business development
0001816075-20-000005	1	Leaping Harts Inc.	/s/ Evan Leaphart	CEO
0001746059-20-000286	1	Mary Celeste, LLC	Michael Achilles	Owner and Founder
0001719369-20-000004	1	ALTO SOLUTIONS, INC.	Eric Satz	CEO, President & Director
0001700868-20-000006	1	Lulabop, Inc.	Mina Yoo	CEO, Founder, principal executive officer, principal financial officer, controller, board of directors
0001816089-20-000002	1	Wayzn, Inc.	/s/ Michael Demele	CEO & Director
0001670254-20-000832	1	DIVERTsessions 1 Inc	Zach Adamson	Founder & CEO
0001746059-20-000285	1	FJD Partners, LLC	Joshua Rinier	CMO
0001746271-20-000002	1	Stepstone Art Resources, LLC	Brendan Burns	Founder & Chief Executive Officer
0001824811-20-000001	1	Sister Sunflower Ltd	Kay Henderson	Owner
0001670254-20-000831	1	Boxabl Inc.	Galiano Tiramani	Business development
0001670254-20-000830	1	Resolution 8 Technologies, Inc.	Scott Seidewitz	Founder/CEO
0001812172-20-000004	1	ADAMS FOURTH HOLDINGS, LLC	Anthony V Caccomo	PRESIDENT,NEW HEARTLAND VENTURES, LTD Managing Member
0001670254-20-000828	1	Caribbean Smooth, LLC	Nigel Walwyn	Founder/CEO
0001812172-20-000002	1	ADAMS FOURTH HOLDINGS, LLC	Anthony V Caccomo	PRESIDENT,NEW HEARTLAND VENTURES, LTD Managing Member
0001746059-20-000284	1	TOP SHELF COOKIES LLC	Heather Yunger	Owner and Founder
0001746059-20-000283	1	Moon Management, Inc.	Scott Carswell	Owner and Founder
0001746059-20-000282	1	TOP SHELF COOKIES LLC	Heather Yunger	Owner and Founder
0001670254-20-000827	1	festivalPass, LLC	Edward Vincent	Founder & CEO
0001670254-20-000825	1	Petri Bio Inc.	Shu Li	Co-Founder
0001788434-20-000005	1	Edly Inc.	Chris Ricciardi	CEO
0001821386-20-000001	1	Quim Rock, Inc.	/s/ Cyo Ray Nystrom	CEO and Director
0001669191-20-000483	1	TrippBio, Inc.	Billy Meadow	Principal Executive Officer
0001665160-20-001152	1	Metai Knights Media Inc	Dele Atanda	CEO, Principal Executive Officer and Director, Principal Financial Officer and Principal Accounting Officer
0001670254-20-000824	1	Yonder Global, PBC.	Bill LEE	Co-Founder, CEO
0001746059-20-000281	1	Fit Wellness, LLC	Greg Chickneas	Owner and CoFounder
0001670254-20-000822	1	Coda Music, Inc.	Randy Fusee	CEO
0001816686-20-000007	1	Blended Sense, Inc.	/s/ Abigail Rose Baez	CEO
0001782185-20-000006	1	Frame Media Inc.	Benjamin Moe	Founder & CEO
0001670254-20-000821	1	Black Momma Tea and Cafe, Inc	Vanessa Braxton	CEO
0001746059-20-000280	1	Rick & Still, LLC	Jarrod Williams	Owner and CoFounder
0001746059-20-000278	1	Cajun Spice, LLC	Lindsey Bradshaw	Owner and Founder
0001788434-20-000003	1	Edly Inc.	Chris Ricciardi	CEO
0001821723-20-000001	1	1821 Drinks Inc	/s/ Melissa Koefod	CEO & Director
0001665160-20-001150	1	BIONICLOGIC INC	Joshua Goldstein	President and CEO, Principal Executive Officer and Director
0001665160-20-001149	1	ZenSpace Inc	Mayank Agrawal	CEO, Principal Executive Officer and Director, Principal Financial Officer and Principal Accounting Officer
0001665160-20-001148	1	microsurgeonbot,inc	Allan Grosvenor	CEO, Principal Executive Officer, Director, Principal Financial Officer and Principal Accounting Officer
0001669191-20-000479	1	Demand Derivatives Corp.	Robert Krause	Principal Executive Officer
0001813083-20-000002	1	Tapa Inc.	/s/ Benjamin Steinberg	CEO & Director
0001670254-20-000819	1	Riding Phat LLC	Derrick J Mains	President
0001665160-20-001147	1	Vestaboard, Inc	Dorrian Porter	CEO, Principal Executive Officer and Director, Principal Financial Officer and Principal Accounting Officer
0001670254-20-000817	1	NJ Teamsters Football Club LLC	Alex Geraldino	PRESIDENT/GM
0001665160-20-001146	1	Trella Technologies LLC	Aja Atwood	CEO, Principal Executive Officer and Manager, Principal Financial Officer and Principal Accounting Officer
0001669191-20-000477	1	Transparent Path spc	Eric Weaver	Principal Executive Officer
0001665160-20-001145	1	Solectrac, Inc.	Stephen Heckeroth	CEO, Principal Executive Officer and Director, Principal Financial Officer and Principal Accounting Officer
0001814779-20-000012	1	AtomicO8 Inc.	/s/ Markus Toffe	Chief Executive Officer
0001666102-20-000025	1	SKYWIDE REAL ESTATE INTERNATIONAL LLC	Tianyuan Gu	Chairman
0001669191-20-000475	1	Zelgor Inc	John Fanning Jr	Principal Executive Officer
0001669191-20-000473	1	PromoShare, Inc.	Ernesto Pedroza	Principal Executive Officer
0001669191-20-000470	1	Atmospheric Water Solutions, LLC	Doug Marcille	Principal Executive Officer
0001751606-20-000005	1	FAVER, INC.	/s/ Brandon Towner	Chief Executive Officer
0001683168-20-003093	1	Bounce Mobile Systems, Inc.	/s/ Marley Roldan	President
0001683168-20-003091	1	Box Entertainment, Inc.	/s/ Samuel Smith	President
0001683168-20-003090	1	Lit IO, Inc.	/s/ Michael Nylif	President
0001776458-20-000003	1	Kazoo LLC	/s/ Peter J. Goodman	Sole Member
0001683168-20-003092	1	PulseWave Energy, Inc.	/s/ Doug DiSanti	President
0001746059-20-000277	1	Grind Cafe & Eatery LLC	Ronald Besse	Owner and Founder
0001814779-20-000010	1	AtomicO8 Inc.	/s/ Markus Toffe	Chief Executive Officer
0001820449-20-000004	1	Morningside PlayCare, Inc.	Gail Foster	CEO
0001803239-20-000002	1	Roostar Restaurant Group LLC	Duy Nguyen	Managing Member
0001824239-20-000001	1	Pit Boss Inc	Wade McSwain	Co-Owner
0001665160-20-001143	1	An Angry Boy Inc.	Andrew Fitzgerald	CEO, Principal Executive Officer and Director, Principal Financial Officer and Principal Accounting Officer
0001823131-20-000004	1	Dare Me, Inc.	Edvard Erken Hoili	CEO
0001670254-20-000816	1	AtYourGate, Inc.	David Henninger	President
0001746059-20-000276	1	La Tia Pepa LLC	Luis Lezama	President
0001670254-20-000814	1	San Diego Film Studios Inc	Alan Edwards	CEO
0001823131-20-000003	1	Dare Me, Inc.	/s/ Edvard Erken Hoili	CEO
0001670254-20-000812	1	Call Assistant, Inc.	Lonnie Wills	CEO
0001722137-20-000006	1	Upshift Inc.	/s/ Ezra Goldman	Chief Executive Officer, President
0001746059-20-000275	1	Amar LLC	Ameth Alzate	Owner and Founder
0001746059-20-000274	1	LaPosta Pizza LLC	Mario LaPosta	Owner and Founder
0001746059-20-000273	1	Mary Celeste, LLC	Michael Achilles	Owner and CoFounder
0001706668-20-000007	1	LifeDNA, Inc	Cyril Moukarzel	CEO
0001815481-20-000002	1	Procurement Foundry, Inc.	Steven Michael Cadieux	Owner/President
0001814684-20-000002	1	Lend Grow Inc.	Nishith Krishna	Chief Executive Officer, Director
0001665160-20-001141	1	GoBQ Grills, Inc.	Todd Zaroban	CEO, Principal Executive Officer and Director, Principal Financial Officer and Principal Accounting Officer
0001768717-20-000006	1	MyApps Corp.	Adnan Malik	CEO
0001670254-20-000811	1	3D Houdini, Inc.	Chris White	President/CEO
0001670254-20-000809	1	Folly Mojave LLC	Hillary Flur	Co-founder
0001816293-20-000002	1	Wind Craft Aviation Inc.	Alexander J. Taylor	Founder/CEO
0001665160-20-001140	1	FUTURE LABS VI, INC.	Massimo Noja De Marco	Chief Executive Officer
0001665160-20-001139	1	Clearwater Distilling Co LLC	Matt Eau Claire	CEO, Principal Executive Officer and Director, Principal Financial Officer and Principal Accounting Officer
0001670254-20-000808	1	Baru Inc.	Tino Go	CEO and Co-founder
0001706668-20-000006	1	LifeDNA, Inc	Cyril Moukarzel	CEO
0001816547-20-000002	1	Buffd, Inc.	Benjamin Goldhaber	CEO, President
0001805273-20-000006	1	Sagelink Inc.	Pranav Sachdev	Chief Executive Officer
0001742162-20-000008	1	Consumer Cooperative Group Inc	Tanen Andrews	Founder/CEO
0001665160-20-001138	1	Phormed Inc	McCoy Moretz	CEO, Principal Executive Officer and Director, Principal Financial Officer and Principal Accounting Officer
0001665160-20-001137	1	Archibald & Wens Inc.	Maxwell Fine	CEO, Principal Executive Officer and Director
0001811508-20-000002	1	popshop, Inc.	/s/ Nathan Franco	CEO and Director
0001670254-20-000805	1	Love Sun Body LLC	Dr. Terry Zickerman	CEO
0001670254-20-000804	1	Smart Tire Recycling, Inc.	Mendel Bassman	CEO and Co-Founder
0001670254-20-000798	1	Inspire Studios, Inc.	Francis Ho	CEO and Producer
0001783532-20-000001	1	Moku Foods Inc.	Matthew Feldman	Chief Executive Officer
0001670254-20-000803	1	VirZOOM, Inc.	Eric Janszen	Co-founder and CEO
0001670254-20-000800	1	The Florida CANE Distillery, INC.	Lee Nelson	Owner
0001814779-20-000007	1	AtomicO8 Inc.	/s/ Markus Toffe	Chief Executive Officer
0001719369-20-000003	1	ALTO SOLUTIONS, INC.	/s/ Eric Satz	CEO, President & Director
0001665160-20-001136	1	GetCharged, Inc.	Andrew Fox	CEO, Principal Executive Officer and Director, Principal Financial Officer and Principal Accounting Officer
0001665160-20-001135	1	VLISO, inc.	David Obasiolu	CEO, Principal Executive Officer and Director, Principal Financial Officer and Principal Accounting Officer
0001670254-20-000797	1	VirZOOM, Inc.	Eric Janszen	Co-founder and CEO
0001751606-20-000002	1	FAVER, INC.	/s/ Brandon Towner	Chief Executive Officer
0001670254-20-000796	1	Rhino Hide, Inc.	Jason Giddings	Founder/CEO
0001743949-20-000005	1	Jar Goods, LLC	Melissa Vitelli	CEO
0001683168-20-003002	1	Box Entertainment, Inc.	/s/ Samuel Smith	President
0001817438-20-000001	1	Raindrop Texting Solutions, Inc	Mike Brown by Sean Fuellhart POA	Partner
0001782185-20-000004	1	Frame Media Inc.	Benjamin Moe	Founder, CEO
0001670254-20-000794	1	Lombardi's Foods, Inc.	Louis Lombardi	Founder and President
0001668287-20-000033	1	Elastico Tequila Grille	Dano Veal	CEO
0001807049-20-000004	1	Humble Shoe Company, Inc.	Tina Bhojwani	Chief Executive Officer
0001746059-20-000272	1	Moon Management, Inc.	Scott Carswell	Owner and Founder
0001668287-20-000032	1	Bum Butt Corp	Mark Hayzon	CEO
0001668287-20-000031	1	Of The North Beverage International Inc.	Ron Stamp	CEO
0001808913-20-000002	1	Renewal Mill, PBC	Claire Schlemme	Chief Executive Officer
0001823131-20-000001	1	Dare Me, Inc.	Edvard Erken Hoili	CEO
0001668287-20-000029	1	ZAMii Clean USA Carpet & Upholstery Cleaning Corp.	Dale Galbraith	CEO
0001668287-20-000028	1	Journify, Inc.	Lamia Pardo	CEO
0001668287-20-000027	1	OmniPad Company, LLC	Neil Epstein	CEO
0001668287-20-000026	1	18th & Fairfax, LLC	Andrew Bennett	CEO
0001668287-20-000025	1	EV Trail LLC	Curtis Claar	CEO
0001668287-20-000024	1	Plugsby, LLC	Jay Bennett	CEO
0001668287-20-000023	1	Palouse Ag-Drone Services LLC	Bill Benson	CEO
0001668287-20-000022	1	English for a Song, Inc.	Josh Harrison	CEO
0001668287-20-000021	1	Michael Ray Galleries	Michael Eamotte	CEO
0001769923-20-000006	1	People First RH, Inc.	Shantanu Rana	CEO and Director
0001668287-20-000020	1	earthdog GP	David Colella	CEO
0001669191-20-000468	1	ecoText, Inc	Joel Nkounkou	Principal Executive Officer
0001818834-20-000002	1	1491 Atlantic Partners, LLC	Scott Choppin	Manager
0001818834-20-000001	1	1491 Atlantic Partners, LLC	Scott Choppin	Manager
0001669191-20-000466	1	Transparent Path spc	Eric Weaver	Principal Executive Officer
0001816430-20-000005	1	Sophie Chang Inc.	Sophie Chang	Owner
0001812337-20-000006	1	B Hill Entertainment, LLC	Brian Hill	Member
0001670254-20-000793	1	Mindcurrent Inc.	Sourabh Kothari	CEO
0001669191-20-000464	1	SampleServe, Inc.	Russell Schindler	Principal Executive Officer
0001807984-20-000005	1	All ebt Foundation	Elijah Calderon Morin	CEO, Director
0001669191-20-000462	1	Monetran, LLC	Don Bielak	Principal Executive Officer
0001815954-20-000002	1	Wink TV, LLC	/s/ Michael Dutcher	CEO & Manager
0001461859-20-000022	1	Renewal Mill, PBC	/s/Claire Schlemme	Chief Executive Officer
0001746059-20-000271	1	Farthest Star, LLC	Todd Bellomy	Owner and Founder
0001670254-20-000792	1	Where's Rose, LLC	Justin Boswick	Producer
0001670254-20-000791	1	Where's Rose, LLC	Justin Boswick	Producer
0001804659-20-000004	1	Gesture US, Inc.	/s/ Benito Labra	CEO & Director
0001822811-20-000001	1	HILOS, INC.	Elias Stahl	CEO
0001669191-20-000460	1	Domestic Brands Inc	Lawrence Charles	Principal Executive Officer
0001683168-20-002926	1	Lit IO, Inc.	/s/ Michael Nylif	President
0001821518-20-000002	1	C P Rocketry INC	Nathan Tahbaz	CEO
0001683168-20-002924	1	Bounce Mobile Systems, Inc.	/s/ Marley Roldan	President
0001669191-20-000458	1	Infinovate LLC	Jason Ozur	Principal Executive Officer
0001683168-20-002921	1	PulseWave Energy, Inc.	/s/ Doug DiSanti	President
0001669191-20-000455	1	Transparent Path spc	Eric Weaver	Principal Executive Officer
0001669191-20-000447	1	SampleServe, Inc.	Russell Schindler	Principal Executive Officer
0001687278-20-000002	1	Vital Leaf, Inc	Christina Sasser	CEO
0001821926-20-000001	1	Common Bond OTG Garden Oaks, LLC	George Joseph	President
0001823015-20-000001	1	Puer Products, Inc.	Eric Sealey by Sean Fuellhart POA	Chief Compliance Officer
0001670254-20-000790	1	Isegoria, Inc	Benjamin Swann	CEO
0001665160-20-001133	1	MF Fire, Inc.	Paul LaPorte	CEO, Principal Executive Officer and Director
0001822878-20-000001	1	Illuminate Labs Inc.	Calloway Cook	CEO, President, and Secretary
0001620704-20-000005	1	MED-X, INC.	Ronald J. Tchorzewski by Sean Fuellhart, POA	CFO
0001665160-20-001131	1	2XL Swagger Brands, INC	Robert J. Tushinsky	CEO, Principal Executive Officer and Director, Principal Financial Officer and Principal Accounting Officer
0001665160-20-001130	1	Hundy, Inc.	Pete Budlong	CEO, Principal Executive Officer and Director, Principal Financial Officer and Principal Accounting Officer
0001669191-20-000444	1	Dome Audio Inc.	Benjamin White	Principal Executive Officer
0001669191-20-000442	1	Impact X Partners , LLC	Frank  Santoni	Principal Executive Officer
0001803239-20-000001	1	Roostar Restaurant Group LLC	Duy Nguyen	Managing Member
0001665160-20-001129	1	NANNOCARE INC	Paul Van Kleef	CEO Principal Executive Officer and Chairman of the Board of Directors
0001670254-20-000785	1	WKRELG, Inc.	William Wollrab	Founder
0001670254-20-000787	1	Quirktastic, Inc.	Bryanda Law	Founder and CEO
0001746059-20-000268	1	DEBELLATION BREWING CO.	David Goodell	CEO
0001670254-20-000788	1	Cassidy Media, Inc.	D.C. Cassidy	Founder/CEO
0001746059-20-000267	1	1487 Brewpub I, LLC	Benjamin King	Owner and Founder
0001746059-20-000266	1	Cartel Ventures LLC	Adam Chamberland	Owner and President
0001746059-20-000265	1	J Carter Ventures LLC	Jason Carter	Owner and Founder
0001746059-20-000264	1	Serafini Releasing LLC	Susanne Bohnet	CEO
0001665160-20-001127	1	Hawaiian Ola Brewing Corporation	Brett Jacobson	CEO, Principal Executive Officer and Director, Principal Financial Officer and Principal Accounting Officer
0001670254-20-000783	1	Artesano Rum Corporation	Jose Muoz	Business Development Officer
0001813705-20-000003	1	Chaco Flaco Drinks LLC	Charles Moore	President
0001665160-20-001125	1	Boku International Inc	Lynn Rolle	CEO, Principal Executive Officer and Director, Principal Financial Officer and Principal Accounting Officer
0001665160-20-001124	1	Rumble Motors, Inc.	Reza Khademi	CEO, Principal Executive Officer and Director, Principal Financial Officer and Principal Accounting Officer
0001665160-20-001123	1	CALIFORNIA TEQUILA, INC.	Richard Gamarra	CEO, Principal Executive Officer and Director, Principal Financial Officer and Principal Accounting Officer
0001665160-20-001122	1	Mamie's Pies, Inc.	Kara Romanik	CEO, Principal Executive Officer and Director, Principal Financial Officer and Principal Accounting Officer
0001687610-20-000005	1	Contiq, Inc.	Arun Lal	CEO, principal executive officer, principal financial officer, controller, board of directors
0001820285-20-000001	1	Kobrelms LLC	Joseph Yuyi	Founder & CEO
0001785021-20-000002	1	Back Porch Homes LLC	Todd Bayer	Managing Member
0001665160-20-001119	1	Capsul Inc.	Tina Cheng	CEO, Principal Executive Officer and Director, Principal Financial Officer and Principal Accounting Officer
0001665160-20-001116	1	COMMUNITYx, Inc.	Chloe Sledd	CEO, Principal Executive Officer and Director, Principal Financial Officer and Principal Accounting Officer
0001670254-20-000781	1	Smart Tire Recycling, Inc.	Mendel Bassman	CEO and Co-Founder
0001669191-20-000440	1	Backers Inc.	Brian Tinney	Principal Executive Officer
0001502880-20-000002	1	Virtual World Computing, LLC	Jeffrey Bermant	CEO
0001670254-20-000777	1	Pendram Inc.	Mary June Makoul	CEO and Co-Founder
0001670254-20-000774	1	AlwaysNear - Villages, Inc.	Tyce Fitzmorris	CEO
0001822801-20-000001	1	KhemoSafe Inc.	Louis M. Soto by Sean Fuellhart POA	CEO
0001670254-20-000779	1	Real & Open Corporation d/b/a Tiro	Elliott Goodman	Co-founder
0001670254-20-000772	1	LifeHouseNow, LLC	Bobby Borisov	CEO
0001817193-20-000002	1	Merati Homes, LLC	/s/ Kadi Correia	Director
0001821550-20-000001	1	Hermesus Investments Inc.	Colin Breeze	President
0001689396-20-000004	1	Insense Ads, Inc	/s/ Danil Saliukov	CEO & Director
0001669191-20-000438	1	Forever Young Technologies, INC	Juan  Young	Principal Executive Officer
0001670254-20-000769	1	Athleta-Ed, Inc.	Hany Syed	Co-Founder and Chief Executive Officer
0001665160-20-001114	1	SoloQi Corp	Solo Avital	CEO, Principal Executive Officer and Director, Principal Financial Officer and Principal Accounting Officer
0001669191-20-000435	1	Forever Young Technologies, INC	Juan  Young	Principal Executive Officer
0001665160-20-001113	1	Flower Turbines, Inc.	Mark Daniel Farb	CEO, Principal Executive Officer and Director, Principal Financial Officer and Principal Accounting Officer
0001790166-20-000014	1	Compound Projects, LLC	Janine Yorio	Chief Executive Officer
0001790166-20-000013	1	Compound Projects, LLC	Janine Yorio	Chief Executive Officer
0001746059-20-000262	1	Nexus Brewery, LLC	Kenneth Carson Jr	Owner and Founder
0001670254-20-000767	1	Rhino Hide, Inc.	Jason Giddings	Founder/CEO
0001670254-20-000764	1	SPORTBLX/PJ WASHINGTON INC.	Paul Washington	CEO
0001822064-20-000002	1	Social Coffee BR LLC	Dillon Farrell	Owner
0001784785-20-000003	1	BTG Operations, LLC	Randall C. Huntsinger	Chief Executive Officer
0001665160-20-001108	1	SoloQi Corp	Solo Avital	CEO, Principal Executive Officer and Director, Principal Financial Officer and Principal Accounting Officer
0001822543-20-000001	1	Tenacity Holdings, LLC	Tessa Kennedy	President/Chief Manager
0001665160-20-001105	1	Zeehaus Inc.	Justin Lee	CEO, Principal Executive Officer and Director, Principal Financial Officer and Principal Accounting Officer
0001665160-20-001104	1	Fantasy Network Corp	Ronald B Newcomb	CEO, Principal Executive Officer and Director
0001665160-20-001103	1	Reset IV, Inc.	Daniel Rubenstein	CEO, Principal Executive Officer and Director
0001669191-20-000432	1	ChipBrain LLC	Lisa Vo	Principal Executive Officer
0001665160-20-001102	1	Life Imaging Fla, Inc.	J. Thomas Graham	CEO, Principal Executive Officer and Director, Principal Financial Officer and Principal Accounting Officer
0001665160-20-001101	1	Locking Line Barriers Corp	Joseph Daniluk	CEO, Principal Executive Officer and Director, Principal Financial Officer, Secretary, and Principal Accounting Officer
0001746059-20-000260	1	AMERICAN STONECRAFT, INC.	Gerald Croteau	Owner and Founder
0001665160-20-001100	1	Clear Genius Inc.	Harry R. Kraatz	CEO, Principal Executive Officer and Director
0001665160-20-001099	1	Hawaiian Ola Brewing Corp	Naehalani Breeland	Marketing Director
0001669191-20-000429	1	AllTheBelts LLC	Timothy Childs	Principal Executive Officer
0001669191-20-000427	1	FinTron, LLC	Wilder  Rumpf	Principal Executive Officer
0001790166-20-000012	1	Compound Projects, LLC	Janine Yorio	Chief Executive Officer
0001821201-20-000001	1	Bloomi, Inc.	/s/ Rebecca Story	CEO & Director
0001790166-20-000011	1	Compound Projects, LLC	Janine Yorio	Chief Executive Officer
0001790166-20-000010	1	Compound Projects, LLC	Janine Yorio	Chief Executive Officer
0001746059-20-000259	1	LOCHIEL BREWING LLC	Ian Cameron	Owner and Founder
0001665160-20-001098	1	Fluz App Inc.	Maurice Harary	CEO, Principal Executive Officer and Director, Principal Financial Officer and Principal Accounting Officer
0001670254-20-000762	1	Hobart Mayfield Inc.	Justin Summerville	CEO
0001780439-20-000054	1	OZFund, Inc.	Jeremy Phillips-Feakins	Founder and CEO
0001817571-20-000005	1	COI Energy Services, Inc.	/s/ SaLisa Berrien	CEO & Director
0001817571-20-000004	1	COI Energy Services, Inc.	/s/ SaLisa Berrien	CEO & Director
0001814779-20-000006	1	AtomicO8 Inc.	/s/ Markus Toffe	Chief Executive Officer
0001104659-20-098409	1	Quadrant Biosciences Inc.	/s/ Richard Uhlig	CEO and Chairman
0001665160-20-001096	1	Baqua Inc.	Sandra W. Marlowe	Chief Executive officer and Chairman of the Executive Board, Principal Financial Officer and Principal Accounting Officer.
0001615727-20-000002	1	2124 Brewing Co LLC	Ryan Bove	President
0001665160-20-001095	1	Hitch Hotel Inc.	Geoff Patterson	CEO, Principal Executive Officer and Director, Principal Financial Officer and Principle Accounting Officer
0001665160-20-001094	1	Franny's Manufacturing Inc	Jeff Tacy	CEO, Principal Executive Officer and Director, Principal Financial Officer and Principal Accounting Officer
0001665160-20-001093	1	Kebapolis LLC	Grayson M. Laird	CEO, Principal Executive Officer and Director, Principal Financial Officer and Principal Accounting Officer
0001665160-20-001092	1	XTI Aircraft Co	Robert LaBelle	CEO, Principal Executive Officer and Director
0001665160-20-001090	1	Thalia Brands, Inc.	Chris Bradley	CEO, Principal Executive Officer and Director, Principal Financial Officer and Principal Accounting Officer
0001670254-20-000761	1	JogAlong Stroller LLC	Michael J. Dresher	Founder and CEO, JogAlong Stroller LLC
0001665160-20-001089	1	Liberty PlugIns, Inc.	Chris Outwater	CEO, Principal Executive Officer and Director
0001665160-20-001088	1	El Tinieblo International, Inc.	Brian Gale	CEO, Principal Executive Officer and Director
0001670254-20-000760	1	Vansanity, Inc.	Ignacio Fanlo	Founder
0001665160-20-001087	1	Prime Lightworks Inc.	Kyle Flanagan	CEO, Principal Executive Officer and Director, Principal Financial Officer and Principal Accounting Officer
0001746059-20-000257	1	Fenwick Farms Brewing Co, LLC	Kenneth VanHouten	Owner and CoFounder
0001746059-20-000256	1	Tiny Restaurant Group LLC	Adam Willoughby	Owner and Founder
0001669191-20-000425	1	Shockwave Motors, Inc.	John McMillian	Principal Executive Officer
0001814779-20-000003	1	Atomic 08 Inc.	/s/ Marcus Toffe	Chief Executive Officer
0001805637-20-000004	1	SOLACE CREMATION, INC.	Keith Crawford	CEO/Co-Founder
0001816601-20-000005	1	Creative 3D Technologies, Inc.	Ethan Baehrend	Founder & CEO
0001445866-20-001275	1	SmartSoda Holdings, Inc.	/s/ Lior Shafir	Chief Executive Officer
0001746271-20-000001	1	Stepstone Art Resources, LLC	Brendan Burns	Managing Partner
0001817190-20-000003	1	Livewell Assisted Living, Inc	Justin Beckett by Sean Fuellhart POA	CEO
0001665160-20-001086	1	Dan Clark Audio, Inc	Dan Clark	CEO, Principal Executive Officer and Director, Principal Financial Officer and Principal Accounting Officer
0001817203-20-000002	1	Virtudes Labs Inc.	Farnoush Zargaran by Sean Fuellhart POA	Operating Director
0001805526-20-000003	1	Janover Ventures LLC	/s/ Blake Janover	President of Blake Elliot Inc., Manager
0001665160-20-001085	1	Pacific Integrated Energy, Inc.	Phil Layton	CEO, Principal Executive Officer and Director, Principal Financial Officer and Principal Accounting Officer
0001665160-20-001082	1	Solectrac, Inc.	Stephen Heckeroth	CEO, Principal Executive Officer and Director, Principal Financial Officer and Principal Accounting Officer
0001669191-20-000423	1	PromoShare, Inc.	Ernesto Pedroza	Principal Executive Officer
0001669191-20-000421	1	ClickStream Corp	Frank Magliochetti	Principal Executive Officer
0001822064-20-000001	1	2124 Brewing Co LLC	Ryan Bove	President/CEO
0001445866-20-001267	1	SmartSoda Holdings, Inc.	/s/ Lior Shafir	Chief Executive Officer
0001670254-20-000758	1	UrgentEMS, INC	Matthew Lottinger	UrgentEMS, INC
0001751606-20-000001	1	FAVER, INC.	/s/ Brandon Towner	Chief Executive Officer
0001670254-20-000756	1	Phat Scooters, Inc.	Derrick J Mains	President
0001817637-20-000002	1	Ionica Sciences	Omar Green	Co-founder & Chief Executive Officer
0001665160-20-001079	1	Sol Boards, Inc.	John Wildman	CEO, Principal Executive Officer and Director, Principal Financial Officer and Principal Accounting Officer
0001665160-20-001077	1	No H2O USA Inc	Emmet O'Brien	CEO, Principal Executive Officer and Director, Principal Financial Officer and Principal Accounting Officer
0001669191-20-000419	1	Clickstream Corp.	Frank  Magliochetti	Principal Executive Officer
0001670254-20-000754	1	Harmony Turbines Inc	Christopher Moore	Owner / CEO
0001665160-20-001076	1	Carnot Compression Inc.	Todd Thompson	CEO, Principal Executive Officer and Director, Principal Financial Officer and Principal Accounting Officer
0001744851-20-000003	1	Rhino Hide LLC	Jason Myron Giddings	CEO
0001670254-20-000752	1	Unitonomy Inc.	Charley Miller	Founder and CEO
0001808208-20-000001	1	Furry Fortune The Movie, LLC	Brad Wilson	Principal Executive Officer, Principal Financial Officer, Principal Accounting Officer and sole manager
0001665160-20-001070	1	Signature Athletics, Inc.	Dan Soviero	CEO, Principal Executive Officer and Director, Principal Financial Officer and Principal Accounting Officer
0001670254-20-000751	1	Annestes Thoroughbreds Inc	John Hall	CEO Adara Asset Management ( Board Member)
0001670254-20-000748	1	JJ Pfister Distilling Company LLC	Kevin Keck	President
0001670254-20-000746	1	Curtiss Motorcycle Company, Inc.	Jay Etheridge	CFO
0001670254-20-000745	1	Bao Bros., LLC	Christopher G. Garcia Jr.	CEO
0001706668-20-000004	1	LifeDNA, Inc	Cyril Moukarzel	CEO
0001665160-20-001067	1	xCraft Enterprises, Inc.	JD Claridge	CEO, Principal Executive Officer and Director, Principal Financial Officer and Principal Accounting Officer
0001665160-20-001064	1	Archibald and Wens Inc.	Maxwell Fine	CEO, Principal Executive Officer and Director
0001665160-20-001062	1	Open Box Buy Corporation	Open Box Buy Corporation	CEO, Principal Executive Officer and Director, Principal Financial Officer and Principal Accounting Officer
0001820449-20-000003	1	Morningside PlayCare, Inc.	Gail Foster	CEO
0001821934-20-000001	1	Stay Pittsburgh LLC	Zachary Patton	Owner
0001746059-20-000255	1	Fiesta Rentals LLC	Jossemar Tejada	Owner and Founder
0001821120-20-000001	1	Temple I, LLC	Philip Michael	CEO of NYCE Companies, Inc. (the Manager)
0001670254-20-000744	1	Makeba, Inc	Yamandou Alexander	CEO
0001670254-20-000743	1	Thing Daemon, Inc.	Greg Spillane	CEO
0001670254-20-000742	1	nedl.com Inc.	Ayinde Alakoye	Founder, CEO
0001793344-20-000015	1	Vivosens Inc.	Miray Tayfun	CEO
0001670254-20-000741	1	Quorum X Diagnostics Inc.	Maria Nagy	CEO
0001669191-20-000415	1	BBQ IN THE PARK, INC.	Blaine Patterson	Principal Executive Officer
0001665160-20-001060	1	ONE ROQ Spirits LLC	J.  Garrett Green	CEO, Principal Executive Officer and Director, Principal Financial Officer and Principal Accounting Officer
0001670254-20-000738	1	Groomit Inc.	Sohel Kapadia	CEO
0001665160-20-001058	1	ONE ROQ Spirits LLC	J. Garrett Green	CEO, Principal Executive Officer and Director, Principal Financial Officer and Principal Accounting Officer
0001666102-20-000024	1	SKYWIDE REAL ESTATE INTERNATIONAL LLC	Jenna Anderson	CEO
0001746059-20-000254	1	Coolship.IO, LLC	Benjamin Holmes	Owner and Founder
0001817190-20-000002	1	Livewell Assisted Living, Inc	Justin Beckett by Sean Fuellhart POA	CEO
0001665160-20-001056	1	Airgility, inc.	Pramod Raheja	CEO, Principal Executive Officer and Director, Principal Financial Officer and Principal Accounting Officer
0001818758-20-000001	1	Ace Care Pharmacy Management and Consulting, Inc.	Wenbo Liu	CEO
0001746059-20-000253	1	Chowderquake, LLC	Carl Lavin	Owner and Founder
0001669191-20-000411	1	IoTeedom Inc.	Brianna Cook	Principal Executive Officer
0001665160-20-001055	1	YouSolar, Inc.	Arnold Leitner	President, Principal Executive Officer and Director, Principal Financial Officer and Principal Accounting Officer
0001816075-20-000004	1	Leaping Harts, Inc.	Evan Leaphart	CEO
0001809918-20-000003	1	SC&C Inc.	Sherree Goldstein	Owner
0001818964-20-000003	1	G-Cloud Ltd	Lynda Chervil by Sean Fuellhart POA	CEO
0001670254-20-000737	1	LiteraSeed, LLC	Aziza Ismail	Founder/CEO
0001780439-20-000052	1	OZFund, Inc.	Jeremy Phillips-Feakins	Founder and CEO
0001815611-20-000004	1	CodeCombat Inc.	Nicholas Winter	CEO
0001669191-20-000408	1	Acquire Skills and Knowledge Education Inc.	Ruth Nemire	Principal Executive Officer
0001665160-20-001054	1	SurelyWell, Inc.	Asher Genoot	CEO, Principal Executive Officer and Director, Principal Financial Officer and Principal Accounting Officer
0001669191-20-000406	1	Deuce Drone LLC	Rhett Ross	Principal Executive Officer
0001665160-20-001052	1	Learnt Corporation	Andrew Nimmich	CEO, Principal Executive Officer and Director, Principal Financial Officer and Principal Accounting Officer
0001780439-20-000051	1	HPEC, Inc.	Leah Christine Houston	Chief Executive Officer
0001780439-20-000050	1	OZFund, Inc.	Jeremy Phillips-Feakins	Founder and CEO
0001746059-20-000251	1	Seven Sisters Brewery LLC	Dale Clark	Owner and CoFounder
0001780439-20-000049	1	OZFund, Inc.	Jeremy Phillips-Feakins	Founder and CEO
0001665160-20-001050	1	Aquipor Technologies, Inc.	Greg Johnson	CEO, President, Principal Executive Officer and Director, Principal Financial Officer and Principal Accounting Officer
0001634025-20-000005	1	PittMoss LLC	Brian Scott	CEO & Director
0001746059-20-000250	1	GHOSTFACE BREWING LLC	Michael Cuddy	Owner and CoFounder
0001746059-20-000249	1	Daleview LLC	Christopher Gandsy	Owner and Founder
0001780439-20-000048	1	Love The Network, Inc.	Lauren Elizabeth Gamache	CEO
0001669191-20-000404	1	Neurotez Inc.	Nikolaos Tezapsidis	Principal Executive Officer
0001746059-20-000248	1	Lyric on Location LLC	Ryan Braun	Owner and Founder
0001746059-20-000247	1	Love Conquers All Salon & Spa, LLC	Donnette Lyttle	Owner and Founder
0001746059-20-000246	1	Smokey Vale LLC	Paul Howlett	Owner and Founder
0001746059-20-000245	1	Sustainability CPE Inc.	William Burt Hamner	Owner and Founder
0001746059-20-000244	1	Comala LLC	Sofia Cerda Comparo	Owner and Founder
0001805056-20-000003	1	NanoVMs, Inc.	Ian Eyberg	CEO
0001746059-20-000242	1	Penokee Skiing Group LLC	David Dziuban	Owner and Manager
0001747584-20-000004	1	National Energy Improvement Fund, LLC	Peter Krajsa	Managing Member
0001747584-20-000003	1	National Energy Improvement Fund, LLC	Peter Krajsa	Managing Member
0001644600-20-000018	1	MF Fire, Inc.	Paul LaPorte	CEO
0001670254-20-000735	1	Ad Fontes Media, Inc.	Vanessa Otero	Founder and CEO
0001816536-20-000001	1	IPD Products, Inc.	Howard Nelson	President, CEO
0001670254-20-000733	1	Swift Rails, Inc.	Daryl Anderson	CFO
0001796295-20-000004	1	Nuu Rez Inc	Noelle Randall by Sean Fuellhart POA	CEO
0001670254-20-000731	1	PharmD Live Corporation	Cynthia Chioma NWAUBANI	Chief Executive Officer
0001665160-20-001048	1	Eli Electric Vehicles, Inc.	Binhan Li	CEO, Principal Executive Officer and Director, Principal Financial Officer and Principal Accounting Officer
0001816346-20-000002	1	KarSavior Inc.	Christiaan Best	Chief Executive Office, Chief Financial Officer, Secretary
0001665160-20-001046	1	SanMelix Laboratories, Inc	Diana Sabacinski	CEO, Principal Executive Officer and Director, Principal Financial Officer and Principal Accounting Officer
0001665160-20-001045	1	Angry Boy Inc.	Andrew Fitzgerald	CEO, Principal Executive Officer and Director, Principal Financial Officer and Principal Accounting Officer
0001670254-20-000729	1	HealtheMed, Inc.	Thomas Spencer	President and CEO
0001670254-20-000727	1	Moonshot Junior, Inc	Alok Jain	Co-founder, CEO
0001670254-20-000725	1	Kidd & Truvillion-Kemp Inc	Alicia Kidd	Co-Founder
0001817589-20-000006	1	Scuti.AI LLC	Nicholas Longano	CEO
0001665160-20-001044	1	Real McCoy Tea Company	Chris McCoy	CEO, Principal Executive Officer and Director
0001670254-20-000724	1	Amnion Life LLC	Amir Fassihi	Founder and CEO
0001665160-20-001042	1	IX Power Clean Water, Inc.	John R. (Grizz) Deal	CEO, Principal Executive Officer and Director
0001819833-20-000003	1	Cookie Department, Inc.	Akiva Resnikoff	Chief Executive Officer
0001819833-20-000002	1	Uji Time Cafe Group	Suet Ying Ku	Chief Executive Officer
0001670254-20-000723	1	DME Innovations, Inc	Craig Misrach	President & Board Member
0001749594-20-000003	1	Asarasi, Inc.	Adam North Lazar	Chief Executive Officer
0001669191-20-000402	1	Zelgor Inc	John Fanning Jr	Principal Executive Officer
0001716906-20-000008	1	Martell Broadcasting Systems, Inc.	Carey Ray Martell	President, CEO, Secretary and Chairman of the Board
0001746059-20-000240	1	Moon Management, Inc.	Scott Carswell	Owner and Founder
0001665160-20-001041	1	Signature Athletics, Inc.	Dan Soviero	CEO, Principal Executive Officer and Director, Principal Financial Officer and Principal Accounting Officer
0001665160-20-001039	1	Signature Athletics, Inc.	Dan Soviero	CEO, Principal Executive Officer and Director, Principal Financial Officer and Principal Accounting Officer
0001716906-20-000007	1	Martell Broadcasting Systems, Inc.	Carey Ray Martell	President, CEO, Secretary and Chairman of the Board
0001746059-20-000239	1	Mary Celeste, LLC	Micahel Achilles	Owner and CoFounder
0001809918-20-000002	1	SC&C Inc.	Sherree Goldstein	Owner
0001817589-20-000003	1	Scuti.AI LLC	Nicholas Longano	CEO
0001670254-20-000722	1	Calyx Cultivation Tech. Corp.	John C Higgins	President/CEO
0001213900-20-021386	1	WESTRIDGE CAPITAL, LLC	/s/ William R. Johnson	President, CEO, Secretary and Treasurer
0001665160-20-001037	1	R3 Printing, Inc.	Paul Sieradzki	Director; Treasurer; Head of Product; Chief Executive Officer; President of R3 Printing, Inc.
0001670254-20-000721	1	Brightest, Inc.	Chris Bolman	Chief Executive Officer
0001670254-20-000720	1	Av Consortium LLC	Osman Fatih Aysu	Founder / CEO
0001670254-20-000719	1	Kingmakers Ops LLC	Deven Soni	Co-Founder
0001799689-20-000005	1	Neighbor, Inc.	Carl Turner	President
0001816603-20-000002	1	Rector Street Food Enterprises Ltd	William Koulmentas	President
0001787138-20-000004	1	Backyard Soda Co, Inc.	/s/ Jonathan Schultz	CEO & Director
0001787138-20-000003	1	Backyard Soda Co, Inc.	/s/ Jonathan Schultz	CEO & Director
0001665160-20-001036	1	Thalia Brands, Inc.	Chris Bradley	CEO, Principal Executive Officer and Director, Principal Financial Officer and Principal Accounting Officer
0001533849-20-000005	1	Oscilla Power Inc.	Balakrishnan Nair	President
0001768717-20-000005	1	MyApps Corp.	/s/ Adnan Malik	CEO, Director
0001665160-20-001034	1	Thalia Brands, Inc.	Chris Bradley	CEO, Principal Executive Officer and Director, Principal Financial Officer and Principal Accounting Officer
0001665160-20-001032	1	Noble Naturals	David Allred	CEO, Principal Executive Officer and Director, Principal Financial Officer and Principal Accounting Officer
0001669191-20-000400	1	Avail Productivity Systems, Inc., d/b/a SNAPSHYFT	Thor Wood	Principal Executive Officer
0001666102-20-000023	1	SKYWIDE REAL ESTATE INTERNATIONAL LLC	JennaAnderson	CEO
0001670254-20-000717	1	Critical Mass Applications LLC	Rachel Abady	Co-Founder, CMO
0001670254-20-000715	1	Bao Bros., LLC	Christopher G. Garcia Jr.	CEO
0001716906-20-000005	1	Martell Broadcasting Systems, Inc.	Carey Ray Martell	President, CEO, Secretary and Chairman of the Board
0001650200-20-000007	1	ALPHAFLOW, INC.	/s/ Ray Sturm	CEO & Director
0001812932-20-000003	1	Unikorn Inc.	Srivatsava Gorthy	Founder and CEO
0001670254-20-000713	1	KOKORO Spirits, Inc.	Howard Cao	Founder & Interim CEO
0001104659-20-091628	1	Legion M Entertainment, Inc.	/s/ Paul Scanlan	Co-Founder, Chief Executive Officer, Chief Financial Officer and Treasurer
0001670254-20-000712	1	Parlay, Inc.	Don Mastrangelo	Founder | CEO
0001670254-20-000710	1	SapientX Inc.	David Colleen	Founder, CEO, Chairman of the Board
0001802024-20-000003	1	PUFFCUFF LLC	Garrett D. Lash	Manager and Chief Executive Officer
0001670254-20-000709	1	AtYourGate, Inc.	David Henninger	President
0001705954-20-000001	1	madeBOS, Inc.	Martha Hernandez	CEO
0001746059-20-000238	1	I EAZE EATS - EXPRESS WRAPS & SMOOTHIES	Christian Cameron-Haskins	Owner and Founder
0001794611-20-000005	1	Zephyr Aerospace, L.L.C.	/s/ Jeffrey O'Neill	Sole Member
0001746059-20-000237	1	WRAP-A-LOTS LLC	Christian Cameron-Haskins	CEO
0001780439-20-000047	1	CarStart, Inc.	Kyle Jameson Patton	Chief Executive Officer
0001743098-20-000004	1	TruckBux LLC	Nick Nanakos	CEO
0001780439-20-000046	1	CarStart, Inc.	Kyle Jameson Patton	Chief Executive Officer
0001746059-20-000236	1	Ultimate Protector House of Champions Martial Arts Academy Inc	Joe Dubose	Owner and Founder
0001820101-20-000001	1	Urban Homesteaders LLC	Gregory Boulos	Vice President
0001811855-20-000007	1	goDeskless Inc.	Ashish Joshi	CEO
0001811697-20-000024	1	ChipMonk Inc.	David Downing	CEO
0001670254-20-000708	1	Solstar Space Company	M. Brian Barnett	Founder & CEO
0001665160-20-001029	1	MojiLala, Inc.	Dana Loberg	CEO, Principal Executive Officer and Director, Principal Financial Officer and Principal Accounting Officer
0001746059-20-000235	1	Soturi Fitness & Nutrition LLC	Yu Ling Mark Davis	Owner and Founder
0001665160-20-001027	1	Macro Snacks Inc.	Justin Wiesehan	CEO, Principal Executive Officer and Director, Principal Financial Officer and Principal Accounting Officer
0001811504-20-000001	1	Tomo Technologies, Inc.	/s/ Joseph Blanch	CEO & Director
0001669191-20-000398	1	Jinglz, Inc.	David Markowski	Principal Executive Officer
0001670254-20-000707	1	Savannah Sauce Company, Inc.	Michael Roberson	VP, New Business Development
0001670254-20-000705	1	Boxabl Inc.	Galiano Tiramani	Business development
0001670254-20-000704	1	Boxabl Inc.	Galiano Tiramani	Business development
0001104659-20-090333	1	Legion M Entertainment, Inc.	/s/ Paul Scanlan	Co-Founder, Chief Executive Officer, Chief Financial Officer and Treasurer
0001665160-20-001023	1	ALFADAN INC.	Alberto Francisco Araujo	CEO,Principal Executive Officer and Director, Principal Financial Officer and Principal Accounting Officer
0001700868-20-000005	1	Lulabop, Inc.	Mina Yoo	CEO, Founder, principal executive officer, principal financial officer, controller, director
0001665160-20-001022	1	An Angry Boy Inc.	Andrew Fitzgerald	CEO, Principal Executive Officer and Director, Principal Financial Officer and Principal Accounting Officer
0001670254-20-000701	1	Trieu Technologies, Inc	Pollis Robertson	Founder and CEO
0001670254-20-000702	1	Do Only Good Certified Pet Nutrition, LLC	Rick Pack	CEO/ Founder
0001670254-20-000703	1	Latett, Inc.	Jeffrey T. Medford	Founder/CEO
0001670254-20-000700	1	Rad Technologies Inc.	Jeremy Barnett	CEO & Founder
0001746059-20-000234	1	PORTICO BREWING Co LLC	Alex Zielke	Owner and CoFounder
0001816293-20-000001	1	Wind Craft Aviation Inc.	Alexander J. Taylor	Founder/CEO
0001670254-20-000698	1	ThisWay Global LLC	Angela Hood	Founder/CEO
0001796599-20-000002	1	Kind Collection inc	Jewel Zimmer	CEO
0001816036-20-000005	1	Squash the Beef LLC	Candace Maiden	Co-Owner
0001665160-20-001020	1	Alelo Inc.	W. Lewis Johnson	President, CEO, Chief Financial Officer, and Chairman of the Board
0001738026-20-000004	1	Reflex Red Storm, LLC	Joe Anderson	Manager/Chief Executive Officer
0001785115-20-000002	1	Boring Life Inc	Serafina Palandech	CEO, Director
0001816601-20-000004	1	Creative 3D Technologies, Inc.	Ethan Baehrend	Founder & CEO
0001807742-20-000004	1	CricClubs Inc	Visweswara Kottapalli	Director, President
0001816601-20-000003	1	Creative 3D Technologies, Inc.	Ethan Baehrend	Founder & CEO
0001669191-20-000396	1	MILLENNIAL FERTILITY CO. LLC	Philip Bock	Principal Executive Officer
0001670254-20-000694	1	Latett, Inc.	Jeffrey T. Medford	Founder/CEO
0001799689-20-000004	1	Neighbor, Inc.	Carl Turner	President
0001743098-20-000003	1	TruckBux LLC	Nick Nanakos	Founder & CEO
0001819920-20-000001	1	8 Myles LLC	Myles Powell	President
0001670254-20-000691	1	FuelGems Inc.	Kirill Gichunts	CEO
0001670254-20-000696	1	LockedBrands, LLC	Justin Monger	Founder and CEO
0001670254-20-000689	1	Moon of tribe LLC	Ammar Dieri	Screen Writer/Creator/Actor/Producer/Director
0001812932-20-000002	1	Unikorn Inc.	Srivatsava Gorthy	Founder and CEO
0001746059-20-000233	1	Naturel Juicing, LLC	Nagelore Jean-Caidor	Owner and Founder
0001793344-20-000014	1	Vivosens Inc.	Miray Tayfun	CEO
0001765252-20-000004	1	QWIKLEAF LLC	Neil Biafore	CEO
0001665160-20-001018	1	vRotors, Inc.	Sunil Malhotra	CEO, Principal Executive Officer and Director, Principal Financial Officer and Principal Accounting Officer
0001767242-20-000002	1	Mighty Self Co.	David Rothenberg	Chairman, COO
0001746059-20-000232	1	PORTICO BREWING Co LLC	Alex Zielke	Owner and CoFounder
0001665160-20-001017	1	Ryca Motors, Inc.	Casey Stevenson	CEO, Principal Executive Officer and Director, Principal Financial Officer and Principal Accounting Officer
0001665160-20-001016	1	Liberty PlugIns, Inc.	Chris Outwater	CEO, Principal Executive Officer and Director
0001620704-20-000004	1	MED-X, INC.	Ronald J. Tchorzewski by Sean Fuellhart, POA	CFO
0001746059-20-000230	1	Grind Cafe & Eatery LLC	Ronald Besse	Owner and Founder
0001670254-20-000687	1	MetaQub Interactive, Inc.	Marcus Howard	CEO
0001670254-20-000685	1	Boaz Bike LLC	Emil I NNANI	CEO
0001665160-20-001012	1	Comsero, Inc.	Anthony Franco	CEO, Principal Executive Officer and Director, Principal Financial Officer and Principal Accounting Officer
0001742131-20-000003	1	Engiven, Inc.	James Lawrence	Issuer, principal executive officer, principal financial officer, principal accounting officer and Director
0001670254-20-000681	1	Allthenticate, Inc.	Chad Spensky	Founder and CEO
0001793344-20-000013	1	Vivosens Inc.	Miray Tayfun	CEO
0001670254-20-000680	1	Charlala LLC	Christopher Hammer	Founder & CEO
0001665160-20-001010	1	VegasWINNERS Inc.	Wayne Allyn Root	CEO, Principal Executive Officer and Director, Principal Financial Officer and Principal Accounting Officer
0001670254-20-000679	1	ReGrained Inc	Dan Kurzrock	CEO & Co-Founder
0001665160-20-001009	1	Ryca International, Inc.	Ryan Schwartz	CEO, Principal Executive Officer and Director
0001665160-20-001008	1	Furry Fortune The Movie, LLC	Brad Wilson	CEO, Principal Executive Officer and Manager, Principal Financial Officer and Principal Accounting Officer
0001808830-20-000009	1	Snowball Finance, Inc.	Parul Gujral	CEO
0001816011-20-000001	1	Levered Learning, Inc.	Mitchell Slater	Chief Executive Officer
0001746059-20-000228	1	Bugs Beachin Shaved Ice LLC	Dakotah-Rae Mick	Owner and Founder
0001669191-20-000394	1	Puro Trader, Inc dba Yahyn	Joshua  Leavitt	Principal Executive Officer
0001746059-20-000226	1	2 PIECES OF BREAD LLC	Brandon Johnson	Owner and Founder
0001670254-20-000676	1	Bighorn Design Studio, LLC	Paul Treide	Owner/Founder
0001670254-20-000671	1	Fetch! Gourmet Dog Treats, LLC	Jackie Lovern	President
0001670254-20-000673	1	DCFC Holdings, LLC	Todd Kropp	COO/Board of Managers
0001670254-20-000670	1	Immersed Inc.	Renji Bijoy	Founder & CEO/CTO
0001802024-20-000002	1	PUFFCUFF LLC	Garrett D. Lash	Manager and Chief Executive Officer
0001670254-20-000675	1	DCFC Holdings, LLC	Todd Kropp	COO/Board of Managers
0001665160-20-001007	1	BioCurity Pharmaceuticals Inc.	MerchantCass Advisors, LLC Nancy Cass	Principal Executive Officer
0001719977-20-000005	1	FanFood, Inc.	Carson Goodale	CEO
0001665160-20-001005	1	Comsero, Inc.	Anthony Franco	CEO, Principal Executive Officer and Director, Principal Financial Officer and Principal Accounting Officer
0001665160-20-001003	1	Fluz App Inc	Maurice Harary	CEO, Principal Executive Officer and Director, Principal Financial Officer and Principal Accounting Officer
0001665160-20-001001	1	Sun Brothers, LLC	Emerson Carnavale	CEO, Principal Executive Officer and Director
0001746059-20-000225	1	East End Lights, LLC	Joseph Darrigo	Owner and Founder
0001719977-20-000003	1	FanFood, Inc.	Carson Goodale	CEO / Cofounder
0001743601-20-000002	1	Building Economic Advancement Network Corp	Darren V. Walker	CEO
0001669191-20-000391	1	ecoText, Inc	Joel Nkounkou	Principal Executive Officer
0001719977-20-000001	1	FanFood, Inc.	Carson Goodale	CEO / Cofounder
0001669191-20-000389	1	We Are Kula, LLC	Shawn Rudnick	Principal Executive Officer
0001665160-20-000997	1	Learnt Corporation	Andrew Nimmich	CEO, Principal Executive Officer and Director, Principal Financial Officer and Principal Accounting Officer
0001665160-20-000995	1	AquiPor Technologies, Inc.	Greg Johnson	CEO, President, Principal Executive Officer and Director, Principal Financial Officer and Principal Accounting Officer
0001805637-20-000003	1	SOLACE CREMATION, INC.	Keith Crawford	CEO/Co-Founder
0001812071-20-000002	1	Ollie Gray, LLC	Katherine Rech	Founder
0001670254-20-000669	1	Radix Motion Inc	Sarah (Sarit) Hashkes	CEO
0001746059-20-000224	1	Chivanada, LLC	Daniel Yarzagaray	Owner and CoFounder
0001746059-20-000223	1	Mizen Funeral Home & Cremation Services LLC	Aaron Mizen	Owner and Founder
0001746059-20-000222	1	SAIL TO TRAIL LLC	Christopher Simpson	Owner and Manager
0001794222-20-000001	1	New World Savings, Inc.	Scott Armstrong	CEO and President
0001818964-20-000002	1	G-Cloud Ltd	Lynda Chervil by Sean Fuellhart POA	CEO
0001774046-20-000003	1	Book & Main, Inc.	/Tracey Suppo/	CEO, President, Director
0001669191-20-000387	1	Watch Party LLC	Chelinde Edouard	Principal Executive Officer
0001817805-20-000002	1	Heavenly Chicken & Waffles, LLC	Aaron Sanders Jr	President
0001811855-20-000005	1	goDeskless Inc.	Ashish Joshi	CEO
0001683168-20-002394	1	LiquidPiston, Inc.	Alexander Shkolnik	CEO
0001805103-20-000011	1	Craft on Draught LLC	Declan Hogan	CEO
0001665160-20-000991	1	Atmos Home Inc.	Mark Lyle	CEO, Principal Executive Officer and Director, Principal Financial Officer and Principal Accounting Officer
0001805103-20-000010	1	UnBar Cafe Inc	Melissa Garrett	Owner
0001805103-20-000009	1	Minus G LLC	Katherine Krage	Owner
0001805103-20-000008	1	Skidmark Garage LLC	Brian Schaffran	Owner
0001805103-20-000007	1	StarkFresh	Thomas Philips	Executive Director
0001805103-20-000006	1	Common Oven LLC	Ian Herrington	Owner
0001805103-20-000005	1	Strong II Dry Cleaners LLC	Justin Strong	Owner
0001805103-20-000004	1	Hilltop Coffee LLC	Daniel Gladis	Co-Owner
0001805103-20-000003	1	McAndrews Restaurants Inc	Debra Driggers	Co-Owner
0001665160-20-000989	1	Open Box Buy Corp	Richard Marino	CEO, Principal Executive Officer and Director, Principal Financial Officer and Principal Accounting Officer
0001669191-20-000385	1	THB Holdco, LLC	Christopher Darnell	Principal Executive Officer
0001780439-20-000045	1	Flatland, LLC	Nicholas Joseph Klimas	Owner and Co-CEO
0001818534-20-000002	1	Varsity Hype, LLC	Jorge Ortiz	President
0001670254-20-000660	1	3C Bio, Inc.	Mark Mendel	CEO & President
0001665160-20-000988	1	2XL Swagger Brands, Inc.	Robert J. Tushinsky	CEO, Principal Executive Officer and Director, Principal Financial Officer and Principal Accounting Officer
0001670254-20-000666	1	Petri Bio, LLC	Shu Li	Co-Founder
0001670254-20-000662	1	GoodMatch Inc.	Emily Rasmussen	Co-founder & CEO
0001670254-20-000668	1	SideHustle App Inc	Alex Kabir	CEO
0001670254-20-000664	1	Annestes Thoroughbreds Inc	John Hall	Director
0001665160-20-000986	1	Comsero, Inc.	Anthony Franco	CEO, Principal Executive Officer and Director, Principal Financial Officer and Principal Accounting Officer
0001746059-20-000220	1	WRAP-A-LOTS LLC	Christian Cameron-Haskins	CEO
0001670254-20-000658	1	Kiwi Campus Inc	Felipe Chvez Corts	Chief Executive Officer
0001670254-20-000656	1	Soraban, Inc.	Enoch Ko	Founder/CEO
0001654954-20-007986	1	The Chosen, LLC	/s/ Derral Eves	Manager
0001780439-20-000044	1	Goodwood Brewing Company, LLC	Theodore King Mitzlaff	Chief Executive Officer
0001780439-20-000042	1	Flatland, LLC	Nicholas Joseph Klimas	Owner and Co-CEO
0001669191-20-000383	1	FinTron, LLC	Wilder  Rumpf	Principal Executive Officer
0001817203-20-000001	1	Virtudes Labs Inc.	Farnoush Zargaran by Sean Fuellhart POA	Operating Director
0001665160-20-000983	1	KapitalWise, Inc.	Sajil Koroth	CEO, Principal Executive Officer, and Director, Principal Financial Officer, and Principal Accounting Officer
0001746059-20-000218	1	Village Box Cafe, LLC	Oliver Mitchell	President
0001670254-20-000654	1	Nsightify, inc.	John Dadey	CEO and Co-Founder at nSightify
0001670254-20-000652	1	Stark Therapeutics Corporation	Anthony Stark	CEO & CTO
0001670254-20-000650	1	AUTONOMOUS MOTOR SPORT LEAGUE INC	Akin Shoyoye	CEO
0001670254-20-000648	1	LiteraSeed, LLC	Aziza Ismail	Founder
0001696945-20-000006	1	Jauvtis Engineering, Inc.	Christian Okonsky	Executive Chairman Member
0001665160-20-000981	1	A7FL Inc	Sener Korkusuz	CEO, Principal Executive Officer and Director, Principal Financial Officer and Principal Accounting Officer
0001816430-20-000004	1	Sophie Chang Inc.	Sophie Chang	Owner
0001665160-20-000979	1	Adventure 2 Learning, Inc.	Michael Rhattigan	CEO, Principal Executive Officer and Director, Principal Financial Officer and Principal Accounting Officer
0001670254-20-000646	1	Unwrinkly Inc	Naren Inukoti	CEO at Pristm
0001665160-20-000977	1	Swabbies Tech, Inc.	Carman Cook	CEO, Principal Executive Officer and Director
0001670254-20-000644	1	Eureka Analytics Inc.	Manu Stephen	Co-founder & CEO
0001670254-20-000642	1	WTF WHERES THE FOODTRUCK LLC	Nicholas Spindel	Founder & CEO of Where's The Foodtruck
0001799941-20-000002	1	Procertas LLC	Joseph Colucci	Manager
0001670254-20-000641	1	Wingspan Health Inc	Susanne Fortunato	Founder & CEO/CTO
0001670254-20-000640	1	KinectAir Inc.	Peter Lucier	General Counsel
0001670254-20-000635	1	Voike, Inc.	Jaime Jaramillo	CEO
0001670254-20-000638	1	Univoice Corporation	Sami Halabi	Founder | CEO
0001665160-20-000974	1	Metai Knights Media Inc	Dele Atanda	CEO, Principal Executive Officer and Director, Principal Financial Officer and Principal Accounting Officer
0001746059-20-000216	1	vault virtual reality LLC	Griselda Champagne	Founder & CEO
0001665160-20-000972	1	MentalHappy Inc	Tamar Lucien Blue	CEO, Principal Executive Officer and Director, Principal Financial Officer and Principal Accounting Officer
0001687610-20-000004	1	Contiq, Inc.	Arun Lal	CEO, principal executive officer, principal financial officer, controller, board of directors
0001665160-20-000970	1	Strengths, Inc.	Paul Allen	CEO, Principal Executive Officer and Director
0001746059-20-000215	1	Rick & Still, LLC	Jarrod Williams	Owner and CoFounder
0001780439-20-000041	1	Lunchwale,Inc.	Gopi Kantanmeni	Owner
0001670254-20-000634	1	Stackhouse, LLC	Janelle Briggs	Co-founder & CEO
0001746059-20-000213	1	Tiny Restaurant Group LLC	Adam Willoughby	Owner and CoFounder
0001815481-20-000001	1	Procurement Foundry, Inc.	Steven Michael Cadieux	Owner/President
0001665160-20-000967	1	Knack Inc.	Charles Mellen	CEO, Principal Executive Officer and Director, Principal Financial Officer and Principal Accounting Officer
0001669191-20-000379	1	Acquire Skills and Knowledge Education Inc.	Ruth Nemire	Principal Executive Officer
0001818530-20-000001	1	Salt Point Meadery LLC	Eric DeRise	President
0001780439-20-000040	1	Louis & Zelie, LLC	Joseph Anthony Mastrangelo	Owner
0001669191-20-000377	1	MyTable Holdings Corp	Matthew  Kelly	Principal Executive Officer
0001670254-20-000630	1	AtYourGate, Inc.	David Henninger	President
0001670254-20-000631	1	DME Innovations, Inc	Craig Misrach	President & Board Member
0001815564-20-000001	1	Choose Health Services LLC	/s/ Mark Holland	CEO, Manager
0001746059-20-000212	1	Contento NYC LLC	Mara Ridzinski	Partner & Manager
0001670254-20-000628	1	Wingspan Health Inc	Susanne Fortunato	Founder & CEO
0001746059-20-000210	1	Daughter Food Group LLC	Adam Keita	Owner and Founder
0001670254-20-000626	1	Treefort, LLC	Eric Gilbert	Festival Director, Talent Buyer, Co-Founder
0001736423-20-000008	1	Elemeno Health, Inc.	Arup Roy-Burman	Chief Executive Officer
0001665160-20-000965	1	An Angry Boy Inc.	Andrew Fitzgerald	CEO, Principal Executive Officer and Director, Principal Financial Officer and Principal Accounting Officer
0001736423-20-000007	1	Acciyo, Inc.	Anum Hussain	CEO
0001814684-20-000001	1	Lend Grow Inc.	Nishith Krishna	Chief Executive Officer, Director
0001670254-20-000624	1	Cityfreighter Inc.	Michael Schoening	President & Founder
0001690888-20-000001	1	InGen Dynamics, Inc.	Arshad Hisham	CEO / Founder
0001665160-20-000963	1	Northeast Productions, Inc.	William R. Graening	CEO, Principal Executive Officer and Director, Principal Financial Officer and Principal Accounting Officer
0001665160-20-000961	1	La Fayette Franchise, Inc.	Nicolas Billaud	Co-CEO, Principal Executive Officer and Director, Principal Financial Officer and Principal Accounting Officer
0001669191-20-000373	1	GenesisAI Corporation	Archil Cheishvili	Principal Executive Officer
0001670254-20-000623	1	Rad Technologies Inc.	Jeremy Barnett	CEO & Founder
0001665160-20-000960	1	BIONICLOGIC INC	Joshua Goldstein	President and CEO, Principal Executive Officer and Director
0001700868-20-000003	1	Lulabop, Inc.	Mina Yoo	CEO, Founder, principal executive officer, principal financial officer, controller, board of directors
0001746059-20-000209	1	LaPosta Pizza LLC	Mario LaPosta	Owner and Founder
0001817154-20-000001	1	Bext360	Daniel Jones	Founder & Chief Executive Officer
0001813705-20-000002	1	Chaco Flaco Drinks LLC	Charles Moore	President
0001670254-20-000620	1	JogAlong Stroller LLC	Michael J. Dresher	Founder and CEO, JogAlong Stroller LLC
0001670254-20-000618	1	Gleantap, Inc	Sagar Babber	Founder & CEO
0001670254-20-000614	1	CallTheONE LLC	Victor Demmendal	COO
0001670254-20-000616	1	Rowheels, Inc.	Gaurav Mishra	CEO
0001813064-20-000003	1	PLM Brands, Corp	Elizabeth Kost	CEO
0001670254-20-000613	1	Indy Brand Clothing, LLC	Mike Sperry	CEO/Founder
0001746059-20-000208	1	Exotic Parrots LLC	Nader Izzatali	Owner and Founder
0001746059-20-000207	1	True Wines LLC	Zulema Mejia	Owner and Founder
0001665160-20-000956	1	Barrana Corp.	Mario Rana	CEO, Principal Executive Officer and Director, Principal Financial Officer and Principal Accounting Officer
0001669191-20-000370	1	PromoShare, Inc.	Ernesto Pedroza	Principal Executive Officer
0001724637-20-000001	1	BuffBrew Taproom, LLC	Rassul Zarinfar	President/CEO of Sole Member
0001665160-20-000954	1	Airto, Inc.	Shi Li	CEO, Principal Executive Officer and Director, Principal Financial Officer and Principal Accounting Officer
0001816075-20-000003	1	Leaping Harts, Inc.	Evan Leaphart	CEO
0001665160-20-000953	1	GoSun Inc.	Patrick Sherwin	CEO, Principal Executive Officer and Director, Principal Financial Officer and Principal Accounting Officer
0001665160-20-000952	1	Solutions Vending International, Inc.	Dawn Dickson	CEO, Principal Executive Officer and Director, Principal Financial Officer and Principal Accounting Officer
0001790424-20-000004	1	GreenZone Pharms	Daniel Marlow by Sean Fuellhart POA	CEO
0001665160-20-000951	1	Tuffy Packs, Inc.	Steven Naremore	CEO, Principal Executive Officer and Director, Principal Financial Officer and Principal Accounting Officer
0001700943-20-000002	1	Plei, Inc.	Sebastian Duque	CEO, Director
0001665160-20-000950	1	microsurgeonbot,inc	Allan Grosvenor	CEO, Principal Executive Officer, Director, Principal Financial Officer and Principal Accounting Officer
0001665160-20-000949	1	Solectrac, Inc.	Stephen Heckeroth	CEO, Principal Executive Officer and Director, Principal Financial Officer and Principal Accounting Officer
0001817805-20-000001	1	Heavenly Chicken & Waffles, LLC	Aaron Sanders Jr	President
0001796110-20-000008	1	Rent Yuh Ride, LLC	Cherie Williams	Manager/CEO
0001670254-20-000611	1	AirSelfie Inc.	Greg Appelhof	CEO
0001670254-20-000610	1	Speak Technologies Inc.	Cody White	CEO & Co-Founder
0001666102-20-000022	1	SKYWIDE REAL ESTATE INTERNATIONAL LLC	Jenna Anderson	CEO
0001665160-20-000947	1	KapitalWise, Inc.	Sajil Koroth	Chief Executive Officer
0001669191-20-000368	1	FinTron, LLC	Wilder  Rumpf	Principal Executive Officer
0001769923-20-000005	1	People First RH, Inc.	/s/ Shantanu Rana	CEO & Director
0001746059-20-000205	1	WeHa Brewing Co LLC	Cody McCormack	Owner and Founder
0001778787-20-000002	1	Hidrent Inc.	/s/ David Heimbuch	CEO, Director
0001690474-20-000010	1	Follow-Mee, Inc.	Jose Montero II	Chief Executive Officer
0001670254-20-000609	1	Viroment Capital LLC	Paul Koenig	Chief Executive Officer
0001742162-20-000007	1	Consumer Cooperative Group Inc	Tanen Andrews	Founder/CEO
0001669191-20-000365	1	Jinglz, Inc.	David Markowski	Principal Executive Officer
0001771551-20-000003	1	Secure Solar Capital LLC	Maggie Davison	Chief Operating Officer
0001811444-20-000002	1	Brass Clothing LLC	/s/ Katelyn Demo	Manager
0001746059-20-000203	1	Enerprise Management Group LLC	Jesse Le'Suer	Owner and Founder
0001669191-20-000363	1	AllTheBelts LLC	Timothy Childs	Principal Executive Officer
0001669191-20-000361	1	Monetran, LLC	Don Bielak	Principal Executive Officer
0001796060-20-000008	1	Dope Coffee Co LLC	Michael Loyd	Founder, Manager, and Chief Executive Officer
0001669191-20-000358	1	Demand Derivatives Corp.	Robert Krause	Principal Executive Officer
0001797010-20-000004	1	Animal Life Sciences, Inc.	D. Hughes Watler, Jr.	Director and Chief Financial Officer
0001813411-20-000001	1	Buy Back Baton Rouge LLC	Newton Jullien Gordon	President/CEO
0001670254-20-000606	1	Boxabl Inc.	Paolo Tiramani	CEO
0001742162-20-000006	1	Consumer Cooperative Group Inc	Tanen Andrews	Founder/CEO
0001669191-20-000356	1	Neurotez Inc.	Nikolaos Tezapsidis	Principal Executive Officer
0001746059-20-000202	1	Bx Invest LLC	Majora Carter	Owner and Founder
0001746059-20-000201	1	Localisity LLC	Charles Dooley	Owner and Founder
0001779318-20-000007	1	Fleeting,Inc.	Pierre Laguerre	Founder & CEO
0001746059-20-000200	1	Localisity LLC	Charles Dooley	Owner and Founder
0001808653-20-000003	1	At Ease Rentals Corp	Anthony Gantt	President and CEO
0001669191-20-000354	1	Impact X Partners , LLC	Frank  Santoni	Principal Executive Officer
0001669191-20-000352	1	Dome Audio Inc.	Benjamin White	Principal Executive Officer
0001669191-20-000350	1	ecoText, Inc	Joel Nkounkou	Principal Executive Officer
0001807049-20-000003	1	Humble Shoe Company, Inc.	Tina Bhojwani	CEO
0001665160-20-000945	1	Flower Turbines, Inc.	Mark Daniel Farb	CEO, Principal Executive Officer and Director, Principal Financial Officer and Principal Accounting Officer
0001666102-20-000021	1	Fire Grounds Coffee Co LLC	Paul Clarke	CEO
0001747584-20-000002	1	National Energy Improvement Fund, LLC	Peter Krajsa	Managing Member
0001670254-20-000605	1	Dr Strains LLC	Kye Scott	Founder | Director
0001670254-20-000603	1	Folly Mojave LLC	Hillary Flur	Co-founder
0001665160-20-000943	1	Beanstox Inc.	Connor O'Brien	CEO and Principal Executive Officer
0001746059-20-000198	1	Lyric on Location LLC	Ryan Braun	Owner and Founder
0001811444-20-000001	1	Brass Clothing LLC	/s/ Katelyn Demo	Manager
0001665160-20-000941	1	Trella Technologies LLC	Aja Atwood	CEO, Principal Executive Officer and Manager, Principal Financial Officer and Principal Accounting Officer
0001665160-20-000940	1	Clearwater Distilling Co LLC	Matt Eau Claire	CEO, Principal Executive Officer and Director, Principal Financial Officer and Principal Accounting Officer
0001670254-20-000601	1	Reyets, LLC	Wa'il Ahshowwaf	CEO + Cofounder
0001665160-20-000939	1	GoBQ Grills, Inc.	Todd Zaroban	CEO, Principal Executive Officer and Director, Principal Financial Officer and Principal Accounting Officer
0001746059-20-000197	1	Belle Transformations Medical Spa, PLLC	David Garrison	Owner and CoFounder
0001665160-20-000938	1	ZenSpace, Inc.	Mayank Agrawal	CEO, Principal Executive Officer and Director, Principal Financial Officer and Principal Accounting Officer
0001805831-20-000001	1	Prazo, Inc.	/s/ Rodrigo de Guzman	CEO & Director
0001670254-20-000591	1	Immersed Inc.	Renji Bijoy	CEO
0001759332-20-000012	1	Persona Network, Inc.	Colby Schaeffer	CFO
0001670254-20-000593	1	The Wilderness Road LLC	Travis Mills	Director, Producer, Storyteller
0001670254-20-000597	1	Audiobridge Inc.	Matt Miller	Founder / CEO
0001670254-20-000595	1	Trieu Technologies, Inc	Pollis Robertson	Founder and CEO
0001670254-20-000589	1	Geijer Glogg Inc.	Martin Geijer	Owner
0001670254-20-000599	1	Evolvd Health Inc.	Innocent Clement	Founder and CEO
0001759332-20-000005	1	Persona Network, Inc.	Colby Schaeffer	CFO
0001665160-20-000935	1	Beanstox Inc.	Connor O'Brien	CEO and Principal Executive Officer
0001791747-20-000002	1	Oomi Inc.	Obi Onyejekwe	Founder & CEO
0001746059-20-000196	1	Sol Cinema Cafe, Inc.	Moikgantsi Kgama	Owner and Founder
0001776774-20-000002	1	RUNBMP LLC	John-Roveen Abante	Managing Member, Longhorn Capital Group, LLC, its Manager
0001812666-20-000004	1	Craft on Draught LLC	Declan Hogan	President
0001746059-20-000194	1	BROCKTON BEER COMPANY, LLC	Pierre Alexandre	Owner and Founder
0001817190-20-000001	1	Livewell Assisted Living, Inc	Justin Beckett by Sean Fuellhart POA	CEO
0001665160-20-000932	1	Rayton Solar Inc.	Andrew Yakub	CEO, Principal Executive Officer and Director, Principal Financial Officer and Principal Accounting Officer
0001665160-20-000931	1	Skunk Brothers Spirits Inc.	Scott Donoho	CEO, Principal Executive Officer and Director, Principal Financial Officer and Principal Accounting Officer
0001668287-20-000019	1	Simpkins E-Bikes, Inc.	Kent Simpkins	CEO
0001668287-20-000018	1	Shira Productions, LLC	Davy Hobson	CEO
0001668287-20-000017	1	Secretdays Co.	Joy Henda Cruz	Founder
0001477932-20-003838	1	Drop Technologies Inc.	/s/ Vanessa Gabriel	CEO & Chairman
0001670254-20-000587	1	Conbody Inc.	Coss Marte	CEO / Founder
0001786494-20-000001	1	Casa Brasil LLC	Timothy Guthrie	Co-Owner
0001477932-20-003814	1	Drop Technologies Inc.	/s/ Vanessa Gabriel	CEO & Chairman
0001139685-20-000001	1	20/20 GeneSystems, Inc.	Jonathan Cohen	Chief Executive Officer
0001696945-20-000004	1	Jauvtis Engineering, Inc.	Christian Okonsky	Executive Chairman Member
0001670254-20-000586	1	Makeba, Inc	Yamandou Alexander	CEO
0001813064-20-000001	1	PLM Brands, Corp	Elizabeth Kost	CEO
0001489004-20-000001	1	VERDANT POWER, INC.	Ronald F. Smith	Chief Operating Officer
0001746059-20-000193	1	Belle Transformations Medical Spa, PLLC	David Garrison	Owner and CoFounder
0001665160-20-000930	1	One Roq Spirits, LLC	J. Garrett Green	CEO, Principal Executive Officer and Manager, Principal Financial Officer and Principal Accounting Officer
0001746059-20-000192	1	WanderLinger Brewing Company, LLC	Christopher Dial	Owner and Founder
0001746059-20-000191	1	TWISTED ESCAPE ROOM LLC	Jon Griffin	Owner and CoFounder
0001746059-20-000190	1	AV Seals Labor Group, LLC	Charles Webber	Owner and Founder
0001746059-20-000189	1	Rachel Reyes-Bergano, D.O. Inc.	Rachel Reyes-Bergano	Owner and CoFounder
0001746059-20-000188	1	ANTONIOS CUP CAKE FACTORY INC.	Anthony Frontera	Owner and President
0001665160-20-000928	1	2XL Swagger Brands, Inc.	Robert J. Tushinsky	CEO, Principal Executive Officer and Director, Principal Financial Officer and Principal Accounting Officer
0001746059-20-000187	1	Cartel Ventures LLC	Adam Chamberland	Owner and President
0001746059-20-000185	1	FROG JUICE INC	Carrie Greishaw	Owner and CEO
0001816601-20-000001	1	Creative 3D Technologies, Inc.	Ethan Baehrend	Founder & CEO
0001670254-20-000584	1	Asledu, LLC	Nadia Iftekhar	Founder and CEO at Modal Math
0001748169-20-000002	1	Gin & Luck LLC	David J Kaplan	CEO
0001670254-20-000582	1	Isegoria, Inc	Benjamin Swann	CEO
0001665160-20-000925	1	ZenSpace, Inc.	Mayank Agrawal	CEO, Principal Executive Officer and Director, Principal Financial Officer and Principal Accounting Officer
0001665160-20-000924	1	2XL Swagger Brands, Inc.	Robert J. Tushinsky	CEO, Principal Executive Officer and Director, Principal Financial Officer and Principal Accounting Officer
0001665160-20-000923	1	Phormed Inc	McCoy Moretz	CEO, Principal Executive Officer and Director, Principal Financial Officer and Principal Accounting Officer
0001816024-20-000002	1	Studio Iplay Inc	Kandis Hall	Owner
0001669191-20-000348	1	Zelgor Inc	John Fanning Jr	Principal Executive Officer
0001816603-20-000001	1	Rector Street Food Enterprises Ltd	William Koulmentas	President
0001811855-20-000004	1	goDeskless Inc.	Ashish Joshi	CEO
0001799600-20-000006	1	Los Redondos Inc	/s/ Nicolas Botti Salici	CEO
0001670254-20-000581	1	Eruditely, Inc.	Michael Samson	Founder & CEO
0001533849-20-000004	1	Oscilla Power Inc.	Balakrishnan Nair	President
0001746059-20-000184	1	Culinary Craft Workshop, LLC	Michael Carter	Owner and CoFounder
0001806372-20-000003	1	Dollaride, Inc.	/s/ Sulaiman Sanni	CEO, Director
0001746059-20-000182	1	Moya's Kitchen Concepts	Hector Moya	Owner and Founder
0001816636-20-000001	1	Madeleine Bakery & Bistro LLC	Andrew Stump	President
0001811730-20-000001	1	Unique Beauty Supply Lafayette, LLC	Jamesha Delcambre	President/CEO
0001746059-20-000178	1	Belle Transformations Medical Spa, PLLC	David Garrison	Manager & Co-Founder
0001670254-20-000578	1	NYCE Companies, Inc.	Philip Michael	Founder, NYCE
0001670254-20-000579	1	New Way Homes, Inc.	Sibley V. Simon	President
0001800037-20-000002	1	SPARKLE INNOVATIONS INC	Chirag Virani	COO
0001533849-20-000003	1	Oscilla Power Inc.	Balakrishnan Nair	President
0001665160-20-000920	1	Geoship SPC	Morgan Bierschenk	CEO, Principal Executive Officer and Director, Principal Financial Officer and Principal Accounting Officer of Geoship SPC
0001533849-20-000001	1	Oscilla Power Inc.	Balakrishnan Nair	President
0001665160-20-000919	1	WebTez Inc.	Peter J. Tezza II	CEO, Principal Executive Officer and Director
0001665160-20-000918	1	BIOCURITY PHARMACEUTICALS INC.	MerchantCass Advisors, LLC	President, Principal Executive Officer, and COO
0001665160-20-000917	1	Tequila Holdings, Inc.	John Chappell	CEO, Principal Executive Officer and Director, Principal Financial Officer and Principal Accounting Officer
0001665160-20-000916	1	Yae! Organics	Lorenzo Holley	CEO, Principal Executive Officer and Director, Principal Financial Officer and Principal Accounting Officer
0001665160-20-000915	1	EPILOG IMAGING SYSTEMS INC.	Michael Mojaver	CEO, Principal Executive Officer and Director, Principal Financial Officer and Principal Accounting Officer
0001811697-20-000023	1	ChipMonk Inc.	David Downing	CEO
0001794960-20-000005	1	Fashwire Inc.	Kimberly Carney	CEO
0001665160-20-000914	1	Solutions Vending International, Inc.	Dawn Dickson	CEO, Principal Executive Officer and Director, Principal Financial Officer and Principal Accounting Officer
0001816346-20-000001	1	KarSavior Inc.	Christiaan Best	Chief Executive Office, Chief Financial Officer, Secretary
0001669191-20-000346	1	Spring Rock Holdings LLC	Aaron Lukse	Principal Executive Officer
0001670254-20-000577	1	Speak Technologies Inc.	Cody White	CEO & Co-Founder
0001802465-20-000005	1	Sunu, Inc.	Marco Antonio Trujillo Tejada	CEO
0001802465-20-000004	1	Tyla-Simone's Wings LLC	Monique Crayton	Sole Member, COO
0001796110-20-000007	1	Rent Yuh Ride LLC	Cherie Williams	Manager/CEO
0001665160-20-000910	1	Swabbies Tech, Inc.	Carman Cook	CEO, Principal Executive Officer and Director
0001670254-20-000575	1	Resolution 8 Technologies, Inc.	Scott Seidewitz	Founder/CEO
0001665160-20-000907	1	Van Robotics, Inc.	Laura Boccanfuso	CEO, Principal Executive Officer and Director, Principal Financial Officer and Principal Accounting Officer
0001809739-20-000001	1	GoMeat Services Inc.	Waqas Siddiqi	Chief Executive Officer
0001780452-20-000003	1	Globocoin 1, LLC	Tobias Maldonado	Manager
