ACCESSION_NUMBER	ID	PERSONSIGNATURE	PERSONTITLE	SIGNATUREDATE
0001665160-18-001013	1	Russell Thomas	CEO, Principal Executive Officer, Manager, Principal Financial Officer and Principal Accounting Officer	2018-09-28
0001750513-18-000002	2	Krista Kanter	Manager	2018-09-28
0001750513-18-000002	1	Sean Kanter	Manager	2018-09-28
0001665160-18-001008	1	Alan Bailey	CEO, Principal Executive Officer and Director, Principal Financial Officer and Principal Accounting Officer	2018-09-28
0001644600-18-000033	1	Michael Burtov	Chief Executive Officer	2018-09-28
0001740883-18-000001	2	Adam Ewing	Head Brewer/CTO	2018-09-28
0001740883-18-000001	1	Richard Ewing	CEO/Founder	2018-09-28
0001670254-18-000462	4	Eric Eugene Lowe	Operations Director	2018-09-26
0001670254-18-000462	5	Cayce Rivers	Chief Executive Officer	2018-09-26
0001670254-18-000462	3	Cayce Rivers	Chief Executive Officer	2018-09-26
0001670254-18-000462	2	Michael Simmons	Dir of Product Innovation	2018-09-26
0001670254-18-000462	1	David Eric Rivers	Management & Bookkeeping	2018-09-26
0001670254-18-000464	2	George Favvas	CEO and Co-founder	2018-09-27
0001670254-18-000464	1	Jean-Sebastien Boulanger	CTO and Co-founder	2018-09-27
0001737477-18-000006	1	Joseph Toney Rogers	CEO	2018-09-27
0001665160-18-000999	1	Carder Starr	CEO, Principal Executive Officer and Manager, Principal Financial Officer and Principal Accounting Officer	2018-09-27
0001722197-18-000007	1	David Levine	Chief Executive Officer	2018-09-27
0001749548-18-000003	1	Jenn Diesi	Chief Executive Officer, President, Secretary, Chief Financial Officer, Director	2018-09-12
0001665160-18-000996	1	Chris La Cross	CEO, Principal Executive Officer and Manager, Principal Financial Officer and Principal Accounting Officer	2018-09-26
0001726542-18-000004	2	Leah Nussbaum	Chief Operating Officer and Secretary	2018-09-26
0001726542-18-000004	1	Esther Bernstein	Chief Executive Officer and President	2018-09-26
0001670254-18-000461	1	Elena Krasnoperova	Co-founder, CEO	2018-09-21
0001754202-18-000001	2	Alan Johnson	CEO	2018-09-26
0001754202-18-000001	1	Elliot Johnson	Creative Director	2018-09-26
0001213900-18-013018	1	/s/ Jim Davidson	Chief Financial Officer	2018-09-21
0001665160-18-000992	1	John Nelson	COO, Principal Financial Officer, Principal Accounting Officer and Managing Member	2018-09-25
0001665160-18-000992	2	David Chauner	CEO and Managing Member	2018-09-25
0001742335-18-000003	1	Marcus Davis	CEO	2018-09-25
0001742335-18-000003	3	Austin Fenstermaker	CTO	2018-09-25
0001670254-18-000460	4	Ryan Rafols	Founder & CEO	2018-09-20
0001670254-18-000460	1	Matthew Bell	Board Member	2018-09-20
0001670254-18-000460	2	Ryan Rafols	Founder & CEO	2018-09-20
0001670254-18-000460	3	Travis Brodeen	Co-Founder & CTO	2018-09-20
0001742335-18-000003	2	Connor Morris	CMO	2018-09-25
0001753229-18-000001	1	Angela Dupree	CEO	2018-09-25
0001670254-18-000458	3	Olivier Kaeser	Co-founder & COO	2018-09-24
0001670254-18-000458	2	Thomas Querton	CEO	2018-09-25
0001670254-18-000458	1	Magali Mathieu	Co-founder & chief partnership builder	2018-09-25
0001665160-18-000988	2	Vincent Lovrich	COO, Director, Principal Financial Officer and Principal Accounting Officer	2018-09-25
0001665160-18-000988	1	Ketzal Sterling	CEO, Principal Executive Officer and Director	2018-09-25
0001665160-18-000980	2	Robert S. MacArthur	Director,Principal Financial Officer and Principal Accounting Officer	2018-09-24
0001743861-18-000001	3	John Bentley II	CTO	2018-09-24
0001743861-18-000001	1	Michael Hiles	CEO	2018-09-24
0001743861-18-000001	2	Rob Slater	COO	2018-09-24
0001665160-18-000983	1	Caesar Medel	CEO and Director, Principal Financial Officer and Principal Accounting Officer	2018-09-24
0001665160-18-000983	2	Alfonso Morales	CTO	2018-09-24
0001665160-18-000983	3	Marc McDonald	COO	2018-09-24
0001665160-18-000983	4	Gilbert Pierola	CCO	2018-09-24
0001665160-18-000983	5	Manuel Betancourt	CDO	2018-09-24
0001665160-18-000983	6	Kenneth Medel	CMO	2018-09-24
0001665160-18-000980	1	Brian C. Alexson	CEO, Principal Executive Officer	2018-09-24
0001665160-18-000978	1	James W. Killen	CEO and Manager	2018-09-24
0001665160-18-000978	2	Stephanie L. Watson	CFO and the Principal Accounting Officer	2018-09-24
0001669191-18-000426	4	Jacob Dansey	Board Member	2018-09-24
0001669191-18-000426	1	Jacob Dansey	Principal Executive Officer	2018-09-24
0001669191-18-000426	3	Jacob Dansey	Principal Accounting Officer	2018-09-24
0001669191-18-000426	2	Jacob Dansey	Principal Financial Officer	2018-09-24
0001665160-18-000975	1	Jason Giddings	CEO, Principal Executive Officer and Manager, Principal Financial Officer and Principal Accounting Officer	2018-09-24
0001665160-18-000974	1	Joseph Gangi	CEO, Principal Executive Officer and Director, Principal Financial Officer and Principal Accounting Officer	2018-09-24
0001665160-18-000973	1	Jake Obremski	CEO, Principal Executive Officer and Director, Principal Financial Officer and Principal Accounting Officer	2018-09-24
0001665160-18-000972	1	Inman Porter	CEO, Principal Executive Officer and Director, Principal Financial Officer and Principal Accounting Officer	2018-09-24
0001753336-18-000001	2	Stephen Warne Ardagh	Treasurer, Director	2018-09-21
0001753336-18-000001	1	Lynda McLean Ronaldson	Director	2018-09-21
0001670254-18-000452	1	Matteo Mattia Gemignani	CEO	2018-09-20
0001670254-18-000456	3	Jan H Leife	President	2018-09-21
0001670254-18-000456	2	Ekaterina A Cronstedt	CEO	2018-09-21
0001670254-18-000456	1	fredrik holmstedt	cfo	2018-09-21
0001670254-18-000454	3	Stanley Kim	CEO	2018-09-21
0001670254-18-000454	2	Paul Fernyhough	Professor	2018-09-21
0001670254-18-000454	1	Lakshmi P Kotra	Director	2018-09-21
0001665160-18-000970	1	Scott F Hickey	CEO, Principal Executive Officer and Manager, Principal Financial Officer and Principal Accounting Officer	2018-09-21
0001751635-18-000005	2	Teresa Cauvel	CTO	2018-09-21
0001751635-18-000005	1	Sona Shah	CEO	2018-09-21
0001751635-18-000004	2	Teresa Cauvel	CTO	2018-09-21
0001751635-18-000004	1	Sona Shah	CEO	2018-09-21
0001746343-18-000005	1	Laura Lasco	Manager of NexGen Restaurants, LLC, the manager	2018-09-21
0001746343-18-000005	2	Jerry Lasco	Founder	2018-09-21
0001746343-18-000005	3	Cuc Roetelle	Operating Partner	2018-09-21
0001670254-18-000450	1	Vincent Zaldivar	CEO	2018-09-19
0001745727-18-000005	1	Taylor Jacobson	Director	2018-09-21
0001750319-18-000001	2	Spencer Grider	Manager	2018-09-21
0001750319-18-000001	1	David Frazier	Manager	2018-09-21
0001751443-18-000003	1	Nicole Birch	CEO	2018-09-21
0001670254-18-000448	2	Angela Nauta	Chief Investment Officer	2018-09-20
0001745986-18-000001	2	Duncan Sham	Director	2018-09-20
0001745986-18-000001	1	Shi Li	Director	2018-09-20
0001670254-18-000448	4	Michelle Gordon	CFO	2018-09-20
0001670254-18-000448	3	Cathy Key	Chief Operations Officer	2018-09-20
0001670254-18-000448	5	Shelly Befumo	Secretary	2018-09-20
0001670254-18-000448	6	Wendy Burton	Founder & CEO	2018-09-20
0001670254-18-000448	1	Leslie William Bolton	Director of Marketing	2018-09-20
0001665160-18-000967	1	JD Claridge	CEO, Principal Executive Officer and Director, Principal Financial Officer and Principal Accounting Officer	2018-09-20
0001670254-18-000446	3	Eric Janszen	Co-founder and CEO	2018-09-20
0001670254-18-000446	1	Eric Malafeew	Co-founder and CTO	2018-09-20
0001670254-18-000446	2	Sunil Tahiliani	Director	2018-09-20
0001665160-18-000964	1	Frank Azzolino	CEO, Principal Executive Officer and Manager, Principal Financial Officer and Principal Accounting Officer	2018-09-20
0001669191-18-000423	2	Julio Ramirez	Principal Financial Officer	2018-09-13
0001665160-18-000957	1	Andrew Torba	CEO, Principal Executive Officer and Director, Principal Financial Officer and Principal Accounting Officer	2018-09-18
0001665160-18-000953	1	Tochi Eke-Okoro	CEO, Principal Executive Officer and Director, Principal Financial Officer and Principal Accounting Officer	2018-09-18
0001669191-18-000423	1	Craig Bouchard	Principal Executive Officer	2018-09-13
0001669191-18-000423	6	John  Preston	Board Member	2018-09-14
0001669191-18-000423	7	Christopher Schuh	Board Member	2018-09-18
0001669191-18-000423	5	Craig Bouchard	Board Member	2018-09-13
0001669191-18-000423	4	Norton Schwartz	Board Member	2018-09-14
0001669191-18-000423	3	Johanne Medina	Principal Accounting Officer	2018-09-13
0001665160-18-000950	1	Carlo Brovero	CEO, Principal Executive Officer and Director, Principal Financial Officer and Principal Accounting Officer	2018-09-18
0001665160-18-000949	1	John Pearson	Co-CEO, Principal Executive Officer and Director, Principal Financial Officer and Principal Accounting Officer	2018-09-18
0001665160-18-000949	2	Justin Bongi	Co-CEO	2018-09-18
0001665160-18-000948	2	Friso Schmid	Principal Executive Officer and Director, Principal Financial Officer and Principal Accounting Officer	2018-09-18
0001665160-18-000948	1	Aike Muller	Principal Executive Officer and President	2018-09-18
0001665160-18-000947	2	Robert Lloyd	Principle Financial Officer and Principle Accounting Officer	2018-09-18
0001665160-18-000947	1	Steven T Gordon	Principal Executive Officer and Manager	2018-09-18
0001751443-18-000002	1	Nicole Birch	CEO	2018-09-18
0001751287-18-000002	1	Joseph Hernandez	CEO	2018-09-17
0001665160-18-000943	1	Kirk Maust	CEO, Principal Executive Officer and Manager, Principal Financial Officer and Principal Accounting Officer	2018-09-17
0001665160-18-000945	1	John Koszalkowski	President, Principal Executive Officer, Director, Principal Financial Officer, Principal Accounting Officer	2018-09-17
0001748169-18-000002	3	Alexander Paul Day	COO	2018-09-17
0001748169-18-000002	2	Ravi Lalchandani	CAO	2018-09-17
0001748169-18-000002	1	David Kaplan	CEO	2018-09-17
0001665160-18-000942	1	Pavana Jain	CEO and Director, Principal Financial Officer and Principal Accounting Officer	2018-09-17
0001665160-18-000939	1	Pavana Jain	CEO and Director, Principal Financial Officer and Principal Accounting Officer	2018-09-17
0001665160-18-000937	1	Mark Daniel Farb	CEO, Principal Executive Officer and Director, Principal Financial Officer and Principal Accounting Officer	2018-09-14
0001670254-18-000444	2	Yuriy Smirnov	Secretary	2018-09-14
0001670254-18-000444	3	Peter Byrnes	Chief Executive Officer	2018-09-14
0001670254-18-000444	1	Anton Isaykin	CTO	2018-09-14
0001665160-18-000936	1	Justin Shelby	CEO, Principal Executive Officer and Manager, Principal Financial Officer and Principal Accounting Officer	2018-09-14
0001665160-18-000935	1	Pez Zarifianr	CEO, Principal Executive Officer and Director, Principal Financial Officer and Principal Accounting Officer	2018-09-14
0001670254-18-000442	1	Alon Hochberg	Co-founder & CEO	2018-09-14
0001691608-18-000001	1	Geoffrey Barker	Manager	2018-09-13
0001691608-18-000001	2	Andrew Pogue	Manager	2018-09-13
0001665160-18-000934	1	Peter Jenson	CEO, Principal Executive Officer, and Principal Executive Director	2018-09-14
0001665160-18-000934	2	Chris Betzing	Principal Accounting Officer and Principal Financial Officer	2018-09-14
0001658754-18-000003	1	Richard Hull	Director	2018-09-14
0001658754-18-000003	2	Sergio Radovcic	Director	2018-09-14
0001658754-18-000003	4	Ken Hayes	Director	2018-09-14
0001658754-18-000003	3	Buck Jordan	Director	2018-09-14
0001665160-18-000932	1	Jeff Mueller	CEO, Principal Executive Officer and Director, Principal Financial Officer and Principal Accounting Officer	2018-09-13
0001670254-18-000440	1	Spencer T Folmar	Director, Writer, and Producer	2018-09-13
0001670254-18-000438	1	Michel Myara	CEO	2018-09-13
0001739405-18-000006	2	Nicolas Russell	Managing member of Redwood Hospitality LLC, the managing member	2018-09-13
0001739405-18-000006	1	Steve Wong	Managing member of Redwood Hospitality LLC, the managing member	2018-09-13
0001750508-18-000002	1	Bethany Ruhe	Owner	2018-09-13
0001735180-18-000004	2	Roveen Abante	Co-Founder	2018-09-13
0001735180-18-000004	1	Joseph Arbeely	Manager & Co-Founder	2018-09-13
0001735180-18-000004	3	Michael Chase LoVullo	Co-Founder	2018-09-13
0001665160-18-000925	2	Patrick Daly	Principal Financial Officer and Principal Accounting Officer	2018-09-13
0001665160-18-000925	1	Dr. Samir Damani	CEO, Principal Executive Officer and Director	2018-09-13
0001665160-18-000924	1	Govinda Giri	CEO, Principal Executive Officer and Director, Principal Financial Officer and Principal Accounting Officer	2018-09-13
0001665160-18-000923	1	Ken Farr	CEO, Principal Executive Officer and Director, Principal Financial Officer and Principal Accounting Officer	2018-09-13
0001751259-18-000004	1	Scott A. Baker	President	2018-09-12
0001665160-18-000921	1	Barbara Weller	CEO, Principal Executive Officer and Director, Principal Financial Officer and Principal Accounting Officer	2018-09-12
0001665160-18-000919	1	Stacie Claytor	CEO, Principal Executive Officer and Manager, Principal Financial Officer and Principal Accounting Officer	2018-09-12
0001750337-18-000007	1	Debra M. Spotts	President	2018-09-12
0001665160-18-000917	1	Govinda Giri	CEO, Principal Executive Officer and Director, Principal Financial Officer and Principal Accounting Officer	2018-09-12
0001665160-18-000916	1	Chris Kolodziejski	CEO, Principal Executive Officer and Manager, Principal Financial Officer and Principal Accounting Officer	2018-09-12
0001669191-18-000415	1	Maureen Lloren	Principal Executive Officer	2018-05-14
0001669191-18-000415	4	Maureen Lloren	Board Member	2018-05-14
0001669191-18-000415	3	Mike Beck	Principal Accounting Officer	2018-05-14
0001669191-18-000415	2	Ned Sedlak	Principal Financial Officer	2018-05-14
0001745594-18-000001	1	Jeffrey Villwock	CEO, Community Redevelopment Fund, Inc., Manager	2018-09-12
0001746343-18-000004	3	Cuc Roetelle	Operating Partner	2018-09-11
0001746343-18-000004	2	Jerry Lasco	Founder	2018-09-11
0001746343-18-000004	1	Laura Lasco	Manager of NexGen Restaurants, LLC, the manager	2018-09-11
0001665160-18-000912	1	Jason Buterin	CEO and Manager, Principal Executive Officer, Principal Financial Officer and Principal Accounting Officer	2018-09-11
0001751443-18-000001	1	Nicole Birch	CEO	2018-09-11
0001665160-18-000914	1	Joshua Montgomery	CEO, Principal Executive Officer and Director, Principal Financial Officer and Principal Accounting Officer	2018-09-11
0001665160-18-000910	1	Mohammad Ghumman	CEO, Principal Executive Officer and Director, Principal Financial Officer and Principal Accounting Officer	2018-09-11
0001743800-18-000003	1	Gregory David Miller	President	2018-09-11
0001739571-18-000005	1	John Smolen	Owner	2018-09-11
0001669191-18-000413	1	Christopher Lustrino	Principal Executive Officer	2018-09-11
0001669191-18-000413	2	Christopher Lustrino	Principal Financial Officer	2018-09-11
0001669191-18-000413	3	Christopher Lustrino	Principal Accounting Officer	2018-09-11
0001669191-18-000413	4	Christopher Lustrino	Board Member	2018-09-11
0001635926-18-000007	1	Peter Platzer	Director	2018-08-15
0001749079-18-000006	1	Vladimir Tereshkov	CEO	2018-09-11
0001669191-18-000408	3	Chris Pesigan	Principal Accounting Officer	2018-04-30
0001669191-18-000408	4	Tyrre Burks	Board Member	2018-04-30
0001669191-18-000410	2	Andrew  Weinberger	Principal Financial Officer	2018-06-13
0001669191-18-000410	3	Andrew  Weinberger	Principal Accounting Officer	2018-06-13
0001669191-18-000410	4	Andrew  Weinberger	Board Member	2018-06-13
0001665160-18-000908	1	Jarrod Blake	CEO, Principal Executive Officer and Manager, Principal Financial Officer and Principal Accounting Officer	2018-09-10
0001752109-18-000002	1	Ena Jones	President/CEO	2018-09-10
0001669191-18-000408	2	Chris Pesigan	Principal Financial Officer	2018-04-30
0001669191-18-000408	1	Tyrre Burks	Principal Executive Officer	2018-04-30
0001669191-18-000410	1	Andrew  Weinberger	Principal Executive Officer	2018-06-13
0001669191-18-000406	3	Wallace Santos	Principal Accounting Officer	2018-03-16
0001669191-18-000406	2	Wallace Santos	Principal Financial Officer	2018-03-16
0001669191-18-000406	1	Wallace Santos	Principal Executive Officer	2018-03-16
0001665160-18-000906	1	Mark Lyle	CEO, CTO, Principal Executive Officer and Director, Principal Financial Officer and Principal Accounting Officer	2018-09-10
0001665160-18-000906	2	Chris Ladwig	Chief Design Officer and Director	2018-09-10
0001751259-18-000003	1	Scott A. Baker	President	2018-09-10
0001670254-18-000434	2	Jaime Frand	CEO	2018-09-06
0001670254-18-000436	4	Nikola Mrvaljevic	CEO	2018-09-07
0001670254-18-000436	3	Carsten Winsnes	COO	2018-09-07
0001670254-18-000436	2	Nikola Mrvaljevic	CEO	2018-09-07
0001670254-18-000436	1	Filipp Shpomer	Treasurer	2018-09-07
0001670254-18-000434	1	Jaime Frand	CEO	2018-09-06
0001665160-18-000905	2	David Anderson	Principal Financial Officer and Principal Accounting Officer	2018-09-07
0001665160-18-000905	1	Greg Nelson	CEO, Principal Executive Officer and Director	2018-09-07
0001749079-18-000001	1	Vladimir Tereshkov	CEO	2018-09-07
0001665160-18-000904	1	Tony Chan	CEO, Principal Executive Officer and Director, Principal Financial Officer and Principal Accounting Officer	2018-09-07
0001669191-18-000402	2	Zachary Silverman	Principal Financial Officer	2018-08-31
0001669191-18-000402	3	Zachary Silverman	Principal Accounting Officer	2018-08-31
0001669191-18-000402	4	Zachary Silverman	Board Member	2018-08-31
0001669191-18-000402	1	Zachary Silverman	Principal Executive Officer	2018-08-31
0001665160-18-000903	2	Joe Storment	Principle Financial Officer and Principal Accounting Officer	2018-09-07
0001665160-18-000903	1	Michael Schoening	President, Principal Executive Officer and Director	2018-07-31
0001665160-18-000902	2	Ron Erickson	Director	2018-09-07
0001665160-18-000902	3	David Markowski	Principal Financial Officer, Principal Accounting Officer	2018-09-07
0001665160-18-000902	1	Aaron Itzkowitz	CEO, President, Chairman, Director, Principal Executive Officer	2018-09-07
0001665160-18-000900	2	Joe Storment	Principle Financial Officer and Principal Accounting Officer	2018-09-07
0001665160-18-000900	1	Michael Schoening	President, Principal Executive Officer and Director	2018-07-31
0001669191-18-000398	4	Trevor  Castor	Board Member	2018-08-30
0001669191-18-000398	1	Trevor  Castor	Principal Executive Officer	2018-08-29
0001669191-18-000398	2	James  Falese	Principal Financial Officer	2018-08-29
0001669191-18-000398	3	James  Falese	Principal Accounting Officer	2018-08-29
0001665160-18-000897	1	Joshua Paul Christensen	CEO, Principal Executive Officer and Director, Principal Financial Officer and Principal Accounting Officer	2018-09-06
0001750894-18-000001	1	Justin Lee	CEO	2018-09-06
0001665160-18-000895	1	Raghuram Balasubramanian	CEO, Principal Executive Officer, Director, Principal Accounting Officer, Principal Financial Officer	2018-09-06
0001665160-18-000895	2	Priya Krishnamurthy	Director	2018-09-06
0001665160-18-000892	1	Marcus Martin II	CEO and Principal Executive Officer	2018-09-06
0001665160-18-000892	2	Jason T Britton	Director, Principal Financial Officer and Principal Accounting Officer	2018-09-06
0001749046-18-000003	5	/s/ Alexsandra Guerra	Co-Manager	2018-09-06
0001749046-18-000003	4	/s/ Christophe Jospe	Co-Manager	2018-09-06
0001749046-18-000003	2	/s/ Paul Carduner	Co-Manager	2018-09-06
0001749046-18-000003	1	/s/ Paul Gambill	Chief Executive Officer and Co-Manager	2018-09-06
0001749046-18-000003	3	/s/ Aldyen Donnelly	Co-Manager	2018-09-06
0001742857-18-000003	1	G. Michael Weiksner	Manager of the Issuer's Manager	2018-09-05
0001749046-18-000002	5	Alexsandra Guerra	Co-Manager	2018-09-05
0001749046-18-000002	1	Paul Gambill	Chief Executive Officer and Co-Manager	2018-09-05
0001749046-18-000002	2	Paul Carduner	Co-Manager	2018-09-05
0001749046-18-000002	3	Aldyen Donnelly	Co-Manager	2018-09-05
0001749046-18-000002	4	Christophe Jospe	Co-Manager	2018-09-05
0001665160-18-000888	3	James Hyde	Vice Chairman and Director	2018-09-05
0001665160-18-000888	4	Glenn Pohs	Director	2018-09-05
0001665160-18-000888	2	Steven Relis	Principal Financial Officer and Principal Accounting Officer	2018-09-05
0001665160-18-000888	1	Steve Vanechanos	Executive Chairman, CEO, Principal Executive Officer and Director	2018-09-05
0001742055-18-000001	2	Planet 9 Studios, Inc.	Director	2018-09-05
0001742055-18-000001	1	David Colleen	Director	2018-09-05
0001665160-18-000886	1	Pietro Gabriele	CEO, Principal Executive Officer and Director, Principal Financial Officer and Principal Accounting Officer	2018-09-05
0001745548-18-000004	1	Theodore Lee	CEO and Director	2018-09-05
0001745548-18-000004	2	Michael Kim	COO and Director	2018-09-05
0001665160-18-000883	2	Richard Sherman	COO, Principal Financial Officer, Principal Accounting Officer, and Director	2018-09-04
0001665160-18-000883	1	Alaxander Villmann	CEO, Principal Executive Officer and Director	2018-09-04
0001665160-18-000884	1	Jake Obremski	CEO, Principal Executive Officer and Director, Principal Financial Officer and Principal Accounting Officer	2018-09-04
0001665160-18-000881	2	David Sastry	Director, Principal Financial Officer, Principal Accounting Officer	2018-09-04
0001665160-18-000881	1	Paul Moller	CEO, Principal Executive Officer	2018-09-04
0001665160-18-000880	1	Joseph Anselmo	CEO, Principal Executive Officer and Director, Principal Financial Officer and Principal Accounting Officer	2018-09-04
0001675773-18-000004	1	Jake Shapiro	CEO and President and Director	2018-09-04
0001751259-18-000002	1	Scott A. Baker	President	2018-09-04
0001670254-18-000429	3	Chris Tan	CEO and Co-Founder	2018-08-31
0001670254-18-000427	1	Neil Epstein	CEO / President	2018-08-31
0001670254-18-000432	1	Stacy Lowery	President	2018-02-09
0001670254-18-000432	2	Alex Hall	CEO	2018-02-09
0001670254-18-000431	1	Anne Maleady	Board member	2018-06-15
0001670254-18-000431	2	Kimberly Anne Riether Coupounas	Board Member	2018-06-04
0001670254-18-000431	3	Demetri Coupounas	CEO	2018-06-04
0001670254-18-000429	2	Bobby Lee	CFO	2018-08-31
0001670254-18-000429	1	Rick Reynolds	Secretary	2018-08-31
0001670254-18-000424	3	Stephen Porter	Co-Founder and CEO	2018-08-30
0001670254-18-000426	1	Philip Guerin	Managing Member	2018-08-28
0001670254-18-000424	1	John Porter	Co-Founder	2018-08-31
0001670254-18-000424	2	Hans Seezen	Director and CFO	2018-08-31
0001751635-18-000003	1	Sona Shah	CEO	2018-08-31
0001751635-18-000003	2	Teresa Cauvel	CTO	2018-08-31
0001670254-18-000422	1	Randy Stenger	Founder/CEO	2018-08-31
0001670254-18-000419	1	Rod Ford	Chairman and CEO	2018-08-30
0001670254-18-000416	1	Andrea A Kirschner	Interim CFO	2018-08-30
0001670254-18-000416	2	Akiva Resnikoff	Founder & CEO The Cookie Department	2018-08-29
0001670254-18-000415	1	Chris Taylor	Producer / Writer	2018-08-21
0001751259-18-000001	1	Scott A. Baker	President	2018-08-30
0001670254-18-000414	2	Donald F Thompson	Brewmaster	2018-08-24
0001670254-18-000414	1	Mary M Thompsona	Director of brewing operations	2018-08-24
0001670254-18-000414	3	Davis Sean Tucker	President/Founder	2018-08-22
0001670254-18-000413	1	Gene M Perez	COO	2018-07-12
0001670254-18-000413	2	Alan Bignall	CFO	2018-07-12
0001670254-18-000413	3	Jeffrey Isquith	President and CEO	2018-07-12
0001665160-18-000877	2	Michael Machat	CEO, Principal Executive Officer and Director, Principal Financial Officer and Principal Accounting Officer	2018-08-30
0001665160-18-000877	1	Lisa Machat	Director	2018-08-30
0001665160-18-000876	1	Robert J Freedman	CEO, Principal Executive Officer and Manager	2018-08-30
0001665160-18-000876	2	Coan I Knight	Controller	2018-08-30
0001658754-18-000001	4	Ken Hayes	Director	2018-08-29
0001658754-18-000001	1	Richard Hull	Director	2018-08-29
0001658754-18-000001	2	Sergio Radovcic	Director	2018-08-29
0001658754-18-000001	3	Buck Jordan	Director	2018-08-29
0001746291-18-000004	1	OLUSEUN ODUMUSI	CEO	2018-08-30
0001670254-18-000412	1	Mark How	Chief Revenue Officer	2018-08-08
0001670254-18-000412	6	James Schmachtenberger	CEO	2018-08-06
0001670254-18-000407	1	Tim St.Martin	CEO	2018-05-01
0001665160-18-000869	1	Kevin J. Williams	CEO, Principal Executive Officer and Director, Principal Financial Officer and Principal Accounting Officer	2018-08-29
0001670254-18-000411	1	Sheryl Briggs	President	2018-08-04
0001670254-18-000412	5	Hakan Lindskog	Chief Operating Officer	2018-08-07
0001670254-18-000412	4	R. Jordan Hall	Executive Chairman	2018-08-07
0001670254-18-000412	3	Shawn Ramer	SVP Product Development	2018-08-07
0001670254-18-000412	2	Daniel Schmachtenberger	Chief Strategy Officer	2018-08-07
0001750975-18-000002	1	Victor Harvey	CEO	2018-08-29
0001670254-18-000408	3	Joseph Hyman	Co-Founder and CEO	2018-08-23
0001670254-18-000408	2	Ezekiel Kolajo	Lead Engineer	2018-08-23
0001670254-18-000408	1	Alexandre Wing	Co-Founder and Creative Lead	2018-08-23
0001665160-18-000873	2	Vlad Lobak	CEO, Principal Executive Officer and Director, Principal Financial Officer and Principal Accounting Officer	2018-08-29
0001665160-18-000873	1	Den Tolmor	Director	2018-08-29
0001750513-18-000001	1	Sean Kanter	Manager	2018-08-29
0001665160-18-000864	2	Steve Fambro	Principal Executive Officer and Director, Principal Accounting Officer	2018-08-29
0001665160-18-000864	1	Chris Anthony	Principal Executive Officer and Director, Principal Financial Officer	2018-08-29
0001683168-18-002559	1	/s/ Charles Feltman	President	2018-08-29
0001665160-18-000863	2	David Anderson	Principal Financial Officer and Principal Accounting Officer	2018-08-29
0001665160-18-000863	1	Greg Nelson	CEO, Principal Executive Officer and Director	2018-08-29
0001665160-18-000871	2	Shazad Contractor	Principle Financial Officer and Principal Accounting Officer	2018-08-29
0001665160-18-000871	1	Dorothy McKinney	CEO, Principal Executive Officer and Director	2018-07-31
0001670254-18-000406	1	Andrew Gazdecki	CEO and Co-Founder	2018-08-07
0001670254-18-000405	1	Domingo Correa	President and CEO	2018-08-23
0001670254-18-000404	1	Site Li	Co-founder & COO	2018-08-27
0001670254-18-000404	2	Patrick Hoban	Co-founder & CEO	2018-08-27
0001670254-18-000403	1	Darren Garvey	Owner	2018-08-28
0001670254-18-000402	1	Sajal Sahay	Co-Founder & CEO	2018-08-24
0001670254-18-000402	2	Arti Kapoor	Director	2018-08-24
0001670254-18-000402	3	Asheesh Barman	Co-Founder, President, & COO	2018-08-24
0001670254-18-000401	2	Giana Korth	Head of Client Strategy	2018-07-31
0001670254-18-000401	3	Jennifer Eden	CEO	2018-07-31
0001670254-18-000401	1	Gabriela Alves	COO	2018-08-01
0001683168-18-002552	1	/s/ Ronald Wilson	Chief Executive Officer, Principal Financial Officer, Principal Accounting Officer and Director	2018-08-29
0001683168-18-002552	2	/s/ Matthew Paulson	Director	2018-08-29
0001683168-18-002552	3	/s/ James Caccavo	Director	2018-08-29
0001683168-18-002552	4	/s/ Kevin Park	Director	2018-08-29
0001683168-18-002552	5	/s/ Darren Yager	Director	2018-08-29
0001665160-18-000862	1	Marcus Laun	CEO, Principal Executive Officer and Director, Principal Financial Officer and Principal Accounting Officer	2018-08-29
0001670254-18-000400	3	Daniel Schulof	Co-founder and CEO	2018-08-21
0001670254-18-000400	1	Michael D'Amico	CFO	2018-08-23
0001670254-18-000400	2	Nathan Mostow	COO	2018-08-22
0001665160-18-000861	1	Essam Tawfik Marcus	CEO, Principal Executive Officer and Director, Principal Financial Officer and Principal Accounting Officer	2018-08-29
0001670254-18-000399	3	Ryan Rafols	Founder & CEO	2018-08-22
0001670254-18-000399	1	Travis Brodeen	Founder & CTO	2018-08-22
0001670254-18-000399	2	Judd Hollas	CFO	2018-08-22
0001665160-18-000860	1	Michael Licamele	CEO, Principal Executive Officer and Sole Director, Principal Financial Officer and Principal Accounting Officer	2018-08-28
0001665160-18-000859	1	Charles S. Cotropia	CEO, Principal Executive Officer and Director, Principal Financial Officer and Principal Accounting Officer	2018-08-28
0001665160-18-000858	1	Avi Bernard	CEO, Principal Executive Officer and Director, Principal Financial Officer and Principal Accounting Officer	2018-08-28
0001665160-18-000856	1	Waldemar F. Kissel Jr.	CEO, Principal Executive Officer and Manager, Principal Financial Officer and Principal Accounting Officer	2018-08-27
0001750975-18-000001	1	Victor Harvey	CEO	2018-08-27
0001665160-18-000854	3	Suit Khown Chan	Principal Financial Officer and Principle Accounting Officer	2018-08-27
0001665160-18-000853	1	Richard L Medlen	CEO, Principal Executive Officer and Director, Principal Financial Officer and Principal Accounting Officer	2018-08-27
0001665160-18-000854	1	Esmond Goei	CEO, Principal Executive Officer and Director	2018-08-27
0001665160-18-000854	2	Robert Kent	CMO, Vice Chairman and Director	2018-08-27
0001665160-18-000852	1	Waldemar F. Kissel Jr.	CEO, Principal Executive Officer and Manager, Principal Financial Officer and Principal Accounting Officer	2018-08-27
0001669191-18-000394	1	Frank DeGeorge	Principal Executive Officer	2018-08-21
0001669191-18-000394	2	Scott Hansbury	Principal Financial Officer and Principal Accounting Officer	2018-08-21
0001735494-18-000006	1	Jameen Willis	Managing Director	2018-08-27
0001735494-18-000006	2	Nicole Willis	CEO	2018-08-27
0001744818-18-000002	2	Jason Calacanis	CEO	2018-08-24
0001744818-18-000002	3	Roelof Botha	Board Member	2018-08-25
0001744818-18-000002	1	Austin Smith	President	2018-08-24
0001665160-18-000849	1	Jesse Lee Carrigan	CEO, Manager, Principal Financial Officer and Principal Accounting Officer	2018-08-24
0001750508-18-000001	1	Bethany Ruhe	Owner	2018-08-24
0001670254-18-000397	2	Daniel Poane	Owner	2018-07-25
0001670254-18-000397	1	Christine Poane	Owner	2018-07-25
0001704607-18-000001	1	Rachel Major	CEO and Director	2018-08-24
0001704607-18-000001	2	Ari Ochoa	CTO and Director	2018-08-24
0001693411-18-000004	1	Casey Minshew	Director	2018-08-24
0001693411-18-000004	2	Philip Racusin	Director	2018-08-24
0001693411-18-000004	3	Michael Racusin	Director	2018-08-24
0001693411-18-000003	2	Ryan Austin	Director	2018-08-24
0001693411-18-000003	1	Brandon Austin	CEO and Director	2018-08-24
0001669191-18-000392	4	Harold Zaima	Board Member	2018-03-31
0001669191-18-000392	1	Bradley Ahlgren	Principal Executive Officer	2018-03-31
0001669191-18-000392	3	Harold Zaima	Principal Accounting Officer	2018-03-31
0001669191-18-000392	2	Harold Zaima	Principal Financial Officer	2018-03-31
0001669191-18-000392	5	Bradley Ahlgren	Board Member	2018-03-31
0001669191-18-000389	4	Diego Mendes Alves	Board Member	2018-03-29
0001669191-18-000389	2	Diego Mendes Alves	Principal Financial Officer	2018-03-29
0001669191-18-000389	1	Diego Mendes Alves	Principal Executive Officer	2018-03-29
0001669191-18-000389	3	Diego Mendes Alves	Principal Accounting Officer	2018-03-29
0001670254-18-000395	1	Phillip Henry	President & CEO	2018-08-23
0001669191-18-000387	3	Alex Melehy	Principal Accounting Officer	2018-06-29
0001669191-18-000387	4	Alex Melehy	Board Member	2018-06-29
0001669191-18-000387	2	Alex Melehy	Principal Financial Officer	2018-06-29
0001669191-18-000387	1	Alex Melehy	Principal Executive Officer	2018-06-29
0001670254-18-000393	2	Bobby Marhamat	Co-Founder & CEO	2018-08-22
0001670254-18-000393	1	Marius Domokos	Co-Founder	2018-08-23
0001669191-18-000383	1	Mark Jennings	Principal Executive Officer	2017-11-30
0001669191-18-000383	2	Mark Jennings	Principal Financial Officer	2017-11-30
0001669191-18-000383	4	Mark Jennings	Board Member	2017-11-30
0001669191-18-000383	3	Mark Jennings	Principal Accounting Officer	2017-11-30
0001669191-18-000380	1	Maureen Lloren	Principal Executive Officer	2018-05-14
0001669191-18-000380	2	Ned Sedlak	Principal Financial Officer	2018-05-14
0001669191-18-000380	4	Maureen Lloren	Board Member	2018-05-14
0001669191-18-000380	3	Mike Beck	Principal Accounting Officer	2018-05-14
0001717111-18-000001	1	Molly Madden	Director	2018-08-23
0001717111-18-000001	3	Stephen Rye Switzer	Director	2018-08-23
0001717111-18-000001	2	Stephanie Sprinkle	Director	2018-08-23
0001745226-18-000005	3	Ben Arnon	Manager	2018-08-23
0001745226-18-000005	2	Christian Hendricks	Manager	2018-08-23
0001745226-18-000005	1	Jeff Tennery	Manager	2018-08-23
0001684321-18-000005	1	Christy J. Jepson	Manager	2018-08-23
0001670254-18-000392	1	Oscar Chow	CEO/Founder	2018-07-17
0001670254-18-000391	1	Darren Garvey	Owner	2018-08-03
0001720733-18-000001	1	Tiffany Lacsado	Director, Chief Financial Officer	2018-08-23
0001720733-18-000001	3	Kristin Clayton	Director	2018-08-23
0001720733-18-000001	2	Corey S. Dishmon	Director	2018-08-23
0001670254-18-000389	4	Donald Harris	VP Production	2018-08-13
0001670254-18-000389	2	Bill Campbell	Co-Founder	2018-08-13
0001670254-18-000389	3	Ron Harris	VP Talent Relations	2018-08-13
0001670254-18-000389	5	Jason Brown	CEO	2018-08-13
0001670254-18-000389	1	Kathy Campbell	Co-Founder	2018-08-13
0001743800-18-000002	1	/Gregory Miller/	President	2018-08-23
0001750337-18-000006	1	Debra M. Spotts	President	2018-08-23
0001665160-18-000848	1	Jonathan Fuller	CEO, Principal Executive Officer and Director, Principal Financial Officer and Principal Accounting Officer	2018-08-22
0001665160-18-000846	1	Harold Jonas	CEO, Principal Executive Officer and Director, Principal Financial Officer and Principal Accounting Officer	2018-08-22
0001670254-18-000388	1	Owen Gonzales	COO	2018-07-27
0001670254-18-000388	2	jerry washburn	cfo	2018-07-27
0001670254-18-000388	3	Jonathan Greenburg	CEO	2018-07-27
0001665160-18-000844	1	Brad Rego	CEO, Principal Executive Officer and Manager, Principal Financial Officer and Principal Accounting Officer	2018-08-22
0001670254-18-000387	1	Mark Stephenson	Director	2018-08-09
0001670254-18-000387	2	Richard Yanda	President	2018-08-03
0001670254-18-000386	2	Richard Grover	Founder/CEO	2018-07-02
0001670254-18-000386	1	Richard Grover	Founder/CEO	2018-07-02
0001665160-18-000843	1	George B. Brown	CEO, Principal Executive Officer and Director, Principal Financial Officer and Principal Accounting Officer	2018-08-22
0001665160-18-000842	4	John DeVincent	Director	2018-08-22
0001665160-18-000842	2	Simon Goode	Principal Financial Officer and Principal Accounting Officer	2018-08-22
0001665160-18-000842	3	David Donald	Director	2018-08-22
0001665160-18-000842	1	Brian Powell	CEO and Principal Executive Officer	2018-08-22
0001665160-18-000841	1	Jordan Weiss	Co-CEO, Principal Executive Officer and Director, Principal Financial Officer and Accounting Officer	2018-08-22
0001665160-18-000841	2	Rachel Kimelman	Co-CEO and Director	2018-08-22
0001749553-18-000002	2	Ernest Nee-Nueh Nortey	Member	2018-08-20
0001749553-18-000002	1	Kai Nortey	Member	2018-08-20
0001684004-18-000001	1	Mark Murrell	CEO	2018-08-22
0001749548-18-000002	1	Jenn Diesi	Chief Executive Officer, President, Chief Financial Officer, Director	2018-08-21
0001665160-18-000840	1	John R. Humphrey	CEO and Founder, Principal Executive and Director	2018-08-21
0001665160-18-000840	2	Scott Marchard	CFO and Principal Financial Officer and Principal Accounting Officer	2018-08-21
0001675481-18-000003	1	Lynn Johnson	CEO, Treasurer, Director	2018-08-20
0001675481-18-000003	2	Allison Kenny	Director	2018-08-20
0001741753-18-000002	1	Paula Dezzutti Hewlette	Director, President, Chief Executive Officer	2018-08-21
0001665160-18-000838	1	Cory Faulkner	CEO, Principal Executive Officer and Director, Principal Financial Officer, and Principal Accounting Officer	2018-08-21
0001675481-18-000002	1	Lynn Johnson	CEO, Treasurer, Director	2018-08-20
0001675481-18-000002	2	Allison Kenny	Director	2018-08-20
0001706937-18-000002	1	Christopher Sopher	CEO	2018-08-21
0001706937-18-000002	2	Bruce Pinchbeck	Director	2018-08-21
0001706937-18-000002	3	Rebekah Monson	Director	2018-08-21
0001665160-18-000837	1	Peter Kaufman	CEO, Principal Executive Officer and Director, Principal Financial Officer and Principal Accounting Officer	2018-08-21
0001739018-18-000002	1	David Borinksy	Manager of Manager, CHZ Management, LLC	2018-08-21
0001665160-18-000836	1	Mark Baldino	CEO, Principal Executive Officer and Director, Principal Financial Officer and Principal Accounting Officer	2018-08-20
0001750337-18-000005	1	Debra M. Spotts	President	2018-08-20
0001750337-18-000004	1	Debra M. Spotts	President	2018-08-20
0001750337-18-000003	1	Debra M. Spotts	President	2018-08-20
0001750307-18-000002	1	Gregory Reaves	Managing member of Manager, Mosaic Development Partners, LLC	2018-08-20
0001665160-18-000835	1	Joseph Daniluk	CEO, Principal Executive Officer and Director, Principal Financial Officer, Secretary and Principal Accounting Officer	2018-08-20
0001750337-18-000002	1	Debra M. Spotts	President	2018-08-20
0001750307-18-000001	1	Gregory Reaves	Managing member of Manager, Mosaic Development Partners, LLC	2018-08-20
0001665160-18-000833	2	Matthew Moroney	Principal Financial Officer and Manager	2018-08-17
0001665160-18-000833	1	Franz Hochstrasser	Principal Executive Officer and Manager	2018-08-17
0001665160-18-000833	3	Kwasi Ansu	Controller and Manager	2018-08-17
0001750337-18-000001	1	Debra Spotts	President	2018-08-17
0001665160-18-000831	1	Pete Wong	CEO, Principal Executive Officer and Director, Principal Financial Officer and Principal Accounting Officer	2018-08-17
0001670254-18-000384	1	Domingo Correa	President and CEO	2018-08-16
0001700426-18-000002	2	David Vatz	CFO	2018-08-17
0001700426-18-000002	3	Jeremy Kauffman	Director	2018-08-17
0001700426-18-000002	1	Christian Jennewein	CEO	2018-08-17
0001700426-18-000002	4	Darren Shultz	Director	2018-08-17
0001743181-18-000005	2	Greg Smith	Director	2018-08-17
0001743181-18-000005	1	Harold Hughes	Director	2018-08-17
0001743181-18-000005	3	Kwame Anku	Director	2018-08-17
0001670254-18-000383	2	David William Epstein	Chairman of the Board	2018-08-16
0001670254-18-000383	1	Teresa LoBue	Director	2018-08-16
0001670254-18-000383	3	Robert Nathanson	CEO	2018-08-16
0001723146-18-000007	1	Terri Arthur	Owner & CEO	2018-08-17
0001650631-18-000002	1	Cullen Schwarz	CEO and Director	2018-08-17
0001650631-18-000002	2	Howard Fischer	Director	2018-08-17
0001670254-18-000380	3	John Lynch	Founder	2018-08-16
0001670254-18-000380	1	John Haseley	Managing Member	2018-08-16
0001670254-18-000380	2	John Stephan	Managing Member	2018-08-16
0001665160-18-000828	1	Saritta Hines	CEO, Principal Executive Officer and Director, Principal Financial Officer and Principal Accounting Officer	2018-08-16
0001665160-18-000827	1	Jim Riley	CEO and Principal Executive Officer and Director	2018-08-16
0001665160-18-000827	2	Eric Morley	Principal Financial Officer and Principal Accounting Officer	2018-08-16
0001670254-18-000377	1	Jacob Dobbins	Founder- CEO	2018-08-15
0001670254-18-000377	2	Ricardo Velez	Founder  Co-CEO	2018-08-15
0001669191-18-000378	1	Christopher Lustrino	Principal Executive Officer	2018-06-15
0001669191-18-000378	3	Christopher Lustrino	Principal Accounting Officer	2018-06-15
0001669191-18-000378	2	Christopher Lustrino	Principal Financial Officer	2018-06-15
0001669191-18-000376	4	Ronald Smith	Board Member	2018-02-26
0001669191-18-000376	3	John Banigan	Principal Accounting Officer	2018-02-27
0001669191-18-000376	1	John Banigan	Principal Executive Officer	2018-02-27
0001669191-18-000376	2	John Banigan	Principal Financial Officer	2018-02-27
0001739018-18-000001	1	David Borinksy	Manager of Manager, CHZ Management, LLC	2018-08-16
0001665160-18-000826	1	Friso Schmid	Principal Executive Officer and Director, Principal Financial Officer and Principal Accounting Officer	2018-08-15
0001670254-18-000376	1	Rachel E. Bernier-Green	Owner	2018-08-02
0001665160-18-000826	2	Aike Muller	Principal Executive Officer and President	2018-08-15
0001665160-18-000825	1	Jacob Isham	CEO, Managing Member, Principal Financial Officer and Principal Accounting Officer	2018-08-15
0001635926-18-000004	1	Peter Platzer	Director	2018-08-15
0001748253-18-000001	1	Nathan S Zeleznick	Chairman/Chief Executive Officer	2018-08-15
0001665160-18-000823	1	Wilson Encarnacion	CEO, Principal Executive Officer and Director, Principal Financial Officer and Principal Accounting Officer	2018-08-14
0001665160-18-000824	1	John Hussey	CEO, Principal Executive Officer and Director, Principal Financial Officer and Principal Accounting Officer	2018-08-14
0001665160-18-000822	1	Frank DeGeorge	CEO, Principal Executive Officer and Director	2018-08-14
0001665160-18-000822	2	Scott Hansbury	Director, Principal Financial Officer and Principal Accounting Officer	2018-08-14
0001139685-18-000003	1	Jonathan Cohen	Chief Executive Officer	2018-08-14
0001741220-18-000001	1	/s/ Christopher Williams	CEO/Principal Accounting Officer/Board Member	2018-08-09
0001741220-18-000001	2	/s/ Graham Williams	Prinicipal financial Officer / Board Member	2018-08-09
0001665160-18-000821	1	Mamta Sonwalkar	CEO, Principal Executive Officer and Director, Principal Financial Officer and Principal Accounting Officer	2018-08-13
0001665160-18-000820	1	Steven T Gordon	Principal Executive Officer and Manager	2018-08-13
0001665160-18-000820	2	Robert Lloyd	Principle Financial Officer and Principle Accounting Officer	2018-08-13
0001568609-18-000007	3	Brennen Lawrence	CEO	2018-08-13
0001568609-18-000007	2	William (Adam) Greene	Manager and Chief Marketing Officer	2018-08-13
0001568609-18-000007	1	Jennifer Williams	Manager and COO	2018-08-13
0001665160-18-000818	1	Shawn Findlater	CEO, Principal Executive Officer and Director, Principal Financial Officer and Principal Accounting Officer	2018-08-13
0001139685-18-000002	1	Jonathan Cohen	Chief Executive Officer	2018-08-13
0001139685-18-000001	1	Jonathan Cohen	Chief Executive Officer	2018-08-13
0001743080-18-000007	1	Jonathan Serrano	Manager	2018-08-13
0001743080-18-000007	2	Shawn Rao	Manager	2018-08-13
0001665160-18-000814	1	Joe Grimes	CEO, Principal Executive Officer and Director, Principal Financial Officer and Principal Accounting Officer	2018-08-13
0001670254-18-000373	3	Robert Sigmon	CEO, Founder	2018-08-10
0001670254-18-000373	2	Robert Sigmon	CEO, Founder	2018-08-10
0001670254-18-000373	1	John Reeb	Director	2018-08-10
0001665160-18-000811	1	Mark Hanchett	CEO, Principal Executive Officer and Director, Principal Financial Officer and Principal Accounting Officer	2018-08-10
0001665160-18-000812	3	Mark T. Lynn	Co-CEO, Director	2018-08-10
0001665160-18-000812	2	Kevin Morris	Principal Financial Officer and Principal Accounting Officer	2018-08-10
0001665160-18-000812	1	Corey Epstein	Co-CEO, Principal Executive Officer and Director	2018-08-10
0001670254-18-000375	1	Erin Carpenter	CEO	2018-08-09
0001665160-18-000810	4	Manju Kesani	Director	2018-08-10
0001665160-18-000810	3	Dr. Erik Viirr MD PHD	Director	2018-08-10
0001670254-18-000372	1	Ann Marie Stephens	Co-Founder & CEO	2018-08-10
0001665160-18-000810	1	James Tagg	CEO, Principal Executive Officer and Director, Principal Financial Officer and Principal Accounting Officer	2018-08-10
0001665160-18-000810	2	Dr. Edward Guy III	Director and Secretary	2018-08-10
0001670254-18-000371	1	Andrew Gazdecki	CEO and Co-Founder	2018-08-07
0001665160-18-000809	1	Jules Trasleglise	CEO, Principal Executive Officer and Director, Principal Financial Officer and Principal Accounting Officer	2018-08-09
0001742134-18-000009	1	Virginia Robertson	CEO and Director	2018-08-09
0001665160-18-000807	1	Cornell Christanson	CEO, Principal Executive Officer and Manager, Principal Financial Officer and Principal Accounting Officer	2018-08-09
0001665160-18-000804	1	Mamta Sonwalkar	CEO, Principal Executive Officer and Director, Principal Financial Officer and Principal Accounting Officer	2018-08-09
0001665160-18-000802	3	Blake Cherrington	Principal Financial Officer and Principle Accounting Officer	2018-08-08
0001665160-18-000802	4	Diana Sole Wasko	Director	2018-08-08
0001665160-18-000802	5	Douglas Smith	Director	2018-08-08
0001665160-18-000802	1	Tad Walden	CEO and Principal Executive Officer	2018-08-08
0001665160-18-000802	2	Mark Groves	Director	2018-08-08
0001665160-18-000801	2	Peush Jain	Director	2018-08-08
0001665160-18-000801	3	Sachin Arora	Director	2018-08-08
0001670254-18-000369	1	Brian Anthony Williams	President | Chief Executive Officer	2018-08-08
0001670254-18-000369	2	Andree Ng	Co-Founder	2018-08-08
0001665160-18-000801	1	Ankit Chaudhari	CEO, Principal Executive Officer and Director, Principal Financial Officer and Principal Accounting Officer	2018-08-08
0001746875-18-000002	1	Stuart MacLean Ramsay	Manager	2018-08-08
0001746875-18-000002	2	Tacee Kathleen Dewitt-Webb	Member	2018-08-08
0001670254-18-000368	1	John B Richards	CEO	2018-08-02
0001670254-18-000368	2	Eugene Meehan	Chairman	2018-08-02
0001670254-18-000368	3	Hal Gassenheimer	CFO	2018-08-01
0001737909-18-000004	1	Jamyn Edis	CEO	2018-08-08
0001737909-18-000004	2	Brian LANGEL	CTO	2018-08-08
0001665160-18-000800	1	Chris Kolodziejski	CEO, Principal Executive Officer and Manager, Principal Financial Officer and Principal Accounting Officer	2018-08-08
0001665160-18-000795	2	Sean Geng	COO, President, and Principal Financial Officer	2018-08-07
0001665160-18-000795	3	Amy Livingood	Principal Accounting Officer	2018-08-07
0001665160-18-000793	1	/s/ Jorge Verar	Principal Financial Officer and Principal Accounting Officer	2018-08-07
0001665160-18-000797	1	Vikram Chopra	CEO, Principal Executive Officer and Director, Principal Financial Officer and Principal Accounting Officer	2018-08-07
0001665160-18-000795	1	Darby Cox	CEO, Principal Executive Officer and Director	2018-08-07
0001731158-18-000006	1	Keith B. Nowak	CEO and Director	2018-08-07
0001731158-18-000006	2	Eugenio Labadie	COO and Director	2018-08-07
0001670254-18-000366	2	Mark Gallion	COO/Board Member	2018-08-06
0001670254-18-000366	1	Paul S. Heirendt	President	2018-08-06
0001670254-18-000366	3	Matthew Lamons	Founder/CEO	2018-08-06
0001669191-18-000374	3	Ronald Buckner	Principal Accounting Officer	2018-02-27
0001669191-18-000374	1	Neville Golvala	Principal Executive Officer	2018-02-27
0001669191-18-000374	4	Ronald Buckner	Board Member	2018-02-19
0001669191-18-000374	2	Ronald Buckner	Principal Financial Officer	2018-02-27
0001669191-18-000372	2	Mark Jennings	Principal Financial Officer	2017-11-30
0001669191-18-000372	4	Mark Jennings	Board Member	2017-11-30
0001669191-18-000372	3	Mark Jennings	Principal Accounting Officer	2017-11-30
0001669191-18-000372	1	Mark Jennings	Principal Executive Officer	2017-11-30
0001669191-18-000369	4	Andrew  Weinberger	Board Member	2018-06-13
0001669191-18-000369	3	Andrew  Weinberger	Principal Accounting Officer	2018-06-13
0001669191-18-000369	1	Andrew  Weinberger	Principal Executive Officer	2018-06-13
0001669191-18-000369	2	Andrew  Weinberger	Principal Financial Officer	2018-06-13
0001670254-18-000365	2	Darnell Jones	Founder / President	2018-08-03
0001670254-18-000365	1	Danyel Surrency Jones	CO-Founder & CEO	2018-08-06
0001665160-18-000792	1	Arif Ferda Kertmelioglu	Chairman, Principal Executive Officer and Director, Principal Financial Officer and Principal Accounting Officer	2018-08-06
0001665160-18-000791	1	Billy Alabsi	CEO, Principal Executive Officer and Director, Principal Financial Officer and Principal Accounting Officer	2018-08-06
0001665160-18-000789	1	Billy Alabsi	CEO, Principal Executive Officer and Director, Principal Financial Officer and Principal Accounting Officer	2018-08-06
0001739571-18-000004	1	John Smolen	Owner	2018-08-03
0001665160-18-000778	1	Michael P. Maloney	CEO, Principal Executive Officer and Director, Principal Financial Officer and Principal Accounting Officer	2018-08-03
0001670254-18-000361	2	William Davenport	Board Member	2018-08-03
0001670254-18-000363	1	Kelsey Witherow	Founder	2018-08-03
0001670254-18-000361	1	Nancy Roebke	Secretary & Board Member	2018-08-03
0001665160-18-000774	1	Mike Maloney	Founder/CEO	2018-08-03
0001665160-18-000774	2	Richard J Whipple Jr	Board Member	2018-08-03
0001665160-18-000774	3	Jeffery Edward Ludwig	Board Member	2018-08-03
0001665160-18-000787	2	Robert S. Marks	Director, Secretary	2018-08-03
0001665160-18-000787	1	Luka Fajs	CEO, Principal Executive Officer and Director, Principal Financial Officer and Principal Accounting Officer	2018-08-03
0001670254-18-000361	3	Jesse Wacht	Founder, CEO, Executive Producer	2018-08-02
0001719648-18-000002	1	/s/ Corinda Melton	CEO /  Principal Financial Officer / Principal Accounting Officer	2017-10-19
0000352956-18-000002	2	Freeman A. Ford	Chairman Founder	2018-08-01
0000352956-18-000002	1	Robert Leckinger	President & CEO	2018-08-01
0000352956-18-000001	1	Robert Leckinger	President & CEO	2018-08-01
0000352956-18-000001	2	Freeman A. Ford	Chairman Founder	2018-08-01
0001739405-18-000005	2	Nicholas Russell	Managing member of Redwood Hospitality LLC, the managing member	2018-08-03
0001739405-18-000005	1	Steve Wong	Managing member of Redwood Hospitality LLC, the managing member	2018-08-03
0001739109-18-000005	1	John C. Lessel	Special Counsel	2018-08-03
0001665160-18-000773	2	Remy J Sedlmayr	Principal Accounting Officer	2018-08-03
0001665160-18-000773	1	Steven R Sedlmayr	CEO, Principal Executive Officer and Director and Principal Financial Officer	2018-08-03
0001665160-18-000772	1	Jessica Li	CFO, Director, Principal Financial Officer, Principal Accounting Officer	2018-08-03
0001665160-18-000766	1	Nephateri White	CEO, Principal Executive Officer and Director, Principal Financial Officer and Principal Accounting Officer	2018-08-02
0001742846-18-000004	1	Nu Dao	Co-founder/CEO	2018-08-02
0001665160-18-000768	1	Cormac Kinney	CEO, Principal Executive Officer and Director, Principal Financial Officer and Principal Accounting Officer	2018-08-02
0001665160-18-000770	1	Edward R. Monfort	CEO, Principal Executive Officer and Director, Principal Financial Officer, Chief Technology Officer and Principal Accounting Officer	2018-08-02
0001742846-18-000002	1	Nu Dao	Co-founder/CEO	2018-08-02
0001665160-18-000764	2	Larry E. Russell	Principal Accounting Officer and Principal Financial Officer	2018-08-02
0001665160-18-000764	1	David Zinberg	CEO, Principal Executive Officer and Director	2018-08-02
0001748372-18-000001	1	Carlos Ventura	Chief Executive Officer	2018-08-02
0001748372-18-000001	2	Margaret Mulvena	Founder, Executive Chef	2018-08-02
0001732219-18-000011	1	TOMMY ALGATHEN ALLEN	FOUNDER	2018-07-13
0001669191-18-000367	1	John Gallagher	Principal Executive Officer	2018-07-17
0001669191-18-000367	2	John Gallagher	Principal Financial Officer	2018-07-17
0001669191-18-000367	3	John Gallagher	Principal Accounting Officer	2018-07-17
0001669191-18-000367	4	John Gallagher	Board Member	2018-07-17
0001743775-18-000005	1	jai mcfall	Chief Executive Officer	2018-08-02
0001665160-18-000763	3	Robert L. Kent	Director	2018-08-01
0001665160-18-000762	1	Neil Rothenberg	CEO, Principal Executive Officer and Director, Principal Financial Officer and Principal Accounting Officer	2018-08-01
0001665160-18-000763	1	Esmond Goei	Principle Executive officer and Director	2018-08-01
0001665160-18-000763	2	S.K Chan	Principal Financial Officer and Principal Accounting Officer	2018-08-01
0001665160-18-000761	1	Michael Azzarello	CEO, Principal Executive Officer and Director, Principal Financial Officer, Principal Accounting Officer	2018-08-01
0001665160-18-000760	1	Alan Bailey	CEO, Principal Executive Officer and Director, Principal Financial Officer and Principal Accounting Officer	2018-08-01
0001665160-18-000759	2	Remy J Sedlmayr	Principal Accounting Officer	2018-08-01
0001665160-18-000759	1	Steven R Sedlmayr	CEO, Principal Executive Officer and Director and Principal Financial Officer	2018-08-01
0001735360-18-000003	2	Jason Zopf	Director	2018-08-01
0001735360-18-000003	1	Keith Frankel	Director	2018-08-01
0001670254-18-000354	1	Julie Basu	CEO and Head of R&D	2018-07-23
0001670254-18-000354	2	Rishi Mukhopadhyay	COO and Head of Product	2018-07-23
0001670254-18-000355	1	John Giannopoulos	Owner, Managing Partner	2018-07-31
0001670254-18-000360	1	Elena Krasnoperova	Co-founder, CEO	2018-07-31
0001670254-18-000359	1	John Edward Van Cleave	CFO	2018-07-31
0001670254-18-000359	2	Adam Van Cleave	President & CEO	2018-07-23
0001670254-18-000358	2	Jennifer Eden	CEO	2018-07-31
0001670254-18-000358	1	Giana Korth	Head of Client Strategy	2018-07-31
0001738944-18-000008	3	Jeffrey Kurtzman	Manager	2018-07-31
0001670254-18-000357	1	Tim Obert	Co-Founder & CEO	2018-07-31
0001738944-18-000008	1	Nicolas China	CEO and Manager	2018-07-31
0001738944-18-000008	2	Patrick Rife	CVO and Manager	2018-07-31
0001665160-18-000757	1	Brennen Hodge	CEO, Principal Executive Officer and Director, Principal Financial Officer and Principal Accounting Officer	2018-07-31
0001670254-18-000353	1	Terri Lubaroff	Director	2018-05-14
0001670254-18-000353	3	Paul Scanlan	Co-Founder, Chief Executive Officer, Chief Financial Officer and Treasurer, Director	2018-05-14
0001670254-18-000353	2	Jeff Annison	President	2018-05-14
0001665160-18-000755	2	Remy J Sedlmayr	Principal Accounting Officer	2018-07-31
0001665160-18-000755	1	Steven R Sedlmayr	CEO, Principal Executive Officer and Director and Principal Financial Officer	2018-07-31
0001746343-18-000003	2	Jerry Lasco	Founder	2018-07-31
0001746343-18-000003	1	Laura Lasco	Manager of NexGen Restaurants, LLC, the manager	2018-07-31
0001746343-18-000003	3	Cuc Roetelle	Operating Partner	2018-07-31
0001665160-18-000751	1	Vikram Chopra	CEO, Principal Executive Officer and Director, Principal Financial Officer and Principal Accounting Officer	2018-07-31
0001739398-18-000002	1	Lori Daugherty	CEO	2018-07-31
0001746343-18-000001	3	Cuc Roettele	Operating Partner	2018-07-30
0001746343-18-000001	1	Laura Lasco	Manager of NexGen Restaurants, LLC, the manager	2018-07-30
0001746343-18-000001	2	Jerry Lasco	Founder	2018-07-30
0001725941-18-000004	1	Andrew Meagher	CEO	2018-07-31
0001725941-18-000004	2	Rober Gau	Advisor & Part-Time CFO	2018-07-31
0001669191-18-000365	3	Wallace Santos	Principal Accounting Officer	2018-03-16
0001669191-18-000365	2	Wallace Santos	Principal Financial Officer	2018-03-16
0001669191-18-000365	1	Wallace Santos	Principal Executive Officer	2018-03-16
0001665160-18-000744	1	Cory Faulkner	CEO, Principal Executive Officer and Director, Principal Financial Officer and Principal Accounting Officer	2018-07-30
0001665160-18-000746	2	Peter Hubshman	Principal Financial Officer and Principal Accounting Officer	2018-07-30
0001740484-18-000004	2	Rafael Ferreira	Secretary and Director	2018-07-30
0001665160-18-000741	1	Thomas Gianulli	CEO, Principal Executive Officer and Director, Principal Financial Officer and Principal Accounting Officer	2018-07-30
0001665160-18-000748	1	Juliet Andriassian	CEO, Principal Executive Officer and Director, Principal Financial Officer and Principal Accounting Officer	2018-07-30
0001665160-18-000746	1	Jeffrey Chaskin	CEO, Principal Executive Officer and Director	2018-07-30
0001740484-18-000004	1	Helton Souza	Treasurer and Director	2018-07-30
0001665160-18-000738	1	Ryan Cullins	CEO, Principal Executive Officer, Director	2018-07-30
0001665160-18-000738	2	Brian Catudan	Principal Financial Officer, Principal Accounting Officer	2018-07-30
0001735090-18-000004	3	Glenn Shimkus	Director	2018-07-25
0001735090-18-000004	2	Doug Lambert	Director	2018-07-25
0001735090-18-000004	1	Jay Sebben	Director	2018-07-25
0001665160-18-000735	1	Raymond Monner	CEO, Principal Executive Officer and Director, Principal Financial Officer and Principal Accounting Officer	2018-07-27
0001746291-18-000003	1	OLUSEUN ODUMUSI	CEO	2018-07-20
0001665160-18-000731	1	Eric A Pierra	CCEO, Principal Executive Officer and Manager, Principal Financial Officer and Principal Accounting Officer	2018-07-27
0001665160-18-000733	1	Frank Erik Banks	CEO, Principal Executive Officer and Director, Principal Financial Officer and Principal Accounting Officer	2018-07-27
0001684321-18-000004	1	Christy J. Jepson	Manager	2018-07-27
0001747720-18-000001	1	Peter Korbel	CEO and Director	2018-07-27
0001747720-18-000001	2	John Korbel	Director	2018-07-27
0001734260-18-000003	2	Alan Erickson	Director	2018-07-27
0001734260-18-000003	1	Amber McDonald	Chief Executive Officer	2018-07-27
0001734260-18-000003	3	Aaron Dallek	Director	2018-07-27
0001734260-18-000002	1	Michael Costa	Director, President, Secretary and CEO	2018-07-27
0001737017-18-000005	3	Jim Houchins	Manager of UBGP, LLC (sole manager of Uncle Billy's Taproom, LLC)	2018-07-27
0001737017-18-000005	4	Kyle Smith	Controller	2018-07-27
0001737017-18-000005	1	Robert A. Leggett	Manager of UBGP, LLC (sole manager of Uncle Billy's Taproom, LLC)	2018-07-27
0001737017-18-000005	2	Jeffery S Darby	Manager of UBGP, LLC (sole manager of Uncle Billy's Taproom, LLC)	2018-07-27
0001568609-18-000006	1	Jennifer Williams	Manager and COO	2018-06-05
0001568609-18-000006	2	William (Adam) Greene	Manager and Chief Marketing Officer	2018-06-05
0001568609-18-000006	3	Brennen Lawrence	CEO	2018-06-05
0001670254-18-000351	1	Sam Lillie	Founder/CEO	2018-07-25
0001670254-18-000350	1	Clinton Potter	Co-Founder & COO	2018-07-26
0001670254-18-000350	2	Tim Obert	Co-Founder & CEO	2018-07-26
0001669191-18-000363	3	John Banigan	Principal Accounting Officer	2018-02-27
0001669191-18-000363	4	Ronald Smith	Board Member	2018-02-26
0001669191-18-000363	1	John Banigan	Principal Executive Officer	2018-02-27
0001669191-18-000363	2	John Banigan	Principal Financial Officer	2018-02-27
0001669191-18-000361	1	Kwane Watson	Principal Executive Officer	2018-05-01
0001669191-18-000361	3	John Scott Benton	Principal Accounting Officer	2018-05-01
0001669191-18-000361	4	Kwane Watson	Board Member	2018-05-01
0001669191-18-000361	2	Kwane Watson	Principal Financial Officer	2018-05-01
0001748169-18-000001	1	David J Kaplan	CEO	2018-07-26
0001748169-18-000001	2	Alexander Paul Day	COO	2018-07-26
0001748169-18-000001	3	Ravi Lalchandani	CAO	2018-07-26
0001665160-18-000729	1	Scott Satterfield	CEO, Principal Executive Officer and Director, Principal Financial Officer and Principal Accounting Officer	2018-07-26
0001670777-18-000001	3	Chloe Loh	Head of Promotion and Manager	2018-07-26
0001670777-18-000001	2	Greg Fleishman	CSO and Manager	2018-07-26
0001670777-18-000001	1	Lawrence Praeger	CEO and Manager	2018-07-26
0001670254-18-000347	4	Jerry Ropelato	CEO	2018-07-23
0001670254-18-000347	3	David Forsberg	Chief Revenue Officer	2018-07-23
0001670254-18-000347	2	Joey Skinner	COO	2018-07-23
0001670254-18-000347	5	Jerry Ropelato	CEO	2018-07-23
0001670254-18-000347	1	Lesa May	Controller	2018-07-24
0001745004-18-000002	1	Bryan Melendez	CEO	2018-07-25
0001745004-18-000002	2	Vanessa Melendez	Vice President	2018-07-25
0001745004-18-000002	3	Nelson Famadas	CFO	2018-07-25
0001745004-18-000002	4	Nicole Yorksmith	HR Director	2018-07-25
0001742335-18-000002	1	Marcus Davis	CEO	2018-07-25
0001742335-18-000002	2	Connor Morris	CMO	2018-07-25
0001742335-18-000002	3	Austin Fenstermaker	CTO	2018-07-25
0001665160-18-000727	1	Oleg Konko	CEO, Principal Executive Officer and Director, Principal Financial Officer and Principal Accounting Officer	2018-07-25
0001747732-18-000001	1	Adam J. Robison	Chief Executive Officer	2018-07-25
0001665160-18-000724	1	Krishna Ramnath	Chief Executive Manager, Principal Executive Officer and Manager, Principal Financial Officer and Principal Accounting Officer	2018-07-24
0001665160-18-000725	1	Kenneth Farr	CEO, Principal Executive Officer and Director, Principal Financial Officer and Principal Accounting Officer	2018-07-24
0001726073-18-000007	1	Scott Bachman	Manager of Crudefunders, LLC	2018-07-24
0001665160-18-000723	1	Simon Bray	CEO, Principal Executive Officer and Director, Principal Financial Officer and Principal Accounting Officer	2018-07-24
0001737259-18-000005	1	/s/ Terri Bricker	CEO /  Principal Financial Officer / Principal Accounting Officer	2018-07-23
0001665160-18-000721	1	Alexander Titomirov	CEO, Principal Executive Officer and Director, Principal Financial Officer and Principal Accounting Officer	2018-07-24
0001670254-18-000344	1	Gret Glyer	CEO	2018-07-11
0001742335-18-000001	3	Austin Fenstermaker	CTO	2018-07-24
0001742335-18-000001	1	Marcus Davis	CEO	2018-07-24
0001742335-18-000001	2	Connor Morris	CMO	2018-07-24
0001665160-18-000720	1	Sarita Ekya	CEO, Principal Executive Officer and Director, Principal Financial Officer and Principal Accounting Officer	2018-07-24
0001665160-18-000718	1	Carlo Brovero	CEO, Principal Executive Officer and Director, Principal Financial Officer and Principal Accounting Officer	2018-07-23
0001665160-18-000717	1	Brian Hoang	CEO, Principal Executive Officer and Director, Principal Financial Officer and Principal Accounting Officer	2018-07-23
0001745081-18-000002	1	/s/ Christopher Greer	CEO /  Principal Financial Officer / Principal Accounting Officer	2018-06-25
0001735522-18-000004	1	Byron Stepner	CEO	2018-07-23
0001739119-18-000002	1	Alexandre Botteri	Director	2018-07-23
0001665160-18-000715	1	Randy G. Kreider	CEO, Principal Executive Officer and Director, Principal Financial Officer and Principal Accounting Officer	2018-07-23
0001665160-18-000713	1	Jake Obremski	CEO, Principal Executive Officer and Director, Principal Financial Officer and Principal Accounting Officer	2018-07-23
0001736304-18-000004	2	William Fitzmaurice	Director and President	2018-07-23
0001736304-18-000004	1	Edward McMahon	Founder and CEO	2018-07-23
0001736304-18-000004	3	Nancy Bell	Director	2018-07-23
0001743775-18-000004	1	Jai McFal	Chief Executive Officer	2018-07-20
0001665160-18-000710	1	Halfdan Hussie	CEO, Principal Executive Officer and Director, Principal Financial Officer and Principal Accounting Officer	2018-07-20
0001745517-18-000001	2	Patrick Ray	Director	2018-07-19
0001745517-18-000001	1	Tim Griffin	CEO	2018-07-20
0001745517-18-000001	3	DAN REARDON	Dan Reardon	2018-07-19
0001739109-18-000004	1	MICHAEL WAYNE PIERCE	PRESIDENT AND CHAIRMAN	2018-07-20
0001739109-18-000004	2	BRADLEY DYLAN REECE	CHIEF OPERATING OFFICER	2018-07-20
0001746444-18-000001	1	Nita Sederholm	Director	2018-07-20
0001746444-18-000001	2	Antti Uusiheimala	Director	2018-07-20
0001746725-18-000001	1	John C. George	CFO	2018-07-20
0001670254-18-000342	3	St John Frizell	Founder	2018-07-18
0001670254-18-000342	2	Benjamin Schneider	Founder	2018-07-18
0001737259-18-000004	1	/s/ Terri Bricker	CEO /  Principal Financial Officer / Principal Accounting Officer	2018-04-05
0001670254-18-000342	1	Sohui Kim	Founder	2018-07-18
0001669191-18-000358	3	John Gallagher	Principal Accounting Officer	2018-07-17
0001669191-18-000358	4	John Gallagher	Board Member	2018-07-17
0001669191-18-000358	2	John Gallagher	Principal Financial Officer	2018-07-17
0001669191-18-000358	1	John Gallagher	Principal Executive Officer	2018-07-17
0001665160-18-000707	1	Jennifer Lapoint	CEO, Principal Executive Officer and Director, Principal Financial Officer and Principal Accounting Officer	2018-07-19
0001665160-18-000703	1	Terrance Ward	CEO, Principal Executive Officer and Director, Principal Financial Officer and Principal Accounting Officer	2018-07-19
0001737259-18-000003	1	/s/ Terri Bricker	CEO /  Principal Financial Officer / Principal Accounting Officer	2018-04-05
0001723146-18-000006	1	J. Noland	Chief Executive Officer	2018-07-19
0001738942-18-000004	1	Brian Park	CEO and Director	2018-07-19
0001743775-18-000003	1	Jai McFall	Chief Executive Officer	2018-07-19
0001739813-18-000003	1	Lori Daugherty	CEO	2018-07-19
0001665160-18-000701	1	Joseph Pitluck	Co-CEO, Principal Executive Officer and Director, Principal Financial Officer and Principal Accounting Officer	2018-07-18
0001665160-18-000699	1	David Farley	CEO, Principal Executive Officer and Director, Principal Financial Officer and Principal Accounting Officer	2018-07-18
0001747174-18-000001	1	Fernando De Los Rios	Director	2018-07-18
0001723146-18-000005	1	J. Noland	Chief Executive Officer	2018-07-18
0001738944-18-000007	2	Patrick Rife	CVO and Manager	2018-05-23
0001738944-18-000007	1	Nicolas China	CEO and Manager	2018-05-23
0001738944-18-000007	3	Jeffrey Kurtzman	Manager	2018-05-23
0001733803-18-000003	1	Megan Tyrrell	Member	2018-07-18
0001733803-18-000003	2	Richmond Tyrrell	Member	2018-07-18
0001727744-18-000003	1	Paul Scott Hardersen	Chief Executive Officer	2018-07-18
0001738985-18-000002	1	Bruno Wuest	Executive Chairman	2018-07-18
0001745469-18-000002	3	Claudiea Raessler	Board Member	2018-07-09
0001745469-18-000002	2	Kenneth Raessler	CEO	2018-07-09
0001745469-18-000002	1	James McCain	CFO / Principal Accounting Officer	2018-07-09
0001732219-18-000007	1	TOMMY ALGATHEN ALLEN	FOUNDER	2018-07-13
0001665160-18-000696	1	Kenneth Farr	CEO, Principal Executive Officer and Director, Principal Financial Officer and Principal Accounting Officer	2018-07-17
0001665160-18-000698	1	Inman Porter	CEO, Principal Executive Officer and Director, Principal Financial Officer and Principal Accounting Officer	2018-07-17
0001665160-18-000697	1	Kirk Maust	CEO, Principal Executive Officer and Manager, Principal Financial Officer and Principal Accounting Officer	2018-07-17
0001740120-18-000006	1	William Patterson	Member	2018-07-17
0001665160-18-000695	2	Chris Betzing	Principal Accounting Officer and Principal Financial Officer	2018-07-17
0001665160-18-000695	1	Peter Jenson	CEO, Principal Executive Officer, and Principal Executive Director	2018-07-17
0001736388-18-000004	1	Daniel Downs	President	2018-07-16
0001736388-18-000004	2	Paul Sieradzki	Director	2018-07-16
0001669191-18-000354	1	Maureen Lloren	Principal Executive Officer	2018-05-14
0001669191-18-000354	2	Ned Sedlak	Principal Financial Officer	2018-05-14
0001669191-18-000354	4	Maureen Lloren	Board Member	2018-05-14
0001669191-18-000354	3	Mike Beck	Principal Accounting Officer	2018-05-14
0001669191-18-000352	1	Diego Mendes Alves	Principal Executive Officer	2018-03-29
0001669191-18-000352	2	Diego Mendes Alves	Principal Financial Officer	2018-03-29
0001669191-18-000352	4	Diego Mendes Alves	Board Member	2018-03-29
0001669191-18-000352	3	Diego Mendes Alves	Principal Accounting Officer	2018-03-29
0001745469-18-000001	3	James McCain	Principal accounting officer/principal financial officer	2018-07-09
0001745469-18-000001	2	Claudia Raessler	Director	2018-07-09
0001745469-18-000001	1	/s/ Kenneth Raessler	CEO	2018-07-09
0001665160-18-000694	2	Justin Bongi	Co-CEO	2018-07-16
0001665160-18-000694	1	John Pearson	Co-CEO, Principal Executive Officer and Director, Principal Financial Officer and Principal Accounting Officer	2018-07-16
0001726542-18-000002	1	Leah Nussbaum	Chief Operating Officer and Secretary	2018-07-16
0001665160-18-000693	1	Rick Medlen	CEO, Principal Executive Officer and Director, Principal Financial Officer and Principal Accounting Officer	2018-07-13
0001732219-18-000005	1	TOMMY ALGATHEN ALLEN	FOUNDER	2018-07-13
0001665160-18-000692	1	Darryl Lenox	CEO, Principal Executive Officer and Director	2018-07-13
0001665160-18-000692	2	Gary Yuill	CFO, Principal Financial Officer, Principal Accounting Officer, and Director	2018-07-13
0001665160-18-000690	1	Marcus Laun	Co-CEO, Principal Executive Officer and Director, Principal Financial Officer and Principal Accounting Officer	2018-07-13
0001670254-18-000341	1	Darren Garvey	Owner	2018-07-11
0001746386-18-000002	1	Elizabeth Turrigiano	President	2018-07-13
0001746386-18-000002	3	Marta Baumann-Douglas	COO	2018-07-13
0001746386-18-000002	2	Sarah Edwards	CFO	2018-07-13
0001743601-18-000001	1	Darren Walker	CEO	2018-07-13
0001740120-18-000005	1	William Patterson	Member	2018-07-13
0001670254-18-000340	4	Mark How	Chief Revenue Officer	2018-07-09
0001670254-18-000340	5	Hakan Lindskog	Chief Operating Officer	2018-07-09
0001670254-18-000340	6	James Schmachtenberger	CEO	2018-07-09
0001665160-18-000689	1	Pietro Gabriele	CEO, Principal Executive Officer and Director, Principal Financial Officer and Principal Accounting Officer	2018-07-12
0001665160-18-000687	1	Mark Lyle	CEO, CTO, Principal Executive Officer and Director, Principal Financial Officer and Principal Accounting Officer	2018-07-12
0001665160-18-000687	2	Chris Ladwig	Chief Design Officer and Director	2018-07-12
0001665160-18-000686	1	Leland Topham	CEO, Principal Executive Officer, Manager, Principal Financial Officer and Principal Accounting Officer	2018-07-12
0001670254-18-000340	3	Daniel Schmachtenberger	Chief Strategy Officer	2018-07-10
0001670254-18-000340	2	Robert Jordan Hall	Executive Chairman	2018-07-10
0001670254-18-000340	1	Shawn Ramer	Senior VP Product Development	2018-07-10
0001737490-18-000006	1	/s/ Duleeka Ranatunga	CEO, Board Member	2018-07-12
0001708190-18-000002	1	Joseph Storm	Director	2018-07-12
0001708190-18-000002	2	Vivek Dhar	Director	2018-07-12
0001669191-18-000350	1	Andrew  Weinberger	Principal Executive Officer	2018-06-13
0001669191-18-000350	2	Andrew  Weinberger	Principal Financial Officer	2018-06-13
0001669191-18-000350	3	Andrew  Weinberger	Principal Accounting Officer	2018-06-13
0001669191-18-000350	4	Andrew  Weinberger	Board Member	2018-06-13
0001708190-18-000001	1	Joseph Storm	Director	2018-07-12
0001708190-18-000001	2	Vivek Dhar	Director	2018-07-12
0001665160-18-000684	1	Dr. Samir Damani	CEO, Principal Executive Officer and Director	2018-07-11
0001665160-18-000684	2	Patrick Daly	Principal Financial Officer and Principal Accounting Officer	2018-07-11
0001734217-18-000006	1	Charles Rutledge	Manager of Manager, Magazine Race LLC	2018-07-11
0001665160-18-000683	1	Jon Graham	CEO and Director, Principal Financial Officer and Principal Accounting Officer	2018-07-11
0001665160-18-000683	2	Joshua W. Sims	Managing Partner	2018-07-11
0001731872-18-000005	1	Jeff Stevens	Founder	2018-04-05
0001731872-18-000005	2	Genevieve Barlow	Co-Founder	2018-04-05
0001670254-18-000337	1	Peter Spiegel	CEO	2018-07-09
0001670254-18-000339	3	Helene Servillon	Co-Founder	2018-07-10
0001670254-18-000339	1	Jason A Hobson	Co-Founder	2018-07-10
0001670254-18-000339	2	David Nikzad	Founder	2018-07-10
0001665160-18-000681	1	Matthew Sinderbrand	CEO	2018-07-10
0001665160-18-000681	2	Gary Sinderbrand	Principal Executive Officer and Director, Principal Financial Officer and Principal Accounting Officer	2018-07-10
0001733819-18-000004	1	Sameer Patel	Manager of APRB, LLC, the manager	2018-07-10
0001733819-18-000004	2	Patrick Bruce	Partner of APRB, LLC, the manager	2018-07-10
0001665160-18-000679	1	Steve Nauert	CEO, Principal Executive Officer and Director, Principal Financial Officer and Principal Accounting Officer	2018-07-10
0001669191-18-000348	3	Adam  Lopez	Principal Accounting Officer	2018-03-17
0001669191-18-000348	2	Adam  Lopez	Principal Financial Officer	2018-03-17
0001669191-18-000348	1	Adam  Lopez	Principal Executive Officer	2018-03-17
0001670254-18-000336	1	Francisco Bonilla Kuhlmann	Founder and CEO	2018-07-05
0001665160-18-000676	1	Sarita Ekya	CEO, Principal Executive Officer and Director, Principal Financial Officer and Principal Accounting Officer	2018-07-09
0001665160-18-000674	2	Mark Groves	Director	2018-07-09
0001665160-18-000674	3	Blake Cherrington	Principal Financial Officer and Principle Accounting Officer	2018-07-09
0001665160-18-000674	4	Diana Sole Wasko	Director	2018-07-09
0001665160-18-000674	1	Tad Walden	CEO and Principal Executive Officer	2018-07-09
0001665160-18-000674	5	Douglas Smith	Director	2018-07-09
0001737490-18-000005	1	/s/ Duleeka Ranatunga	CEO, Board Member	2018-07-09
0001665160-18-000672	1	Pietro Gabriele	CEO, Principal Executive Officer and Director, Principal Financial Officer and Principal Accounting Officer	2018-07-06
0001670254-18-000335	3	Alexander Shkolnik	CEO	2018-07-06
0001670254-18-000335	1	Nikolay Shkolnik	CTO, VP of R&D, Board Member	2018-07-06
0001670254-18-000335	2	Per A. Suneby	Director	2018-07-06
0001665160-18-000670	1	Ben Plaisted	CEO, Principal Executive Officer and Director, Principal Financial Officer and Principal Accounting Officer	2018-07-06
0001669191-18-000346	5	Erick Berglund	Board Member	2018-04-09
0001669191-18-000346	1	Michael Nelson	Principal Executive Officer	2018-04-12
0001669191-18-000346	3	Michael Nelson	Principal Accounting Officer	2018-04-12
0001669191-18-000346	4	Michael Nelson	Board Member	2018-04-09
0001669191-18-000346	2	Michael Nelson	Principal Financial Officer	2018-04-12
0001731813-18-000004	2	Courtney Jones Louks	CEO, Founder, Board Member	2018-07-06
0001731813-18-000004	1	Emily Hines	CFO, Founder, Board Member	2018-07-06
0001731813-18-000004	3	Valerie George	Board Member	2018-07-06
0001669191-18-000343	2	Rena  Andrews	Principal Financial Officer	2018-04-23
0001669191-18-000343	3	Rena  Andrews	Principal Accounting Officer	2018-04-23
0001669191-18-000343	4	Rena  Andrews	Board Member	2018-04-23
0001669191-18-000343	1	Rena  Andrews	Principal Executive Officer	2018-04-23
0001730062-18-000005	1	MATTHEW LIPTON	CHIEF EXECUTIVE OFFICER	2018-07-06
0001670254-18-000334	2	David Nikzad	Founder	2018-07-03
0001670254-18-000334	1	Jason Hobson	Co-Founder	2018-07-04
0001670254-18-000334	3	Helene Servillon	Co-Creator	2018-07-03
0001736448-18-000004	3	Brad Zions	Executive Director	2018-07-06
0001736448-18-000004	1	Andrea Marotti	Co-CEO	2018-07-06
0001736448-18-000004	2	Emanuele Ponzo	Co-CEO	2018-07-06
0001745699-18-000001	1	Aleh Manchuliantsau	CEO	2018-07-02
0001665160-18-000668	1	Charles Powell	CEO, Principal Executive Officer and Director, Principal Financial Officer and Principal Accounting Officer	2018-07-06
0001743080-18-000004	1	Jonathan Serrano	Manager	2018-07-05
0001743080-18-000004	2	Shawn Rao	Manager	2018-07-05
0001738985-18-000001	1	Bruno Wuest	Executive Chairman	2018-07-05
0001739206-18-000002	1	Patrick Davis Jones	CEO of Meg Media Inc.	2018-07-06
0001665160-18-000664	1	Alexander Sitkovetsky	CEO, Principal Executive Officer and Director, Principal Financial Officer and Principal Accounting Officer	2018-07-06
0001669191-18-000340	4	Tyrre Burks	Board Member	2018-04-30
0001669191-18-000340	1	Tyrre Burks	Principal Executive Officer	2018-04-30
0001669191-18-000340	2	Chris Pesigan	Principal Financial Officer	2018-04-30
0001669191-18-000340	3	Chris Pesigan	Principal Accounting Officer	2018-04-30
0001669191-18-000338	1	John Banigan	Principal Executive Officer	2018-02-27
0001669191-18-000338	2	John Banigan	Principal Financial Officer	2018-02-27
0001669191-18-000338	4	Ronald Smith	Board Member	2018-02-26
0001669191-18-000338	3	John Banigan	Principal Accounting Officer	2018-02-27
0001669191-18-000336	4	Xugang Li	Board Member	2018-04-12
0001669191-18-000336	3	Bruce  Weber	Principal Accounting Officer	2018-04-12
0001669191-18-000336	2	Bruce  Weber	Principal Financial Officer	2018-04-12
0001669191-18-000336	1	Xugang Li	Principal Executive Officer	2018-04-12
0001745548-18-000003	1	Theodore Lee	Director	2018-07-05
0001745548-18-000003	2	Michael Kim	Director	2018-07-05
0001745548-18-000002	1	Theodore Lee	Director	2018-07-05
0001745548-18-000002	2	Michael Kim	Director	2018-07-05
0001728855-18-000006	1	Satya Ridhima Parvathaneni	Chief Executive Officer	2018-07-05
0001737477-18-000005	1	Joseph T. Rogers	CEO	2018-07-05
0001669191-18-000334	2	Alex Melehy	Principal Financial Officer	2018-06-29
0001669191-18-000334	1	Alex Melehy	Principal Executive Officer	2018-06-29
0001669191-18-000334	4	Alex Melehy	Board Member	2018-06-29
0001669191-18-000334	3	Alex Melehy	Principal Accounting Officer	2018-06-29
0001726190-18-000002	1	/s/ Cathrine Thibault	CEO	2017-10-30
0001726190-18-000002	2	/s/ Justin Thibault	Principal Financial Officer / Principal Accounting Officer	2017-10-30
0001665160-18-000662	1	Mohammad Ali Mahvan	CEO, Principal Executive Officer and Manager, Principal Financial Officer and Principal Accounting Officer	2018-07-03
0001648770-18-000006	2	/s/Helton Souza	Treasurer and Director	2018-07-03
0001648770-18-000006	3	/s/Rafael Ferreira	Secretary and Director	2018-07-03
0001648770-18-000006	1	/s/Neil Thanedar	President and Chairman of the Board	2018-07-03
0001648770-18-000005	1	/s/Amanda Greenberg	Director, President, Secretary, Treasurer	2018-07-03
0001648770-18-000005	2	/s/Noah Bornstein	Director, Chief Technology Officer	2018-07-03
0001665160-18-000661	1	Richard L Medlen	CEO, Principal Executive Officer and Director, Principal Financial Officer and Principal Accounting Officer	2018-07-03
0001745458-18-000001	1	Allison Lee	Director	2018-07-03
0001665160-18-000660	1	Anup Yogesh  Desai	CEO, Principal Executive Officer and Director, Principal Financial Officer and Principal Accounting Officer	2018-07-03
0001665160-18-000659	1	Daniel Whittemore	CEO, Principal Executive Officer and Director, Principal Financial Officer and Principal Accounting Officer	2018-07-03
0001665160-18-000657	3	Mason Foulk	Director	2018-07-03
0001665160-18-000657	1	A.W. March	CEO, Principal Executive Officer, and Director	2018-07-03
0001665160-18-000657	2	Valarie March	Director, Principal Accounting Officer, and Principal Financial Officer	2018-07-03
0001665160-18-000654	1	Barry Shore	Founder, CEO, Managing Member, Director, Principal Financial Officer and Principal Accounting Officer	2018-07-02
0001735243-18-000003	1	Laura Nettleton	Manager	2018-07-02
0001665160-18-000653	1	Marcus Laun	Co-CEO, Principal Executive Officer and Director, Principal Financial Officer and Principal Accounting Officer	2018-07-02
0001665160-18-000655	1	Aleksey Feldman	CEO, Principal Executive Officer and Director, Principal Financial Officer and Principal Accounting Officer	2018-07-02
0001665160-18-000652	1	David Farley	CEO, Principal Executive Officer and Director, Principal Financial Officer and Principal Accounting Officer	2018-07-02
0001737125-18-000003	2	Jesper Nissen	COO and Director	2018-07-02
0001737125-18-000003	1	Sharmi Albrechtsen	CEO and Director	2018-07-02
0001737933-18-000003	1	Jesse Solomon	Director	2018-07-02
0001665160-18-000650	1	Michael Licamele	CEO, Principal Executive Officer and Sole Director, Principal Financial Officer and Principal Accounting Officer	2018-07-02
0001665160-18-000648	1	Sally Outlaw	CEO, Principal Executive Officer and Director, Principal Financial Officer and Principal Accounting Officer	2018-07-02
0001665160-18-000643	1	Eugene A Fusz	CEO, Principal Executive Officer and Manager, Principal Financial Officer and Principal Accounting Officer	2018-06-29
0001665160-18-000645	1	Govinda Giri	CEO, Principal Executive Officer and Director, Principal Financial Officer and Principal Accounting Officer	2018-06-29
0001670254-18-000333	2	Damon Evans	Founder & CEO Arena Music	2018-06-29
0001670254-18-000333	1	John Chipps-Harding	CTO	2018-06-29
0001670254-18-000331	3	Taylor Ellsworth	CTO	2018-06-29
0001670254-18-000331	2	Pace Ellsworth	CEO	2018-06-29
0001670254-18-000331	1	Daniel W. Pratt	CMO	2018-06-29
0001665160-18-000641	1	Klaus Moeller	CEO, Principal Executive Officer and Director, Principal Financial Officer and Principal Accounting Officer	2018-06-29
