ACCESSION_NUMBER	ID	ISSUER	ISSUERSIGNATURE	ISSUERTITLE
0001665160-20-001645	1	OHDF Franchise, Inc.	Dennis McKinley	CEO, Principal Executive Officer and Director, Principal Financial Officer and Principal Accounting Officer
0001823182-20-000005	1	Ei.Ventures, Inc.	David Nikzad	Chief Executive Officer
0001665160-20-001637	1	SAEBO, Inc.	Todd D. Wiebusch	CEO, Principal Executive Officer and Director, Principal Financial Officer and Principal Accounting Officer
0001665160-20-001634	1	El Tinieblo International, Inc.	Brian Gale	CEO, Principal Executive Officer and Director
0001670254-20-001203	1	Vyrill Inc.	Ajay Bam	CEO & CO-FOUNDER - Vyrill.com
0001820003-20-000010	1	Airo Capital Management, Inc.	Frederic Richardson	Chairman President
0001666102-20-000035	1	SKYWIDE REAL ESTATE INTERNATIONAL LLC	Tianyuan Gu	Chairman
0001665160-20-001625	1	MojiLala, Inc.	Dana Loberg	CEO, Principal Executive Officer and Director, Principal Financial Officer and Principal Accounting Officer
0001665160-20-001624	1	Vegan Fine Foods LLC	Steven Smith	Founder and CEO
0001669191-20-000900	1	WWF Holdings, Inc.	Lonnie Johnson	Principal Executive Officer
0001669191-20-000898	1	ReelwUrld, Inc	Jan  Lucanus	Principal Executive Officer
0001669191-20-000896	1	Ontacad, Inc.	Medhat Ahmed	Principal Executive Officer
0001746059-20-000458	1	Southern Hideout, LLC	Nathaniel Chisley	Owner and CoFounder
0001666102-20-000034	1	SKYWIDE REAL ESTATE INTERNATIONAL LLC	Tianyuan Gu	Chairman
0001665160-20-001623	1	Real McCoy Tea Company	Chris McCoy	CEO, Principal Executive Officer and Director
0001784242-20-000001	1	Humphry Slocombe Group, LLC	Jina Osumi	CEO
0001780039-20-000003	1	Camppedia Inc.	Tudor Palaghita	President and CEO
0001746059-20-000457	1	Katies Kitchen Too, LLC	Katlyn Rodriguez	Owner & President
0001837115-20-000001	1	Realtyna Inc.	Ali Attar	Chief Executive Officer
0001669191-20-000893	1	ReelwUrld, Inc	Jan  Lucanus	Principal Executive Officer
0001665160-20-001618	1	Hundy, Inc.	Peter Budlong	CEO, Principal Executive Officer and Director, Principal Financial Officer and Principal Accounting Officer
0001823182-20-000004	1	Ei.Ventures, Inc.	David Nikzad	Chief Executive Officer
0001654300-20-000007	1	ChoiceTrade Holdings, Inc.	Neville Golvala	CEO
0001821982-20-000006	1	CHAPEL Real Estate LLC	Matt McPheely	Manager, CM Development Partners LLC, CHPL Real Estate LLC's Manager
0001665160-20-001615	1	Clear Genius Inc.	Harry R. Kraatz	CEO, Principal Executive Officer and Director
0001669191-20-000890	1	MYXR Inc	Hans Koch	Principal Executive Officer
0001665160-20-001614	1	A7FL Inc	Sener Korkusuz	CEO, Principal Executive Officer and Director, Principal Financial Officer and Principal Accounting Officer
0001669191-20-000888	1	Monetran, LLC	Don Bielak	Principal Executive Officer
0001706020-20-000007	1	Quad Marine Inc.	Steve Salani	CEO
0001669191-20-000886	1	Laegacy Inc.	Dwi Sutandar	Principal Executive Officer
0001746059-20-000456	1	Dumbdumb Food Truck LLC	Jennifer Walker	CEO
0001706020-20-000006	1	Quad Marine Inc.	Steve Salani	CEO
0001831621-20-000001	1	MIME, INC.	Christopher Merkle	CEO
0001669191-20-000884	1	Ontacad, Inc.	Medhat Ahmed	Principal Executive Officer
0001665160-20-001611	1	NuEyes Technologies, Inc.	Mark Greget	CEO, Principal Executive Officer and Director, Principal Financial Officer and Principal Accounting Officer
0001581437-20-000006	1	DIGITAL DREAM LABS, INC	H. Jacob Hanchar	CEO
0001670254-20-001201	1	Lyfmap, Inc.	Larry Bieza	Founder
0001665160-20-001608	1	Hundy, Inc.	Peter Budlong	CEO, Principal Executive Officer and Director, Principal Financial Officer and Principal Accounting Officer
0001665160-20-001605	1	Parvus Capital Corporation	Jared Elliott	CEO, Principal Executive Officer and Director, Principal Financial Officer and Principal Accounting Officer
0001670254-20-001197	1	Get Clean Online, LLC	Gene Gilchrist	Chief Executive Officer
0001670254-20-001199	1	Roombus, Inc	Dami Jegede	CEO
0001826440-20-000004	1	UV One Hygienics Inc.	Dora Suppes by Sean Fuellhart POA	CEO
0001746059-20-000454	1	Gentile Brewing Company, LLC	Paul Gentile	Owner and CoFounder
0001817438-20-000006	1	digieBot Technologies, Inc.	Doug Kyle by Sean Fuellhart POA	CEO
0001817438-20-000005	1	Hemp Real Estate Investments, Inc.	Tariq Khan by Sean Fuellhart POA	CEO
0001817438-20-000004	1	Cyber Consumer Club Corp	Al Mughairy by Sean Fuellhart POA	CEO
0001665160-20-001601	1	Flower Turbines, Inc.	Mark Daniel Farb	CEO, Principal Executive Officer and Director, Principal Financial Officer and Principal Accounting Officer
0001799231-20-000003	1	HAZN, Inc	Elias Tobias	CEO
0001665160-20-001600	1	Boku International Inc	Lynn Rolle	CEO, Principal Executive Officer and Director, Principal Financial Officer and Principal Accounting Officer
0001665160-20-001599	1	Rumble Motors, Inc.	Reza Khademi	CEO, Principal Executive Officer and Director, Principal Financial Officer and Principal Accounting Officer
0001665160-20-001598	1	Hitch Hotel Inc.	Geoff Patterson	CEO, Principal Executive Officer and Director, Principal Financial Officer and Principle Accounting Officer
0001775794-20-000004	1	RAIDAQ LLC	Adam Steven Fogerson	COO
0001746059-20-000453	1	Perlage Sparkling Wine Club, Inc.	Matthew Demma	Owner and Founder
0001743601-20-000003	1	Building Economic Advancement Network Corp	Darren V. Walker	CEO
0001837254-20-000002	1	HT Naturals Inc.	Zayn Kalyan	President
0001665160-20-001597	1	Saucy Brew Works LLC	Brent Zimmerman	CEO, Principal Executive Officer and Director/Manager
0001665160-20-001596	1	Ryca Motors, Inc.	Casey Stevenson	CEO, Principal Executive Officer and Director, Principal Financial Officer and Principal Accounting Officer
0001665160-20-001595	1	Wireless electrical Grid LAN, WiGL, Inc.	Dr. Ahmad Glover	CEO, Principal Executive Officer and Director, Principal Financial Officer and Principal Accounting Officer
0001817438-20-000003	1	Raindrop Texting Solutions, Inc	Mike Brown by Sean Fuellhart POA	Partner
0001665160-20-001592	1	Psychics1on1, Inc.	Thomas Avallone	President, Principal Executive Officer and Director, Principal Financial Officer and Principal Accounting Officer
0001702607-20-000004	1	Streaming Television Inc	Simon Bray Jr by Sean Fuellhart POA	CEO
0001805526-20-000006	1	Janover Ventures LLC	Blake Janover	President of Blake Elliot Inc., Manager
0001669191-20-000880	1	Jinglz, Inc.	David Markowski	Principal Executive Officer
0001665160-20-001586	1	Zeehaus Inc.	Justin Lee	CEO, Principal Executive Officer and Director, Principal Financial Officer and Principal Accounting Officer
0001683168-20-004450	1	24/7 Labs Corporation	/s/ Marley Roldan	President
0001683168-20-004449	1	PulseWave Energy, Inc.	/s/ Doug DiSanti	President
0001669191-20-000876	1	Dj Holdings, LLC	Jason Hebert	Principal Executive Officer
0001669191-20-000874	1	Backers Inc.	Brian Tinney	Principal Executive Officer
0001669191-20-000872	1	Monetran, LLC	Don Bielak	Principal Executive Officer
0001669191-20-000870	1	PromoShare, Inc.	Ernesto Pedroza	Principal Executive Officer
0001669191-20-000868	1	Mini City, Inc	India  Hayes	Principal Executive Officer
0001669191-20-000866	1	GenesisAI Corporation	Archil Cheishvili	Principal Executive Officer
0001746059-20-000452	1	Old Majestic Brewing Company, LLC	Chad Marchand	Co-Founder
0001669191-20-000864	1	Energy Exploration Technologies, Inc.	Teague Egan	Principal Executive Officer
0001669191-20-000861	1	Zelgor Inc	John Fanning Jr	Principal Executive Officer
0001827897-20-000003	1	Savers Village, LLC	Darryl Scipio, Esq.	Manager of the Manager, DS Real Estate Investors, LLC
0001832495-20-000001	1	MStreetX, Inc	David Rixter by Sean Fuellhart POA	CEO
0001670254-20-001191	1	UNYQ Design Inc.	Eythor Bender	CEO and Co-Founder
0001670254-20-001194	1	Vugo, Inc	Robert Flessner	CEO and Co-Founder
0001789113-20-000002	1	VJCo, Inc.	/s/ Nathan Atkinson	CEO, Director
0001670254-20-001189	1	Oxford Hounds Inc.	James Tulin	CEO
0001533849-20-000008	1	Oscilla Power, Inc.	/s/ BALAKRISHNAN NAIR	PRESIDENT & CTO
0001665160-20-001582	1	Franny's Manufacturing Inc	Jeff Tacy	CEO, Principal Executive Officer and Director, Principal Financial Officer and Principal Accounting Officer
0001823771-20-000003	1	Grove Biomedical LLC	/s/Joseph Rosenberg	President
0001665160-20-001581	1	BIOCURITY PHARMACEUTICALS INC.	MerchantCass Advisors, LLC Nancy Cass	Principal Executive Officer
0001665160-20-001580	1	Life Imaging Fla, Inc.	J. Thomas Graham	CEO, Principal Executive Officer and Director, Principal Financial Officer and Principal Accounting Officer
0001665160-20-001579	1	Locking Line Barriers Corp	Joseph Daniluk	CEO, Principal Executive Officer and Director, Principal Financial Officer, Secretary, and Principal Accounting Officer
0001746059-20-000451	1	Jolie Rogers, LLC	Andrew Rogers	Owner and CoFounder
0001833112-20-000001	1	MicroSalt Inc.	/s/ Konrad Dabrowski	Treasurer, Secretary, and CFO
0001665160-20-001577	1	AgWiki, Inc.	Randy P. Krotz	CEO, Principal Executive Officer and Director, Principal Financial Officer and Principal Accounting Officer
0001665160-20-001575	1	Zenus, Inc.	Panagiotis Moutafis, Ph.D.	CEO, Principal Executive Officer and Director, Principal Financial Officer and Principal Accounting Officer
0001773714-20-000003	1	Core State Holdings Corp	Oleg Cheine	CEO
0001669191-20-000858	1	MYXR Inc	Hans Koch	Principal Executive Officer
0001665160-20-001574	1	Mamie's Pies, Inc.	Kara Romanik	CEO, Principal Executive Officer and Director, Principal Financial Officer and Principal Accounting Officer
0001669191-20-000853	1	Vymedic Inc.	Cynthia Winning	Principal Executive Officer
0001831643-20-000001	1	LIL BUCKS LLC	/s/ Emily Griffith	CEO, Manager
0001689683-20-000005	1	OUR LIFE FOODS, INC.	Christopher Fontenot	CEO
0001831893-20-000004	1	Didactic, Inc.	/s/Gagan Biyani	CEO, Director
0001788691-20-000009	1	BioLargo Water Investment Group, Inc.	Dennis Calvert	President and CEO
0001665160-20-001573	1	Sun Brothers, LLC	Emerson Carnavale	CEO, Principal Executive Officer and Director
0001670254-20-001186	1	Bee Mortgage App, Inc.	Curtis Wood	Co-founder & CEO
0001670254-20-001187	1	InnerG LLC	Nielah Burnett	Chief Juiceista and Lead Yogini
0001665160-20-001572	1	Yerbae Brands Co., Inc.	Todd Gibson	CEO, Principal Executive Officer and Director, Principal Financial Officer and Principal Accounting Officer
0001835222-20-000001	1	Guidance Enterprises LLC	Jason Ridgel	Owner
0001669191-20-000851	1	FinTron, LLC	Wilder  Rumpf	Principal Executive Officer
0001669191-20-000849	1	MAGFAST LLC	Seymour Segnit	Principal Executive Officer
0001669191-20-000847	1	MILLENNIAL FERTILITY CO. LLC	Philip Bock	Principal Executive Officer
0001665160-20-001571	1	Statum Systems Inc.	Frederick Lizza	CEO, Principal Executive Officer and Director, Principal Financial Officer and Principal Accounting Officer
0001830255-20-000002	1	2Sisters2Sons Co	Michael Brown	Co-Owner
0001669191-20-000845	1	MUSTWATCH LLC	Chelinde Edouard	Principal Executive Officer
0001746059-20-000450	1	FROG JUICE INC	Carrie Greshaw	Owner and CEO
0001833081-20-000003	1	Pierogi Pantry LLC	Nikki Odongray	Owner
0001833081-20-000002	1	Compostable Inc.	Monique Figueiredo	Co-Owner
0001670254-20-001184	1	Ciari Guitars, Inc.	Jonathan Spangler	CEO and Founder
0001799979-20-000005	1	Urban Wag, LLC	Minchul An	Chief Executive Officer
0001562529-20-000005	1	SnapDNA Corp	/s/ David Medin	CEO, Director
0001830909-20-000007	1	6d bytes inc.	Vipin Jain	Co-Founder & CEO
0001665160-20-001570	1	CyberDive, Inc.	Jeffrey Gottfurcht	CEO, Principal Executive Officer and Director, Principal Financial Officer and Principal Accounting Officer
0001746059-20-000449	1	Jamie Sheree Edwards	Jamie Edwards	Owner and Founder
0001665160-20-001569	1	Learnt, Inc.	Andrew Nimmich	CEO, Principal Executive Officer and Director, Principal Financial Officer and Principal Accounting Officer
0001805160-20-000004	1	Van Zant House Inc.	Todd Smith	CEO
0001746059-20-000448	1	Bugs Beachin Shaved Ice LLC	Dakotah-Rae Mick	Owner and Founder
0001811855-20-000009	1	goDeskless Inc.	/s/ ASHISH JOSHI	CEO
0001746059-20-000447	1	FJD Partners, LLC	Joshua Rinier	CMO
0001746059-20-000446	1	Rick & Still, LLC	Jarrod Williams	Owner and CoFounder
0001835912-20-000004	1	SHADOW VENTURES ACCELERATOR SUSTAINABILITY 02 LLC	Pramod Reddy	CEO/Chairman
0001834233-20-000002	1	Salone Monet, LLC	/s/ Salone Monet Johnson	CEO, Manager
0001827297-20-000001	1	Trusst Health Inc.	/s/ William J. Hudenko	CEO, Director
0001670254-20-001176	1	Avinu Media Inc.	Ilan Goldberg	Co-founder and COO
0001670254-20-001178	1	Fastpencil, Inc. DBA Opyrus	Arthur Gutch	Founder & CEO
0001670254-20-001174	1	Gluten-Free Kingdom LLC	Jovani Prince	Founder/CEO
0001822029-20-000002	1	Surya Spa, Inc	Roger Soffer	Chief Executive Officer
0001670254-20-001180	1	MedCoShare Inc.	Ronak Vyas	CEO
0001670254-20-001182	1	GenoBank.io Inc	Daniel Uribe	CEO and Co-Founder
0001749594-20-000005	1	Asarasi, Inc.	Adam North Lazar	Chief Executive Officer
0001665160-20-001568	1	Aqua Vault, Inc.	Robert Peck	CEO, Principal Executive Officer and Director
0001670254-20-001171	1	Soul Slice BC	Carla Dearing	Co-founder and CFO
0001669191-20-000843	1	Phoenix PharmaLabs Inc	William W Crossman	Principal Executive Officer
0001665160-20-001566	1	GoMeat Services Inc.	Waqas Siddiqi	CEO, Principal Executive Officer and Director, Principal Financial Officer and Principal Accounting Officer
0001833536-20-000001	1	Wireless Research & Development, Inc.	Philip Kramer	CEO
0001665160-20-001562	1	Solar Roadways Incorporated	Scott Brusaw	CEO, Principal Executive Officer and Director, Principal Financial Officer and Principal Accounting Officer
0001670254-20-001169	1	Patientory, Inc.	Chrissa McFarlane	CEO and Founder
0001665160-20-001560	1	Aqua Vault, Inc.	Robert Peck	CEO, Principal Executive Officer and Director
0001791747-20-000004	1	Oomi Inc.	/s/ Obi Onyejekwe	Chief Executive Officer
0001665160-20-001558	1	KapitalWise Inc.	Sajil Koroth	CEO, Principal Executive Officer, and Director, Principal Financial Officer, and Principal Accounting Officer
0001670254-20-001167	1	Heroic Enterprises, Public Benefit Corporation	Brian Johnson	Founder and CE
0001665160-20-001557	1	O2 Treehouse Commercial Inc	Dustin Feider	CEO, Principal Executive Officer and Director
0001670254-20-001166	1	Inspire Studios, Inc.	Francis Ho	CEO and Producer
0001669191-20-000837	1	C-REVEAL THERAPEUTICS LLC	Thomas Haag	Principal Executive Officer
0001670254-20-001165	1	PHARM ROBOTICS, LLC	Marinus Dijkstra	CEO & Co-Founder
0001670254-20-001163	1	Hayseed, LLC	Travis Burgess	Writer / Director
0001665160-20-001549	1	GoMeat Services Inc.	Waqas Siddiqi	Chief Executive Officer
0001821328-20-000004	1	Oakwood Ave., LLC	/s/ Michael Benatar	CEO, Director
0001835070-20-000002	1	Boca Code School LLC	Todd Albert	CEO
0001665160-20-001547	1	Quri Vodka Inc.	Jonathan E. Tourgee	CEO, Principal Executive Officer and Director
0001670254-20-001162	1	Fetch! Gourmet Dog Treats, LLC	John Griveas	Vice President
0001828741-20-000003	1	Bao Brewhouse LLC	Michael Swift	President
0001836927-20-000001	1	Tonic Coffee LLC	Stephanie Nicolaas	Owner
0001833698-20-000005	1	Techtracker Inc/DE	/s/ Jesper Qvist	CEO, Director
0001746059-20-000445	1	WhoaStir Coffee, LLC	Jonathan Bonilla-Bowman	Owner and Founder
0001833698-20-000003	1	Grove Biomedical LLC	/s/ Joseph Rosenberg	President
0001666102-20-000031	1	SKYWIDE REAL ESTATE INTERNATIONAL LLC	Tianyuan Gu	Chairman
0001816089-20-000003	1	Wayzn, Inc.	Michael Demele	CEO & Director
0001833954-20-000001	1	Big Bear Cafe LLC	Stuart Davenport	CEO
0001670254-20-001160	1	Calculated Development LLC	Jason Brents	CEO
0001670254-20-001158	1	Pencilish Animation Studios Inc.	Tom Bancroft	CEO
0001669191-20-000830	1	SampleServe, Inc.	Russell Schindler	Principal Executive Officer
0001805160-20-000003	1	Van Zant House Inc.	Todd Smith	CEO
0001823421-20-000003	1	Remedy Processors LLC	Jason Burstein	CEO
0001824627-20-000003	1	Perfitly, LLC	Dave Sharma	Co-Founder & CEO
0001665160-20-001543	1	Acre Mezcal Holding Corp.	Jordan Haddad	CEO, Principal Executive Officer and Director, Principal Financial Officer and Principal Accounting Officer
0001665160-20-001541	1	Acre Mezcal Holding Corp.	Jordan Haddad	CEO, Principal Executive Officer and Director, Principal Financial Officer and Principal Accounting Officer
0001669191-20-000827	1	ACK Right Endeavors LLC	Jack McDaniel	Principal Executive Officer
0001669191-20-000825	1	Hubsai, Inc.	Mike Ghodoosian	Principal Executive Officer
0001803288-20-000003	1	Cannabox, LLC	/s/ Michael Berk	CEO, Manager
0001670254-20-001156	1	Viroment Equity, LLC	Paul Koenig	Chief Executive Officer
0001670254-20-001154	1	Gaia Therapeat COS LLC	Albert CALAMARI	General Manager CEO
0001670254-20-001152	1	BLISS BEVERAGES LLC	Martin Moresco	Co-Founder & Chief Executive Officer
0001670254-20-001150	1	James Bay Distillers, Ltd.	Ernest Troth	President
0001665160-20-001540	1	Solectrac, Inc.	Stephen Heckeroth	CEO, Principal Executive Officer and Director, Principal Financial Officer and Principal Accounting Officer
0001665160-20-001537	1	IX Power Clean Water, Inc.	John R. (Grizz) Deal	CEO, Principal Executive Officer and Director
0001669191-20-000823	1	ACK Right Endeavors LLC	Jack McDaniel	Principal Executive Officer
0001669191-20-000821	1	Demand Derivatives Corp.	Robert Krause	Principal Executive Officer
0001665160-20-001536	1	Bolt Mobility Corporation	Ignacio Tzoumas	CEO, Principal Financial Officer and Principal Accounting Officer
0001821518-20-000005	1	C P Rocketry INC	Nathan Tahbaz	CEO
0001818758-20-000004	1	Ace Care Pharmacy Management and Consulting, Inc.	Wenbo Liu	CEO
0001823182-20-000003	1	Ei.Ventures, Inc.	David Nikzad	Chief Executive Officer
0001746059-20-000444	1	Jolie Rogers, LLC	Andrew Rogers	Owner and CoFounder
0001821386-20-000002	1	Quim Rock, Inc.	/s/ Cyo Ray Nystrom	CEO, Director
0001821723-20-000002	1	1821 Drinks Inc	Melissa Koefod	CEO & Director
0001670254-20-001146	1	Viroment Equity, LLC	Paul Koenig	Chief Executive Officer
0001665160-20-001534	1	Full Circle Brewing Co. Ltd., LLC	Arthur Moye	CEO and Managing Member, Principal Financial Officer, and Principal Accounting Officer
0001666102-20-000030	1	SKYWIDE REAL ESTATE INTERNATIONAL LLC	Tianyuan Gu	CEO
0001746059-20-000442	1	5280 Beer Company, LLC	Hunter Wood	CEO
0001594240-20-000003	1	PO CAMPO, LLC	/s/ Maria Boustead	CEO, Member Manager
0001670254-20-001144	1	Perrone Robotics, Inc.	Paul Perrone	Founder/CEO
0001670254-20-001149	1	Vegan Fine Foods LLC	Steven Smith	Founder and CEO
0001665160-20-001532	1	Vestaboard, Inc.	Dorrian Porter	CEO, Principal Executive Officer and Director, Principal Financial Officer and Principal Accounting Officer
0001669191-20-000819	1	Transparent Path spc	Eric Weaver	Principal Executive Officer
0001746059-20-000441	1	Tuck N Reds, LLC	Charles Harrell	CEO
0001805273-20-000007	1	Sagelink Inc.	Pranav Sachdev	Chief Executive Officer
0001669191-20-000817	1	Puro Trader, Inc dba Yahyn	Joshua  Leavitt	Principal Executive Officer
0001665160-20-001530	1	ZenSpace Inc	Mayank Agrawal	CEO, Principal Executive Officer and Director, Principal Financial Officer and Principal Accounting Officer
0001669191-20-000814	1	Dashible, Inc.	Marvin Johnson	Principal Executive Officer
0001669191-20-000811	1	Dashible, Inc.	Marvin Johnson	Principal Executive Officer
0001829247-20-000006	1	BullFrog AI Holdings, Inc.	Vininder Singh	CEO and Chairman
0001670254-20-001143	1	Our Mayberry Inc.	Shawn Tacey	Chief Executive Officer
0001670254-20-001142	1	Denim.la Inc.	John H Davis	CEO
0001816024-20-000004	1	Peer Pantry LLC	Sharon Murray	Co-Owner
0001669191-20-000809	1	GenesisAI Corporation	Archil Cheishvili	Principal Executive Officer
0001816024-20-000003	1	Studio Iplay Inc	Kandis Hall	Owner
0001746059-20-000440	1	Marco Bianca, LLC	Alex Stratta	Co-Owner, Head Chef
0001834389-20-000002	1	Driftwood Oven LLC	Neil Blazin	Owner
0001670254-20-001140	1	Enclave Digital Development Company, Inc.	Rory Semple	Co-Founder
0001813475-20-000002	1	Scooterson Inc.	/s/ Mihnea Iustinian Chis	Chief Executive Officer
0001670254-20-001138	1	afocusedpath.com, INC	Roderick DeBerry	President/Founder
0001670254-20-001136	1	Mealthy Inc.	Casey Musick	Chief Executive Officer
0001665160-20-001528	1	Mobot Nation Inc.	Lani Cooper	CEO, Principal Executive Officer and Director, Principal Financial Officer and Principal Accounting Officer
0001670254-20-001134	1	PointerTop, Inc.	Jason Junge	CEO
0001669191-20-000803	1	Northstar Technologies Group, Inc.	Paul Inglese	Principal Executive Officer
0001665160-20-001526	1	Eventcombo, Inc.	Saroosh Gull	CEO, Principal Executive Officer and Director, Principal Financial Officer and Principal Accounting Officer
0001665160-20-001525	1	Eventcombo, Inc.	Saroosh Gull	CEO, Principal Executive Officer and Director, Principal Financial Officer and Principal Accounting Officer
0001825788-20-000006	1	Bonsai Village, LLC	Joseph Callantine	President/CEO
0001665160-20-001524	1	Kationx Corp.	William J. Cox	CEO and Chairman and Corporate Secretary, Principal Executive Officer and Director, Principal Financial Officer and Principal Accounting Officer
0001796106-20-000005	1	Genius Juice, LLC	/s/ Alex Bayer	CEO, Director
0001833328-20-000001	1	Savers Village, LLC	Darryl Scipio, Esq.	Manager of the Manager, DS Real Estate Investors, LLC
0001665160-20-001519	1	Barrana Corp.	Mario Rana	CEO, Principal Executive Officer and Director, Principal Financial Officer and Principal Accounting Officer
0001665160-20-001518	1	La Fayette Franchise, Inc.	Nicolas Billaud	Co-CEO, Principal Executive Officer and Director, Principal Financial Officer and Principal Accounting Officer
0001831335-20-000001	1	PADL Holdings LLC	Andres Avello	CEO & Founding Partner
0001665160-20-001517	1	XTI Aircraft Co	Robert LaBelle	CEO, Principal Executive Officer and Director
0001665160-20-001516	1	Airto, Inc	Shi Li	CEO, Principal Executive Officer and Director, Principal Financial Officer and Principal Accounting Officer
0001796106-20-000004	1	Genius Juice, LLC	/s/ Alex Bayer	CEO, Director
0001669191-20-000801	1	Energy Exploration Technologies, Inc.	Teague Egan	Principal Executive Officer
0001835918-20-000001	1	Back Alley Brewing Co	Patrick McKinley	Co-Owner
0001796106-20-000003	1	Genius Juice, LLC	/s/ Alex Bayer	CEO, Director
0001746059-20-000439	1	DEBELLATION BREWING CO.	David Goodell	CEO
0001665160-20-001514	1	The Luving Company	Ashi Jelinek	CEO, Principal Executive Officer and Director, Principal Financial Officer and Principal Accounting Officer
0001670254-20-001133	1	Woofy, Inc.	Arjun Rai	Founder + CEO
0001796106-20-000002	1	Genius Juice, LLC	Alex Bayer	CEO/Founder
0001823850-20-000004	1	619 Sombrero, LLC	Robert Stephens	Managing Partner
0001665160-20-001513	1	R3 Printing, Inc.	Paul Sieradzki	Director; Treasurer; Head of Product; Chief Executive Officer; President of R3 Printing, Inc.
0001746059-20-000438	1	TOP SHELF COOKIES LLC	Heather Yunger	Owner and Founder
0001825788-20-000005	1	Bonsai Village, LLC	Joseph Callantine	President/CEO
0001791845-20-000001	1	Leafwire, Inc.	Peter Vogel	CEO
0001670254-20-001132	1	SPARROW INTERACTIVE LLC	Matt Lobel	President
0001669191-20-000798	1	MUSTWATCH LLC	Chelinde Edouard	Principal Executive Officer
0001669191-20-000796	1	Acquire Skills and Knowledge Education Inc.	Ruth Nemire	Principal Executive Officer
0001669191-20-000794	1	T2M LLC	James Anderson	Principal Executive Officer
0001831785-20-000002	1	Organic Amazon Corp.	/s/ Werner Batista	CEO, Director
0001670254-20-001130	1	General Genomics Inc.	Caleb Stuart	SVP, General Counsel, and Secretary
0001746059-20-000437	1	Domaselo, LLC	Emil Hristov	CEO
0001746059-20-000436	1	Biker Beer Brewers, LLC	Gary Allen Ludwig	Owner and Founder
0001746059-20-000435	1	GRIT FIT CAFE LLC	Raymond Sherwood	CEO
0001746059-20-000434	1	Jabberwock Reptiles Inc	Stephen Ayer	Owner and President
0001746059-20-000433	1	Tezcat, LLC	Luis Melgarejo	Owner and Founder
0001669191-20-000792	1	Energy Exploration Technologies, Inc.	Teague Egan	Principal Executive Officer
0001665160-20-001512	1	Ryca Motors, Inc.	Casey Stevenson	CEO, Principal Executive Officer and Director, Principal Financial Officer and Principal Accounting Officer
0001665160-20-001508	1	Eventcombo, Inc.	Saroosh Gull	CEO, Principal Executive Officer and Director, Principal Financial Officer and Principal Accounting Officer
0001746059-20-000431	1	Moxi On The Rocks LLC	Tomas Nenortas	Owner and CoFounder
0001670254-20-001129	1	Audiobridge Inc.	Matt Miller	Founder / CEO
0001670254-20-001127	1	My Divorce Party LLC	Desiree Staples	Executive Producer - Divorce Party: The Movie
0001821982-20-000005	1	DCG GROUP, LLC	Delphine Carter	CEO
0001746059-20-000430	1	Magic Valley Brewing LLC	Richard White	Owner and CoFounder
0001825788-20-000004	1	Bonsai Village, LLC	Joseph Callantine	President/CEO
0001825788-20-000003	1	Bonsai Village, LLC	Joseph Callantine	President/CEO
0001746059-20-000428	1	Magic Valley Brewing LLC	Richard White	Owner and CoFounder
0001669191-20-000788	1	TrippBio, Inc.	Billy Meadow	Principal Executive Officer
0001683168-20-004218	1	Box Entertainment, Inc.	/s/ Brian Guinn	President
0001665160-20-001507	1	GoBQ Grills, Inc.	Todd Zaroban	CEO, Principal Executive Officer and Director, Principal Financial Officer and Principal Accounting Officer
0001834402-20-000003	1	AphriHelios Global LLC	Darin Hickman by Sean Fuellhart POA	CEO
0001823131-20-000005	1	Dare Me, Inc.	Edvard Erken Hoili	CEO
0001669191-20-000786	1	3rdDegree, LLC	Shauna Holland	Principal Executive Officer
0001669191-20-000783	1	OmniValley, Inc.	James Buchanan	Principal Executive Officer
0001669191-20-000780	1	Zelgor Inc	John Fanning Jr	Principal Executive Officer
0001669191-20-000778	1	ACK Right Endeavors LLC	Jack McDaniel	Principal Executive Officer
0001670254-20-001126	1	DIEMLIFE INC	Timothy Midgley	CEO
0001666102-20-000029	1	SKYWIDE REAL ESTATE INTERNATIONAL LLC	Tianyuan Gu	Chairman
0001746059-20-000427	1	Debauchery, LLC	Leanne Kubiez	Owner and Founder
0001830549-20-000001	1	Nickelytics, Inc.	/s/Judah Longgrear	CEO, Managing Member
0001670254-20-001124	1	Blue Star Service Solutions, Inc.	Robert Wray	CEO
0001833496-20-000001	1	Klean Scissors Inc.	David Timoney by Sean Fuellhart POA	President
0001746059-20-000426	1	1507 Pizza N Brew, LLC	Frank Segretti	Owner and Founder
0001665160-20-001506	1	Kemper Snowboards, Inc.	Steven Hunt	CEO, Principal Executive Officer and Director, Principal Financial Officer and Principal Accounting Officer
0001670254-20-001122	1	EveryDay Contacts, Inc.	Lawrence Chavez	CEO
0001669191-20-000776	1	PetroFunders Inc.	Ryan Werking	Principal Executive Officer
0001828903-20-000006	1	SHADOW ACCELERATOR LLC	Pramod Reddy	CEO/Chairman
0001792115-20-000005	1	Sprout CF Fund, Inc.	Joshua Carr	President & CEO
0001670254-20-001121	1	Nsightify, inc.	John Dadey	CEO and Co-Founder at nSightify
0001821453-20-000004	1	Wynwood Manager, LLC	Ricardo Hernandez	Manager of the Manager, RH-RP, LLC
0001670254-20-001120	1	DME Innovations, Inc	Craig Misrach	President & Board Member
0001827012-20-000002	1	Cake Cabin LLC	Todd James Henry	Owner
0001670254-20-001119	1	HealtheMed, Inc.	Ron Mandelbaum	CRO
0001796106-20-000001	1	Genius Juice, LLC	/s/Alex Bayer	CEO, Director
0001670254-20-001118	1	GEOTOLL, INC.	Richard Carrier	CEO
0001811444-20-000004	1	Brass Clothing LLC	Katelyn Demo	Manager
0001746059-20-000425	1	Tuck N Reds, LLC	Charles Harrell	CEO
0001834812-20-000001	1	Carmmunity, Inc.	Daniel Balto	CEO
0001825822-20-000001	1	Jinjo LLC	Jo Seph Cho	Owner
0001670254-20-001117	1	CLASSIFIED FILMS LLC	Dani Barker	Writer/Producer/Actor in Follow Her
0001806372-20-000005	1	Dollaride, Inc.	Sulaiman Sanni	CEO, Director
0001833050-20-000002	1	DSC Hospitality LLC	Richard Stanza	Member
0001746059-20-000424	1	Great Road Equity Partners, Inc	Dan Millen	Owner and CoFounder
0001746059-20-000423	1	Island Scoops, LLC	Walter Loos	Owner and CoFounder
0001746059-20-000422	1	Settle Down, LLC	Giovanni Albanese	Owner and CoFounder
0001816293-20-000004	1	Wind Craft Aviation Inc.	Alexander J. Taylor	Founder/CEO
0001665160-20-001503	1	Shacksbury Holdings Inc.	Colin Davis	President, CEO, Principal Financial Officer, Controller, and Director for Shacksbury Holdings Inc.
0001665160-20-001502	1	COMSERO, INC.	Anthony Franco	CEO, Principal Executive Officer and Director, Principal Financial Officer and Principal Accounting Officer
0001670254-20-001113	1	Gym Rat Films LLC	Joshua Murray	Manager, Producer, Actor
0001670254-20-001109	1	NAVISGO LLC DBA NAVISYO	Alexander Michaels	Founder
0001670254-20-001111	1	Do Well Do Good Corp.	Rachel Shapiro	Founder/Director
0001670254-20-001107	1	BrainScanology Inc	Dave Nguyen	Co-Founder & CEO
0001670254-20-001115	1	gameSense Sports, Inc.	David Raymes	COO & Strategic Partnerships
0001746059-20-000421	1	TIEF, LLC	Franklin Tiefenauer	Owner and Founder
0001830909-20-000006	1	6d bytes inc.	Vipin Jain	Co-Founder & CEO
0001821982-20-000004	1	Lumineux Chocolate LLC	Benjamin Snyder	Principal Executive Officer
0001769210-20-000001	1	MEALTHY, INC.	/s/ Casey Musick	CEO, Director
0001665160-20-001501	1	Ryca Motors, Inc.	Casey Stevenson	CEO, Principal Executive Officer and Director, Principal Financial Officer and Principal Accounting Officer
0001669191-20-000773	1	Defynance Holdings, Inc.	Farrukh Siddiqui	Principal Executive Officer
0001669191-20-000771	1	Zelgor Inc	John Fanning Jr	Principal Executive Officer
0001669191-20-000769	1	Zelgor Inc	John Fanning Jr	Principal Executive Officer
0001746059-20-000419	1	Big Thicket Distilling Co LLC	Joseph Breda	CEO
0001670254-20-001106	1	Active Faith Inc.	Lanny Smith	CEO
0001670254-20-001103	1	The LYC Products Company, Inc	Anthony Ferguson	Founder/CEO
0001670254-20-001101	1	Aretanium Executive Group, Inc.	William Reed	CEO
0001742162-20-000011	1	Consumer Cooperative Group Inc	Tanen Andrews	Founder/CEO
0001831893-20-000003	1	Didactic, Inc.	/s/Gagan Biyani	CEO, Director
0001834651-20-000001	1	Black Cat Market LLC	Olivia Ciotoli	Co-Owner
0001746059-20-000418	1	Seven Sisters Brewery LLC	Dale Clark	Owner and CoFounder
0001746059-20-000417	1	Camino Brewing Company, LLC	Allen Korenstein	CEO and Co-Founder
0001817694-20-000002	1	UpChoose, PBC	Ali El Idrissi	Chief Executive Officer
0001746059-20-000416	1	Groundlion Brewing Company, LLC	Samuel Brown III	Owner and CoFounder
0001746059-20-000415	1	Big Chief Brewing, LLC	Mark Dashner	Owner and Founder
0001746059-20-000414	1	Reel Big Flix, LLC	Alec Ferguson	Owner and Founder
0001746059-20-000413	1	McKai Brewing LLC	Mark Camlin	President
0001746059-20-000412	1	Chivanada, LLC	Daniel Yarzagaray	Owner and CoFounder
0001669191-20-000767	1	Laegacy Inc.	Dwi Sutandar	Principal Executive Officer
0001669191-20-000765	1	Backers Inc.	Brian Tinney	Principal Executive Officer
0001821982-20-000003	1	Lumineux Chocolate LLC	Benjamin Snyder	Principal Executive Officer
0001670254-20-001099	1	Project M Group LLC	Enrique Abeyta Ubillos	CEO & Founder
0001669191-20-000763	1	Carii, Inc.	Denise Hayman-Loa	Principal Executive Officer
0001816601-20-000009	1	Creative 3D Technologies, Inc.	Ethan Baehrend	Founder & CEO
0001666081-20-000002	1	WellWell LLC	/s/ Sagan Schultz	CEO, Director
0001807049-20-000007	1	Woofy, Inc.	Arjun Rai	Founder and CEO
0001665160-20-001499	1	Alelo Inc.	W. Lewis Johnson	President, CEO, Chief Financial Officer, and Chairman of the Board
0001834389-20-000001	1	Driftwood Oven LLC	Neil Blazin	Owner
0001832281-20-000001	1	PLLAY Labs Incorporated	Shawn Gunn	CEO
0001807049-20-000006	1	SmartSoda Holdings, Inc.	Lior Shafir	Chief Executive Officer
0001807049-20-000005	1	Humble Shoe Company, Inc.	Tina Bhojwani	CEO
0001834246-20-000001	1	RC Waterfall LLC	Robyn Fossen	CEO
0001833385-20-000001	1	Clegg Ventures, Inc.	Justin Clegg	President
0001670254-20-001097	1	Cortex Automation Inc.	Matt Peters	Chief Customer Officer
0001669191-20-000755	1	PetroFunders Inc.	Ryan Werking	Principal Executive Officer
0001669191-20-000752	1	MILLENNIAL FERTILITY CO. LLC	Philip Bock	Principal Executive Officer
0001820285-20-000005	1	Kobrelms LLC	Joseph Yuyi	Founder & CEO
0001808913-20-000006	1	Levered Learning, Inc.	Mitchell Slater	CEO
0001670254-20-001096	1	Artesano Rum Corporation	Jose Muoz	Business Development Officer
0001665160-20-001497	1	Flower Turbines, Inc.	Mark Daniel Farb	CEO, Principal Executive Officer and Director, Principal Financial Officer and Principal Accounting Officer
0001830612-20-000001	1	Freelancers, LLC	Natalie Madsen	Executive Producer
0001808913-20-000005	1	Blended Sense, Inc.	Abigail Rose Baez	CEO
0001808913-20-000004	1	H Influencer Collective Inc.	Shannon Bray	CEO
0001808913-20-000003	1	Renewal Mill, PBC	Claire Schlemme	Chief Executive Officer
0001778006-20-000006	1	Weeds Never Sleep LLC	Michael Peterson	Managing Partner
0001780439-20-000070	1	Lunchwale,Inc.	Gopi Kantamneni	CEO & Founder
0001669191-20-000750	1	MUSTWATCH LLC	Chelinde Edouard	Principal Executive Officer
0001670254-20-001094	1	Distilled Bath and Body, Inc.	Erica L Feucht	CEO
0001751606-20-000007	1	FAVER, INC.	Brandon Towner	Chief Executive Officer
0001620704-20-000007	1	MED-X, INC.	Ronald J. Tchorzewski by Sean Fuellhart, POA	CFO
0001746059-20-000411	1	Coquette LLC	Caitlin Olsen	Owner and Founder
0001765252-20-000006	1	QWIKLEAF LLC	Neil Biafore	CEO
0001817571-20-000006	1	COI Energy Services, Inc.	/s/ SaLisa Berrien	CEO & Director
0001746059-20-000410	1	White Elk Tea & Coffee Co	Christopher Perron	Owner and Founder
0001665160-20-001496	1	Charron Favreau, SPC	Kurt Charron	CEO, President, Principal Executive Officer and Director, Principal Financial Officer and Principal Accounting Officer
0001665160-20-001495	1	COMMUNITYx, inc.	Chloe Sledd	CEO, Principal Executive Officer and Director, Principal Financial Officer and Principal Accounting Officer
0001669191-20-000748	1	Dome Audio Inc.	Benjamin White	Principal Executive Officer
0001804624-20-000001	1	MONKEY WRENCH BREWING COMPANY, LLC	David Wayne Baxter	CEO
0001669191-20-000746	1	Shockwave Motors, Inc.	John McMillian	Principal Executive Officer
0001669191-20-000744	1	Domestic Brands Inc	Lawrence Charles	Principal Executive Officer
0001665160-20-001494	1	Clear Genius Inc.	Harry R. Kraatz	CEO, Principal Executive Officer and Director
0001746059-20-000409	1	Wackadoo Brewing LLC	Steven Fuller	Owner and Founder
0001746059-20-000408	1	Stoneman Brewery LLC	Justin Korby	Owner and Founder
0001665160-20-001493	1	Mycocycle, Inc.	Joanne Rodriguez	CEO, Principal Executive Officer and Director, President ,Principal Financial Officer, Principal Accounting Officer, Secretary and Treasurer
0001830593-20-000005	1	Matt Corman Collective LLC	Matt Corman	CEO
0001830593-20-000003	1	Matt Corman Collective LLC	Matt Corman	CEO
0001829247-20-000005	1	BullFrog AI Holdings, Inc.	Vininder Singh	CEO and Chairman
0001665160-20-001490	1	Honeydrop, Inc.	Andrew Lorig	CEO, Principal Executive Officer and Director, Principal Financial Officer and Principal Accounting Officer
0001665160-20-001488	1	Innovative Eyewear Inc	Harrison Gross	CEO, Principal Executive Officer, Director
0001669191-20-000742	1	MAGFAST LLC	Seymour Segnit	Principal Executive Officer
0001665160-20-001486	1	Tapville Franchising, Inc.	Joseph Tota	CEO, Principal Executive Officer and Director, Principal Financial Officer and Principal Accounting Officer
0001669191-20-000740	1	GenesisAI Corporation	Archil Cheishvili	Principal Executive Officer
0001669191-20-000738	1	THB Holdco, LLC	Christopher Darnell	Principal Executive Officer
0001665160-20-001483	1	Van Robotics, Inc.	Laura Boccanfuso	CEO, Principal Executive Officer and Director, Principal Financial Officer and Principal Accounting Officer
0001665160-20-001482	1	MF Fire, Inc.	Paul LaPorte	CEO, Principal Executive Officer and Director
0001666102-20-000028	1	Quasi Rent LLC	chun hin leung	Founder & CEO
0001669191-20-000735	1	Puro Trader, Inc dba Yahyn	Joshua  Leavitt	Principal Executive Officer
0001670254-20-001092	1	X Wine Railroad	Michael Barron	CEO
0001830593-20-000001	1	Matt Corman Collective LLC	Matt Corman	CEO
0001665160-20-001478	1	Mazarine, Inc.	Jamin Finlaw	CEO, Principal Executive Officer and Director, Principal Financial Officer and Principal Accounting Officer
0001665160-20-001477	1	The OLLO Group Inc.	William Howes	CEO, Principal Executive Officer and Director, Principal Financial Officer and Principal Accounting Officer
0001801613-20-000002	1	Nada Holdings, Inc.	/s/John Green	Chief Executive Officer
0001665160-20-001474	1	ABH Holdco, Inc.	Brandon Perry	CEO, Principal Executive Officer and Director
0001792116-20-000003	1	2270 Platt LLC	Joseph Jonna	Co-Manager
0001827501-20-000003	1	Modgarden (USA), Inc.	Aamar Khwaja	President, CEO
0001830708-20-000002	1	Make a Difference 365, Inc	Mark A. Jones by Sean Fuellhart POA	Chief Visionary Officer
0001746059-20-000406	1	Hood Relics LLC	Amy Collado	Owner and Founder
0001740075-20-000003	1	Ecoventz Inc.	Andreas Roussos	CEO
0001665160-20-001472	1	Capsul inc.	Tina Cheng	CEO, Principal Executive Officer and Director, Principal Financial Officer and Principal Accounting Officer
0001669191-20-000733	1	MAGFAST LLC	Seymour Segnit	Principal Executive Officer
0001669191-20-000731	1	MAGFAST LLC	Seymour Segnit	Principal Executive Officer
0001669191-20-000729	1	Laegacy Inc.	Dwi Sutandar	Principal Executive Officer
0001665160-20-001471	1	Solectrac, Inc.	Stephen Heckeroth	CEO, Principal Executive Officer and Director, Principal Financial Officer and Principal Accounting Officer
0001665160-20-001466	1	Fluz App Inc	Maurice Harary	CEO, Principal Executive Officer and Director, Principal Financial Officer and Principal Accounting Officer
0001670254-20-001090	1	VISPIRI Inc.	Reese Edwards	Chief Financial Officer
0001746059-20-000405	1	JK WILLIAMS DISTILLING, LLC	Andrew Faris	President
0001670254-20-001088	1	Automated Coffee Shop, Inc	Adrian Deasy	Founder and CEO
0001665160-20-001465	1	SoloQi Corp	Solo Avital	CEO, Principal Executive Officer and Director, Principal Financial Officer and Principal Accounting Officer
0001665160-20-001464	1	Gift of College, Inc.	Wayne Weber	CEO, Principal Executive Officer and Director, Principal Financial Officer and Principal Accounting Officer
0001669191-20-000727	1	Monetran, LLC	Don Bielak	Principal Executive Officer
0001669191-20-000725	1	Dj Holdings, LLC	Jason Hebert	Principal Executive Officer
0001669191-20-000723	1	Transparent Path spc	Eric Weaver	Principal Executive Officer
0001670254-20-001087	1	Sniffy Labs Inc.	Howard Shyng	Co-Founder & President
0001669191-20-000720	1	Hubsai, Inc.	Mike Ghodoosian	Principal Executive Officer
0001670254-20-001084	1	Toffee, Inc.	Yousef Abdulhassan	Founder
0001827386-20-000002	1	JB-NY Distributors, Inc.	/s/Jason Sherman	CEO, Director
0001820285-20-000004	1	Kobrelms LLC	Joseph Yuyi	Founder & CEO
0001746059-20-000403	1	Island Scoops, LLC	Walter Loos	Owner and CoFounder
0001830792-20-000003	1	KGJMK Opco Inc.	James Shih	CEO, Director
0001669191-20-000718	1	The Feel Good Lab LLC	Ryan Gresh	Principal Executive Officer
0001746059-20-000401	1	Lowe Management Services LLC	Steven Lowe	Owner and Founder
0001822064-20-000005	1	Sister Sunflower Ltd	Kay Henderson	Owner
0001822064-20-000004	1	Social Coffee BR LLC	Dillon Farrell	Owner
0001831343-20-000002	1	LBBC Holdings LLC	Elizabeth Hartzell	Manager
0001670254-20-001082	1	El Condor, LLC	Nicolas Simon	CEO
0001665160-20-001462	1	Hundy, Inc.	Pete Budlong	CEO, Principal Executive Officer and Director, Principal Financial Officer and Principal Accounting Officer
0001776715-20-000002	1	Flower Street Docs, LLC	/s/ Adam Carolla	Manager
0001669191-20-000711	1	Watch Party LLC	Chelinde Edouard	Principal Executive Officer
0001670254-20-001081	1	Real & Open Corporation d/b/a Tiro	Elliott Goodman	Co-founder
0001665160-20-001460	1	El Tinieblo International, Inc.	Brian Gale	CEO, Principal Executive Officer and Director
0001669191-20-000709	1	Vymedic Inc.	Cynthia Winning	Principal Executive Officer
0001665160-20-001458	1	Atmos Home Inc.	Mark Lyle	CEO, Principal Executive Officer and Director, Principal Financial Officer and Principal Accounting Officer
0001665160-20-001456	1	Baqua Inc.	Sandra W. Marlowe	Chief Executive Officer
0001665160-20-001455	1	Hawaiian Ola Brewing Corp	Brett Jacobson	CEO, Principal Executive Officer and Director, Principal Financial Officer and Principal Accounting Officer
0001665160-20-001454	1	Rayton Solar, Inc.	Andrew Yakub	CEO, Principal Executive Officer and Director, Principal Financial Officer and Principal Accounting Officer
0001670254-20-001080	1	teleCalm, Inc.	Tavis Schriefer	Founding CEO
0001665160-20-001452	1	BIONICLOGIC INC	Joshua Goldstein	President and CEO, Principal Executive Officer and Director
0001812932-20-000004	1	Unikorn Inc.	Srivatsava Gorthy	Founder and CEO
0001670254-20-001079	1	Fetch! Gourmet Dog Treats, LLC	John Griveas	Vice President
0001670254-20-001077	1	Soraban, Inc.	Enoch Ko	Founder/CEO
0001816601-20-000007	1	Creative 3D Technologies, Inc.	Ethan Baehrend	Founder & CEO
0001670254-20-001076	1	Envel, Inc.	Matthew Armandi	Chief Financial Officer
0001670254-20-001074	1	Bee Mortgage App, Inc.	Curtis Wood	Co-founder & CEO
0001670254-20-001073	1	Kazoo LLC	Peter J Goodman	Chief Executive Officer
0001669191-20-000707	1	Zelgor Inc	John Fanning Jr	Principal Executive Officer
0001669191-20-000706	1	Neurotez Inc.	Nikolaos Tezapsidis	Principal Executive Officer
0001669191-20-000705	1	Deuce Drone LLC	Rhett Ross	Principal Executive Officer
0001670254-20-001071	1	The Co-Own Company LLC	Jason Lewiston	President
0001746059-20-000399	1	Charlie Foxtrot Brewing, LLC	Nicolas J York	Owner and CoFounder
0001767357-20-000003	1	H & G Science, Inc.	Ed Glicken by Sean Fuellhart POA	CEO
0001670254-20-001069	1	Yes Chef App, Inc.	Kevin Winston	Founder
0001665160-20-001451	1	Como Audio, Inc	Thomas DeVesto	CEO, Principal Executive Officer and Director, Principal Financial Officer and Principal Accounting Officer
0001665160-20-001450	1	Saucy Brew Works LLC	Brent Zimmerman	CEO, Principal Executive Officer and Director/Manager
0001796295-20-000005	1	Nuu Rez Inc	Noelle Randall by Sean Fuellhart POA	CEO
0001816293-20-000003	1	Wind Craft Aviation Inc.	Alexander J. Taylor	Founder/CEO
0001665160-20-001448	1	Up Sonder, Inc.	Derek Waleko	CEO, Principal Executive Officer and Director, Principal Financial Officer and Principal Accounting Officer
0001670254-20-001067	1	Intentional Gap Year Inc.	Celeste Rajczi	Co-Founder | CEO
0001780439-20-000069	1	Bee Mortgage App, Inc.	Curtis Richard Wood	CEO
0001665160-20-001444	1	Arc Footwear, Corp.	Sean Clarke	CEO, Principal Executive Officer and Director, Principal Financial Officer and Principal Accounting Officer
0001808208-20-000002	1	Furry Fortune The Movie, LLC	Brad Wilson	Principal Executive Officer, Principal Financial Officer, Principal Accounting Officer and sole manager
0001822801-20-000002	1	KhemoSafe Inc.	Louis M. Soto by Sean Fuellhart POA	CEO
0001746059-20-000397	1	Amani Nicol Wellness LLC	Nikia Brown Sweeney	Owner
0001746059-20-000395	1	Fresh Start Market, Inc.	Bonnie Corso	President
0001669191-20-000700	1	Watch Party LLC	Chelinde Edouard	Principal Executive Officer
0001533849-20-000006	1	Oscilla Power, Inc.	/s/ Balakrishnan Nair	President & CTO
0001833081-20-000001	1	Compostable Inc.	Monique Figueiredo	CEO
0001823421-20-000001	1	Remedy Processors LLC	Jason Burstein	CEO
0001830909-20-000005	1	6d bytes inc.	Vipin Jain	Co-Founder & CEO
0001669191-20-000698	1	Vymedic Inc.	Cynthia Winning	Principal Executive Officer
0001833050-20-000001	1	DSC Hospitality LLC	Jonathan Hartzell	Managing Member
0001665160-20-001440	1	MentalHappy Inc	Tamar Lucien Blue	CEO, Principal Executive Officer and Director, Principal Financial Officer and Principal Accounting Officer
0001665160-20-001437	1	Vital Card, Inc.	Chris Bridges	CEO, Principal Executive Officer and Director, Principal Financial Officer and Principal Accounting Officer
0001669191-20-000696	1	MAGFAST LLC	Seymour Segnit	Principal Executive Officer
0001669191-20-000694	1	MAGFAST LLC	Seymour Segnit	Principal Executive Officer
0001665160-20-001435	1	The Luving Company	Ashi Jelinek	CEO, Principal Executive Officer and Director, Principal Financial Officer and Principal Accounting Officer
0001746059-20-000394	1	DEBELLATION BREWING CO.	David Goodell	CEO
0001830452-20-000002	1	Noe Jr LLC	Noelani Maglinti	President
0001670254-20-001066	1	WTF WHERES THE FOODTRUCK LLC	Nicholas Spindel	Founder & CEO of Where's The Foodtruck
0001746059-20-000393	1	Cajun Spice, LLC	Lindsey Bradshaw	Owner and Founder
0001746059-20-000392	1	Bugs Beachin Shaved Ice LLC	Dakotah-Rae Mick	Owner and Founder
0001669191-20-000690	1	PromoShare, Inc.	Ernesto Pedroza	Principal Executive Officer
0001669191-20-000688	1	Deuce Drone LLC	Rhett Ross	Principal Executive Officer
0001665160-20-001430	1	Care Angel, Inc.	Wolf Shlagman	CEO, Principal Executive Officer and Director
0001665160-20-001433	1	Battle Approved Motors Inc.	Chris James Morgans	CEO, Principal Executive Officer, and Director, Principal Financial Officer and Principal Accounting Officer
0001830829-20-000001	1	FourQ Technologies Inc.	Elizabeth Cooper	Co - Chief Executive Officer
0001696945-20-000009	1	Jauvtis Engineering, Inc.	Christian Okonsky	Executive Director
0001780439-20-000068	1	Lunchwale,Inc.	Gopi Kantamneni	CEO & Founder
0001811508-20-000003	1	popshop, Inc.	/s/ Nathan Franco	CEO, Director
0001669191-20-000685	1	Acquire Skills and Knowledge Education Inc.	Ruth Nemire	Principal Executive Officer
0001746059-20-000391	1	FJD Partners, LLC	Joshua Rinier	CMO
0001670254-20-001065	1	Eureka Analytics Inc.	Manu Stephen	Co-founder & CEO
0001669191-20-000681	1	Neurotez Inc.	Nikolaos Tezapsidis	Principal Executive Officer
0001670254-20-001063	1	Kachinga, Inc.	John McIntyre	CEO
0001670254-20-001061	1	3 Minute Management LLC	Brett Williams	President/Cofounder
0001821982-20-000001	1	Belladinas Easley LLC	Megan Leccese	Owner
0001746059-20-000389	1	Lowe Management Services LLC	Steven Lowe	Owner and Founder
0001665160-20-001428	1	Swabbies Tech, Inc.	Carman Cook	CEO, Principal Executive Officer and Director
0001670254-20-001060	1	OsNovum	Gregory Steiner	CEO SteinerBio and OsNovum
0001670254-20-001059	1	Palmia Corporation	Robert Nathanson	CEO
0001665160-20-001426	1	Sol Boards, Inc.	John Wildman	CEO, Principal Executive Officer and Director, Principal Financial Officer and Principal Accounting Officer
0001665160-20-001425	1	A7FL Inc	Sener Korkusuz	CEO, Principal Executive Officer and Director, Principal Financial Officer and Principal Accounting Officer
0001780439-20-000067	1	Flatland, LLC	Nicholas Joseph Klimas	Owner and Co-CEO
0001669191-20-000679	1	Zelgor Inc	John Fanning Jr	Principal Executive Officer
0001669191-20-000677	1	Resolve Networks, Inc.	Ted Darr	Principal Executive Officer
0001669191-20-000675	1	ACK Right Endeavors LLC	Jack McDaniel	Principal Executive Officer
0001670254-20-001056	1	GEOTOLL, INC.	Richard Carrier	CEO
0001665160-20-001424	1	One Roq Spirits, LLC	J. Garrett Green	CEO, Principal Executive Officer and Director, Principal Financial Officer and Principal Accounting Officer
0001821328-20-000003	1	Oakwood Ave., LLC	/s/ Michael Benatar	CEO, Director
0001665160-20-001423	1	Rumble Motors, Inc.	Reza Khademi	CEO, Principal Executive Officer and Director, Principal Financial Officer and Principal Accounting Officer
0001669191-20-000673	1	Laegacy Inc.	Dwi Sutandar	Principal Executive Officer
0001806951-20-000003	1	CrowdChayne, Inc.	Francis Cid	CEO
0001644600-20-000028	1	EdenLedger, Inc.	Michael Golomb	Founder and CEO
0001665160-20-001421	1	Signature Athletics, Inc.	Dan Soviero	CEO, Principal Executive Officer and Director, Principal Financial Officer and Principal Accounting Officer
0001829628-20-000001	1	7810 Boeing Ave LLC	Megan Blu	Manager
0001665160-20-001420	1	Angry Boy Inc.	Andrew Fitzgerald	CEO, Principal Executive Officer and Director, Principal Financial Officer and Principal Accounting Officer
0001746059-20-000388	1	Gorges Brewing LLC	Steven Preece	CEO
0001665160-20-001419	1	Vestaboard, Inc	Dorrian Porter	CEO, Principal Executive Officer and Director, Principal Financial Officer and Principal Accounting Officer
0001665160-20-001415	1	Metai Knights Media Inc	Dele Atanda	CEO, Principal Executive Officer and Director, Principal Financial Officer and Principal Accounting Officer
0001830792-20-000001	1	KGJMK Opco Inc.	James Shih	CEO, Director
0001826308-20-000003	1	Tuttle Twins Show, LLC	Benton Crane	Executive Director
0001669191-20-000671	1	ACK Right Endeavors LLC	Jack McDaniel	Principal Executive Officer
0001670254-20-001054	1	Underwater Torpedo League Inc	Prime Hall	Founder & CEO
0001670254-20-001052	1	I Got It Holdings Corp.	Nicole Johnson	Co-Founder
0001670254-20-001050	1	goimagine, PBC	Jonathan Lincoln	Founder
0001805526-20-000005	1	Janover Ventures LLC	Blake Janover	President of Blake Elliot Inc., Manager
0001670254-20-001048	1	TransitNet LLC	Eric Jackson	CEO and Co-Founder
0001824627-20-000001	1	Perfitly, LLC	Dave Sharma	Co-Founder & CEO
0001670254-20-001046	1	Maisonx, LLC	Jesse Pliner	Founder & CEO
0001821328-20-000002	1	Oakwood Ave., LLC	/s/ Michael Benatar	CEO, Director
0001805526-20-000004	1	Janover Ventures LLC	/s/ Blake Janover	President of Blake Elliot Inc., Manager
0001826819-20-000001	1	4URSPACE LLC	Stefano Sanchini	Chief Executive Officer
0001665160-20-001414	1	Hundy, Inc.	Peter Budlong	CEO, Principal Executive Officer and Director, Principal Financial Officer and Principal Accounting Officer
0001746059-20-000386	1	Wackadoo Brewing LLC	Steven Fuller	Owner and Founder
0001746059-20-000385	1	Domaselo, LLC	Emil Hristov	CEO
0001813411-20-000010	1	Buy Back Baton Rouge LLC	Newton Julien Gordon	President/CEO
0001670254-20-001044	1	WebTez, Inc. d/b/a ModVans	Pj Tezza	Co-Founder/CEO
0001746059-20-000384	1	Punky's Bottle Shop, Inc.	Jared Forsythe	Owner and CoFounder
0001665160-20-001413	1	SurelyWell, Inc.	Asher Genoot	CEO, Principal Executive Officer and Director, Principal Financial Officer and Principal Accounting Officer
0001813411-20-000009	1	Buy Back Baton Rouge LLC	Newton Julien Gordon	President/CEO
0001665160-20-001412	1	ZenSpace Inc	Mayank Agrawal	CEO, Principal Executive Officer and Director, Principal Financial Officer and Principal Accounting Officer
0001665160-20-001411	1	Northeast Productions, Inc.	William R. Graening	CEO, Principal Executive Officer and Director, Principal Financial Officer and Principal Accounting Officer
0001670254-20-001042	1	PHARM ROBOTICS, LLC	Marinus Dijkstra	CEO & Co-Founder
0001669191-20-000668	1	T2M LLC	James Anderson	Principal Executive Officer
0001669191-20-000666	1	3rdDegree, LLC	Shauna Holland	Principal Executive Officer
0001669191-20-000664	1	GenesisAI Corporation	Archil Cheishvili	Principal Executive Officer
0001669191-20-000662	1	Resolve Networks, Inc.	Ted Darr	Principal Executive Officer
0001746059-20-000382	1	MMGT, Inc.	Gerald Christian	Owner and Founder
0001746059-20-000381	1	Brato Brewhouse & Kitchen LLC	Jonathan Gilman	Co-Founder
0001831368-20-000002	1	Rogue Space Systems Corp	Jeromy Grimmett by Sean Fuellhart POA	CEO
0001670254-20-001041	1	Soulmate Brewing Company	Jonathan Mogor	Founder and CEO
0001665160-20-001410	1	Charron Favreau, S.P.C.	Kurt Charron	CEO, President, Principal Executive Officer and Director, Principal Financial Officer and Principal Accounting Officer
0001665160-20-001408	1	Real McCoy Tea Co	Chris McCoy	CEO, Principal Executive Officer and Director
0001831919-20-000002	1	Scoot Scoot Cold Brew LLC	Kari DeGraff	Owner
0001746059-20-000380	1	DEBELLATION BREWING CO.	David Goodell	CEO
0001792013-20-000004	1	BatteryXchange, Inc.	Desmond Wiggan	CEO
0001665160-20-001407	1	Cadi, Inc.	Tyler Gottstein	CEO and Majority Director of the board, Principal Executive Officer.
0001746059-20-000379	1	Gorges Brewing LLC	Steven Preece	CEO
0001669191-20-000659	1	TrippBio, Inc.	Billy Meadow	Principal Executive Officer
0001670254-20-001038	1	Easymove Inc	Emin Aliyev	Founder / CEO
0001670254-20-001036	1	Loan Automatic, LLC	Eric Burney	CEO & Co-Founder
0001669191-20-000657	1	The Feel Good Lab, LLC	Ryan Gresh	Principal Executive Officer
0001669191-20-000654	1	The Feel Good Lab, LLC	Ryan Gresh	Principal Executive Officer
0001669191-20-000652	1	T2M LLC	James Anderson	Principal Executive Officer
0001823182-20-000001	1	Ei.Ventures, Inc.	David Nikzad	Chief Executive Officer
0001830012-20-000001	1	DCDT LLC	Kevin McKeand	Chief Executive Offiver
0001831934-20-000001	1	Camp Delaware Brewing Co LLC	Todd Tucky	Owner
0001803239-20-000003	1	Roostar Restaurant Group LLC	Duy Nguyen	Managing Member
0001817438-20-000002	1	Raindrop Texting Solutions, Inc	Mike Brown by Sean Fuellhart POA	Partner
0001824566-20-000003	1	Rollin' Vets Group Inc.	Katharine Eick	Sole Director of the Board of Directors
0001831368-20-000001	1	Rogue Space Systems Corp	Jeromy Grimmett by Sean Fuellhart POA	CEO
0001670254-20-001034	1	eZdia Inc	Deepak Goyal	CEO
0001827592-20-000002	1	Akua Life, PBC	/s/ Courtney Boyd Myers	CEO, Director
0001670254-20-001033	1	Petri Bio Inc.	Shu Li	Co-Founder
0001665160-20-001406	1	Clearwater Distilling Co LLC	Matt Eau Claire	CEO, Principal Executive Officer and Director, Principal Financial Officer and Principal Accounting Officer
0001665160-20-001405	1	microsurgeonbot,inc	Allan Grosvenor	CEO, Principal Executive Officer, Director, Principal Financial Officer and Principal Accounting Officer
0001665160-20-001404	1	Trella Technologies LLC	Aja Atwood	CEO, Principal Executive Officer and Manager, Principal Financial Officer and Principal Accounting Officer
0001670254-20-001032	1	Denim.la Inc.	John H Davis	CEO
0001830909-20-000001	1	6d bytes inc.	Vipin Jain	Co-Founder & CEO
0001746059-20-000378	1	AMERICAN STONECRAFT, INC.	Gerald Croteau	Owner and Founder
0001746059-20-000377	1	Farthest Star, LLC	Todd Bellomy	Owner and Founder
0001746059-20-000376	1	Nexus Brewery, LLC	Kenneth Carson Jr	Owner and Founder
0001670254-20-001030	1	T4L INC	Allen Witters	CEO
0001669191-20-000648	1	Energy Exploration Technologies, Inc.	Teague Egan	Principal Executive Officer
0001670254-20-001028	1	Edify.ai, Inc	Cory Linton	Chief Executive Officer
0001665160-20-001403	1	Eli Electric Vehicles, Inc.	Binhan Li	CEO, Principal Executive Officer and Director, Principal Financial Officer and Principal Accounting Officer
0001665160-20-001402	1	Archibald & Wens Inc.	Maxwell Fine	CEO, Principal Executive Officer and Director
0001665160-20-001401	1	Clearwater Distilling Co LLC	Matt Eau Claire	CEO, Principal Executive Officer and Director, Principal Financial Officer and Principal Accounting Officer
0001827897-20-000002	1	Freeman Berkshires, LLC	Daniel Dus	Managing Partner of Shared Estates Asset Fund, GP, the Manager of, Shared Estates Fund 1, LLC
0001683168-20-003775	1	Hemp CR Inc.	/s/ Timothy Morales	Chief Executive Officer
0001670254-20-001026	1	AppleSeed Capital, Inc. d/b/a AppleSeed Companies, Inc.	Aaron Jay Ripin	Chief Strategy Officer & Treasurer
0001831180-20-000001	1	Quesadilla Gorilla, Inc	Miguel Reyes	PRESIDENT
0001670254-20-001025	1	KarbonPay, LLC	Brad Price	Founder & CEO
0001779569-20-000004	1	Aapoon, Inc	Srinivasa Katta	Founder & CEO
0001665160-20-001400	1	GoBQ Grills, Inc.	Todd Zaroban	CEO, Principal Executive Officer and Director, Principal Financial Officer and Principal Accounting Officer
0001829993-20-000002	1	Smart Vylon LLC	Victor Hugo Rosales	Sole Member of Vylon Balance Solutions LLC, Its Manager
0001788434-20-000010	1	Edly Inc.	Chris Ricciardi	CEO
0001670254-20-001024	1	GoodMatch Inc.	Emily Rasmussen	Co-founder & CEO
0001670254-20-001022	1	DRONEDEK Corporation	Dan O'Toole	Chairman and CEO at DRONEDEK Corporation
0001665160-20-001398	1	ALFADAN INC.	Alberto Francisco Araujo	CEO,Principal Executive Officer and Director,Principal Financial Officer and Principal Accounting Officer
0001665160-20-001397	1	Hitch Hotel, Inc.	Geoff Patterson	CEO, Principal Executive Officer and Director, Principal Financial Officer and Principle Accounting Officer
0001665160-20-001395	1	Phormed Inc	McCoy Moretz	CEO, Principal Executive Officer and Director, Principal Financial Officer and Principal Accounting Officer
0001746059-20-000374	1	Coliseum Dreams, LLC	Ranada Riley	Owner and Founder
0001670254-20-001021	1	HEREYOUGO TECHNOLOGIES INC.	Konstantin Maslennikov	CEO
0001670254-20-001019	1	Black Sands Entertainment Inc.	Manuel Godoy	CEO
0001670254-20-001018	1	Hobbydb Corp	Christian Braun	Collector of Collectors & CEO
0001670254-20-001016	1	Olly Awake, LLC	Kevin Terry Smith	President & Founder
0001811504-20-000002	1	Tomo Technologies, Inc.	Joseph Blanch	CEO & Director
0001670254-20-001015	1	Black Sands Entertainment Inc.	Manuel Godoy	CEO
0001670254-20-001008	1	Hobbydb Corp	Christian Braun	Collector of Collectors & CEO
0001665160-20-001393	1	Fanbase Social Media, Inc.	Isaac Hayes III	CEO, Principal Executive Officer and Director, Principal Financial Officer and Principal Accounting Officer
0001670254-20-001010	1	HEREYOUGO TECHNOLOGIES INC.	Konstantin Maslennikov	CEO
0001670254-20-001012	1	Azzida, LLC	Lawrence Bunnell	CEO
0001665160-20-001391	1	Bolt Mobility Corporation	Ignacio Tzoumas	CEO, Principal Financial Officer and Principal Accounting Officer
0001665160-20-001390	1	Bolt Mobility Corporation	Ignacio Tzoumas	CEO, Principal Financial Officer and Principal Accounting Officer
0001665160-20-001388	1	Bolt Mobility Corporation	Ignacio Tzoumas	CEO, Principal Financial Officer and Principal Accounting Officer
0001665160-20-001386	1	Pacific Integrated Energy, Inc.	Phil Layton	CEO, Principal Executive Officer and Director, Principal Financial Officer and Principal Accounting Officer
0001669191-20-000646	1	Puro Trader, Inc dba Yahyn	Joshua  Leavitt	Principal Executive Officer
0001830990-20-000001	1	VINCHI LLC	Joseph Mohney	Manager
0001670254-20-001007	1	Hobbydb Corp	Christian Braun	CEO
0001805831-20-000003	1	Prazo, Inc.	Rodrigo de Guzman	CEO and Director
0001831343-20-000001	1	LBBC Holdings LLC	Elizabeth Hartzell	Managing Member
0001670254-20-001006	1	N&L Work App LLC	Landy Abreus	CEO
0001830852-20-000001	1	Respect The Writer 2 LLC	Curtis McKinnon	Director
0001669191-20-000644	1	Northstar Technologies Group, Inc.	Paul Inglese	Principal Executive Officer
0001669191-20-000642	1	SampleServe, Inc.	Russell Schindler	Principal Executive Officer
0001670254-20-001003	1	One Biosciences, Inc.	Ty Burgess	Founder & CEO
0001670254-20-001002	1	Critical Mass Applications LLC	Rachel Abady	Co-Founder, CMO
0001830541-20-000002	1	WS West LLC	/s/ Cassandra Troy Walker	CEO, Managing Member
0001665160-20-001385	1	IX Power Clean Water, Inc.	John R. (Grizz) Deal	CEO, Principal Executive Officer and Director
0001789369-20-000004	1	Clee Wellness LLC	Carroll Lee	Manager
0001780439-20-000065	1	Goodwood Brewing Company, LLC	Theodore King Mitzlaff	Chief Executive Officer
0001665160-20-001382	1	SoloQi Corp	Solo Avital	CEO, Principal Executive Officer and Director, Principal Financial Officer and Principal Accounting Officer
0001830455-20-000001	1	Booxby Inc.	Holly Payne	Founder & Chief Executive Officer
0001829993-20-000001	1	Smart Vylon LLC	Victor Hugo Rosales	Sole Member of Vylon Balance Solutions LLC, Its Manager
0001826237-20-000003	1	SLN Management, LLC	Bernardo Hasbach	CFO/COO
0001830365-20-000001	1	VerseBooks Inc.	DELENCE A. SHEARES SR. By Sean Fuellhart POA	Chairmain
0001665160-20-001379	1	Flower Turbines, Inc.	Mark Daniel Farb	CEO, Principal Executive Officer and Director, Principal Financial Officer and Principal Accounting Officer
0001826909-20-000002	1	CULMINATION BREWING Co	Tomas Sluiter	Chief Executive Officer
0001830917-20-000001	1	HighRes Labs, Inc.	Qiliang Wang by Sean Fuellhart POA	CEO
0001746059-20-000373	1	DEBELLATION BREWING CO.	David Goodell	CEO
0001826436-20-000002	1	Manta Biofuel, Inc.	/s/ Ryan Powell	CEO, Director
0001799343-20-000003	1	Go Buddha LLC	Joshua Ingraham	Owner
0001665160-20-001377	1	MojiLala, Inc.	Dana Loberg	CEO, Principal Executive Officer and Director, Principal Financial Officer and Principal Accounting Officer
0001817190-20-000004	1	Livewell Assisted Living, Inc	Justin Beckett by Sean Fuellhart POA	CEO
0001670254-20-001001	1	Moonshot Junior, Inc	Alok Jain	Co-founder, CEO
0001746059-20-000372	1	2 PIECES OF BREAD LLC	Brandon Johnson	Owner and Founder
0001746059-20-000371	1	PORTICO BREWING Co LLC	Alex Zielke	Owner and CoFounder
0001746059-20-000370	1	LOCHIEL BREWING LLC	Ian Cameron	Owner and Founder
0001746059-20-000369	1	Fenwick Farms Brewing Co, LLC	Kenneth VanHouten	Owner and CoFounder
0001716906-20-000009	1	Martell Broadcasting Systems, Inc.	Carey Ray Martell	President, CEO, Secretary and Chairman of the Board
0001746059-20-000368	1	Brubakers Cafe & Bakery, LLC	Jacob Mullikin	Owner and CoFounder
0001665160-20-001375	1	2XL Swagger Brands, INC	Robert J. Tushinsky	CEO, Principal Executive Officer and Director, Principal Financial Officer and Principal Accounting Officer
0001753754-20-000002	1	Tendedbar LLC	Justin Honeysuckle	COO
0001828741-20-000002	1	Bao Brewhouse LLC	Michael Swift	Owner
0001822923-20-000012	1	ORION Electronics Co Inc.	Paul Perkins	CEO
0001799689-20-000008	1	Insense Ads, Inc	Danil Saliukov	CEO & Director
0001799689-20-000007	1	Gesture US, Inc.	Benito Labra	CEO and Director
0001746059-20-000367	1	Ferndale Project LLC	Dayne Bartscht	Owner and Manager
0001669191-20-000640	1	Zelgor Inc	John Fanning Jr	Principal Executive Officer
0001799689-20-000006	1	Neighbor, Inc.	Carl Turner	President
0001830570-20-000001	1	Otto Connect, Inc.	James R Varner	President and CEO
0001827897-20-000001	1	Freeman Berkshires, LLC	Daniel Dus	Managing Partner of Shared Estates Asset Fund, GP, the Manager of, Shared Estates Fund 1, LLC
0001620704-20-000006	1	MED-X, INC.	Ronald J. Tchorzewski by Sean Fuellhart, POA	CFO
0001746059-20-000365	1	Ferndale Project LLC	Dayne Bartscht	Owner and Manager
0001765252-20-000005	1	QWIKLEAF LLC	Neil Biafore	CEO
0001665160-20-001374	1	Macro Snacks, Inc	Justin Wiesehan	CEO, Principal Executive Officer and Director, Principal Financial Officer and Principal Accounting Officer
0001665160-20-001372	1	Fanbase Social Media, Inc.	Isaac Hayes III	CEO, Principal Executive Officer and Director, Principal Financial Officer and Principal Accounting Officer
0001746059-20-000364	1	LOCHIEL BREWING LLC	Ian Cameron	Owner and Founder
0001746059-20-000363	1	CGK ON NEWBURY LLC	Jose DeSouza	Owner and CoFounder
0001665160-20-001368	1	Honeyfund.com, Inc.	Sara Margulis	CEO, Principal Executive Officer and Director, Principal Financial Officer and Principal Accounting Officer
0001746059-20-000362	1	Chowderquake, LLC	Carl Lavin	Owner and Founder
0001665160-20-001366	1	Hundy, Inc.	Pete Budlong	CEO, Principal Executive Officer and Director, Principal Financial Officer and Principal Accounting Officer
0001670254-20-000999	1	Vibetech Enterprises, LLC	Edward MORGAN	CFO, BOD
0001790424-20-000005	1	GreenZone Pharms	Daniel Marlow by Sean Fuellhart POA	CEO
0001670254-20-000997	1	Natural Solutions Direct, Inc.	Michael Sciucco	Founder and CEO
0001670254-20-000995	1	Odyssey Science, Inc.	Michael Brower	Co-Founder, CFO and COO
0001746059-20-000361	1	NA Brews Corp.	Ezra Bleau	Owner and Founder
0001811444-20-000003	1	Brass Clothing LLC	/s/ Katelyn Demo	Manager
0001825788-20-000002	1	Bonsai Village, LLC	Joseph Callantine	CEO
0001782185-20-000008	1	Frame Media Inc.	Benjamin Moe	Founder, CEO
0001782185-20-000007	1	Frame Media Inc.	Benjamin Moe	Founder, CEO
0001820003-20-000008	1	Airo Capital Management, Inc.	Frederic Richardson	Chairman President
0001669191-20-000638	1	Mini City, Inc	India  Hayes	Principal Executive Officer
0001670254-20-000993	1	Scrap Film LLC	Vivian Kerr	Director / Writer
0001670254-20-000991	1	Vuba Corp	Peter Muller	CTO
0001746059-20-000360	1	Coolship.IO, LLC	Benjamin Holmes	Owner and Founder
0001665160-20-001364	1	No H2O USA Inc	Emmet O'Brien	CEO, Principal Executive Officer and Director, Principal Financial Officer and Principal Accounting Officer
0001669191-20-000635	1	PromoShare, Inc.	Ernesto Pedroza	Principal Executive Officer
0001669191-20-000633	1	Impact X Partners , LLC	Frank  Santoni	Principal Executive Officer
0001665160-20-001362	1	Veriglif, Inc.	James Wilson	CEO, Principal Executive Officer and Director
0001669191-20-000631	1	GenesisAI Corporation	Archil Cheishvili	Principal Executive Officer
0001809750-20-000001	1	Edible Garden Inc	/s/ James Kras	Chief Executive Officer
0001669191-20-000629	1	Vymedic Inc.	Cynthia Winning	Principal Executive Officer
0001790166-20-000017	1	Compound Projects, LLC	Janine Yorio	Chief Executive Officer
0001746059-20-000359	1	Chowderquake, LLC	Carl Lavin	Owner and Founder
0001830452-20-000001	1	Noe Jr LLC	Noelani Maglinti	President
0001829951-20-000001	1	Swedesboro Brewing Co LLC	Kevin Bain	Officer/Member
0001719369-20-000006	1	ALTO SOLUTIONS, INC.	Eric Satz	CEO, President & Director
0001746059-20-000358	1	Penokee Skiing Group LLC	David Dziuban	Owner and Manager
0001746059-20-000357	1	Fit Wellness, LLC	Greg Chickneas	Owner and CoFounder
0001821926-20-000002	1	Common Bond OTG Garden Oaks, LLC	George Joseph	President
0001669191-20-000627	1	Watch Party LLC	Chelinde Edouard	Principal Executive Officer
0001746059-20-000355	1	SPORKconcepts LLC	Jeffrey Olsen	Owner and Founder
0001670254-20-000985	1	eCarra, LLC	Rock Robinson	CEO
0001670254-20-000987	1	Shark Wheel, Inc.	Zack Fleishman	Chief Operating Officer
0001670254-20-000989	1	Luxury Camping Inc.	Robert Frisch	Co-Founder and CEO
0001670254-20-000984	1	eCarra, LLC	Rock Robinson	CEO
0001811855-20-000008	1	goDeskless Inc.	Ashish Joshi	CEO
0001669191-20-000625	1	Maingear, Inc.	Wallace Santos	CEO
0001830255-20-000001	1	2Sisters2Sons Co	Michael Brown	Partner
0001822923-20-000010	1	ORION Electronics Co Inc.	Paul Perkins	CEO
0001780439-20-000064	1	Crypto Asset Rating Inc.	Pramod Attarde	Co-Founder & CEO
0001665160-20-001358	1	Boku International Inc	Lynn Rolle	CEO, Principal Executive Officer and Director, Principal Financial Officer and Principal Accounting Officer
0001665160-20-001357	1	Rumble Motors, Inc.	Reza Khademi	CEO, Principal Executive Officer and Director, Principal Financial Officer and Principal Accounting Officer
0001670254-20-000980	1	DCFC Holdings, LLC	Sean C Mann	CEO/Board of Managers
0001669191-20-000623	1	FinTron, LLC	Wilder  Rumpf	Principal Executive Officer
0001670254-20-000979	1	DGN Pharmacy, Inc.	Lawrence Margolis	Founder/CEO
0001669191-20-000621	1	SampleServe, Inc.	Russell Schindler	Principal Executive Officer
0001670254-20-000977	1	Pinhook Thoroughbreds Inc.	George Hall	Board Member
0001669191-20-000619	1	Shockwave Motors, Inc.	John McMillian	Principal Executive Officer
0001780439-20-000062	1	MobileyMe, Inc. /FL	Mahira Durrani	Chief Executive Officer
0001746059-20-000353	1	N & M Coach Lines LLC	Noreago Drumgoole	Owner and Founder
0001665160-20-001356	1	MF Fire, Inc.	Paul LaPorte	CEO, Principal Executive Officer and Director
0001687278-20-000005	1	Vital Leaf, Inc	Christina Sasser	CEO
0001665160-20-001354	1	Capsul Inc.	Tina Cheng	CEO, Principal Executive Officer and Director, Principal Financial Officer and Principal Accounting Officer
0001814684-20-000005	1	Lend Grow Inc.	/s/ Nishith Krishna	Chief Executive Officer, Director
0001819232-20-000003	1	WizHero LLC	Viorel Emilian Teodorescu by Sean Fuellhart POA	CEO
0001687278-20-000004	1	Vital Leaf, Inc	Christina Sasser	CEO
0001819232-20-000002	1	WizHero LLC	Viorel Emilian Teodorescu by Sean Fuellhart POA	CEO
0001788434-20-000009	1	Edly Inc.	Chris Ricciardi	CEO
0001502880-20-000004	1	Virtual World Computing, LLC	Jeffrey Bermant	CEO
0001665160-20-001352	1	Ryca Motors, Inc.	Casey Stevenson	CEO, Principal Executive Officer and Director, Principal Financial Officer and Principal Accounting Officer
0001669191-20-000617	1	Avail Productivity Systems, Inc., d/b/a SNAPSHYFT	Thor Wood	Principal Executive Officer
0001669191-20-000615	1	ChipBrain LLC	Lisa Vo	Principal Executive Officer
0001669191-20-000613	1	Atmospheric Water Solutions, LLC	Doug Marcille	Principal Executive Officer
0001615727-20-000004	1	2124 Brewing Co LLC	Ryan Bove	President
0001665160-20-001350	1	Mamie's Pies, Inc.	Kara Romanik	CEO, Principal Executive Officer and Director, Principal Financial Officer and Principal Accounting Officer
0001665160-20-001349	1	COMSERO, INC.	Anthony Franco	CEO, Principal Executive Officer and Director, Principal Financial Officer and Principal Accounting Officer
0001669191-20-000611	1	Dome Audio Inc.	Benjamin White	Principal Executive Officer
0001828669-20-000002	1	ChaseArt LLC	Jose Nicomedes Moreira	CEO
0001746059-20-000351	1	Welserv Industries, Inc	Steven Welser	Owner
0001829247-20-000004	1	BullFrog AI Holdings, Inc.	Vininder Singh	CEO and Chairman
0001670254-20-000976	1	Atom Limbs Inc	Tyler Hayes	CEO
0001820003-20-000007	1	Airo Capital Management, Inc.	Frederic Richardson	Chairman President
0001669191-20-000608	1	Puro Trader, Inc dba Yahyn	Joshua  Leavitt	Principal Executive Officer
0001828208-20-000004	1	South Central Bungalow Gardens, LLC	John Perfitt	Ex Director of Restore Neighborhoods LA, inc., the Manager
0001670254-20-000975	1	Atom Limbs Inc	Tyler Hayes	CEO
0001828208-20-000003	1	South Central Bungalow Gardens, LLC	John Perfitt	Ex Director of Restore Neighborhoods LA, inc., the Manager
0001665160-20-001348	1	Airgility, inc.	Pramod Raheja	CEO, Principal Executive Officer and Director, Principal Financial Officer and Principal Accounting Officer
0001828208-20-000002	1	Dweller Affordable ADU Portfolio, LLC	Patrick Quinton	President of the manager, Dweller, Inc
0001665160-20-001347	1	SONDORS Electric Car Company	Storm Sondors	CEO, Principal Executive Officer and Director, Principal Financial Officer and Principal Accounting Officer
0001746059-20-000349	1	Green Grass Acres LLC	James Ridgley Jr.	Owner and Founder
0001669191-20-000606	1	Monetran, LLC	Don Bielak	Principal Executive Officer
0001665160-20-001344	1	Open Box Buy Corporation	Open Box Buy Corporation	CEO, Principal Executive Officer and Director, Principal Financial Officer and Principal Accounting Officer
0001665160-20-001343	1	Liberty PlugIns, Inc.	Chris Outwater	CEO, Principal Executive Officer and Director
0001665160-20-001340	1	Battle Approved Motors Inc.	Chris James Morgans	CEO, Principal Executive Officer, and Director, Principal Financial Officer and Principal Accounting Officer
0001665160-20-001338	1	Reset IV, Inc.	Daniel Rubenstein	CEO, Principal Executive Officer and Director
0001782819-20-000002	1	Little Dreams LLC	Marie Miller	CEO
0001746059-20-000347	1	Perillas Food LLC	James Choi	Owner and Founder
0001665160-20-001337	1	HyperSciences, Inc	Mark Russell	CEO, Principal Executive Officer and Director
0001793460-20-000005	1	SongVest Records Inc.	Sean Peace	CEO
0001793460-20-000006	1	SongVest Records Inc.	Sean Peace	CEO
0001817144-20-000002	1	Service Write, Inc.	/s/David  Marcus Aman	CEO, Director
0001746059-20-000346	1	Oak & Main, LLC	Kara Hoagland	Owner and Founder
0001665160-20-001336	1	Zeehaus Inc.	Justin Lee	CEO, Principal Executive Officer and Director, Principal Financial Officer and Principal Accounting Officer
0001665160-20-001335	1	HyperSciences, Inc	Mark Russell	CEO, Principal Executive Officer and Director
0001670254-20-000973	1	Volcon, Inc.	Andy Leisner	CEO
0001665160-20-001333	1	HyperSciences, Inc	Mark Russell	CEO, Principal Executive Officer and Director
0001670254-20-000972	1	Apotheka Systems Inc.	Dennis Maliani	CEO
0001665160-20-001332	1	Clear Genius Inc.	Harry R. Kraatz	CEO, Principal Executive Officer and Director
0001727194-20-000003	1	Jassby, Inc.	Benjamin Nachman	Founder, President, & CEO
0001665160-20-001331	1	Life Imaging Fla, Inc.	J. Thomas Graham	CEO, Principal Executive Officer and Director, Principal Financial Officer and Principal Accounting Officer
0001746059-20-000344	1	Anas Norwegian Bakeri LLC	Anne-Marie Godfrey	Owner and Founder
0001665160-20-001330	1	Franny's Manufacturing Inc	Jeff Tacy	CEO, Principal Executive Officer and Director, Principal Financial Officer and Principal Accounting Officer
0001665160-20-001329	1	Solectrac, Inc.	Stephen Heckeroth	CEO, Principal Executive Officer and Director, Principal Financial Officer and Principal Accounting Officer
0001788691-20-000008	1	BioLargo Water Investment Group, Inc.	Dennis Calvert	President and CEO
0001665160-20-001325	1	Trashless, Inc.	Yogesh Sharma	CEO, Principal Executive Officer and Director, Principal Financial Officer and Principal Accounting Officer
0001665160-20-001323	1	Franny's Manufacturing Inc	Jeff Tacy	CEO, Principal Executive Officer and Director, Principal Financial Officer and Principal Accounting Officer
0001670254-20-000969	1	Toffee, Inc.	Yousef Abdulhassan	Founder
0001826909-20-000001	1	CULMINATION BREWING Co	Tomas Sluiter	Chief Executive Officer
0001665160-20-001321	1	El Tinieblo International, Inc.	Brian Gale	CEO, Principal Executive Officer and Director
0001665160-20-001322	1	Sun Brothers, LLC	Emerson Carnavale	CEO, Principal Executive Officer and Director
0001805160-20-000002	1	Van Zant House Inc.	Todd Smith	CEO
0001665160-20-001319	1	Kebapolis LLC	Grayson M. Laird	CEO, Principal Executive Officer and Director, Principal Financial Officer and Principal Accounting Officer
0001665160-20-001318	1	Prime Lightworks Inc.	Kyle Flanagan	CEO, Principal Executive Officer and Director, Principal Financial Officer and Principal Accounting Officer
0001665160-20-001317	1	Thalia Brands, Inc.	Chris Bradley	CEO, Principal Executive Officer and Director, Principal Financial Officer and Principal Accounting Officer
0001665160-20-001316	1	Carnot Compression Inc.	Todd Thompson	CEO, Principal Executive Officer and Director, Principal Financial Officer and Principal Accounting Officer
0001665160-20-001315	1	BIOCURITY PHARMACEUTICALS INC.	MerchantCass Advisors, LLC Nancy Cass	Principal Executive Officer
0001665160-20-001314	1	Fantasy Network Corp	Ronald B Newcomb	CEO, Principal Executive Officer and Director
0001819232-20-000001	1	WizHero LLC	Viorel Emilian Teodorescu by Sean Fuellhart POA	CEO
0001665160-20-001313	1	Dan Clark Audio, Inc	Dan Clark	CEO, Principal Executive Officer and Director, Principal Financial Officer and Principal Accounting Officer
0001665160-20-001312	1	Learnt, Inc.	Andrew Nimmich	CEO, Principal Executive Officer and Director, Principal Financial Officer and Principal Accounting Officer
0001665160-20-001311	1	Locking Line Barriers Corp	Joseph Daniluk	CEO, Principal Executive Officer and Director, Principal Financial Officer, Secretary, and Principal Accounting Officer
0001670254-20-000967	1	Yoga Ed. Inc.	Diana Hahn	Managing Director
0001824547-20-000001	1	ABR First Capital LLC	Frank Bashore	CEO
0001799979-20-000004	1	Urban Wag, LLC	/s/ Minchul An	Chief Executive Officer
0001746059-20-000343	1	Trader's Cache, LLC	Nathaniel Morsches	Owner and CoFounder
0001823850-20-000002	1	619 Sombrero, LLC	Robert Stephens	Managing Partner
0001666102-20-000027	1	Lucas & Friend Land Holdings, LLC	Nathan Jenkins	CEO
0001670254-20-000966	1	FuelGems Inc.	Kirill Gichunts	CEO
0001670254-20-000965	1	Kidd & Truvillion-Kemp Inc	Alicia Kidd	Co-Founder
0001670254-20-000964	1	The Astrid Experience, LLC	Cal Barnes	Writer/ Director/ Producer
0001746059-20-000342	1	1487 Brewpub I, LLC	Benjamin King	Owner and Founder
0001746059-20-000341	1	Village Box Cafe, LLC	Oliver Mitchell	President
0001746059-20-000340	1	vault virtual reality LLC	Griselda Champagne	Founder & CEO
0001828208-20-000001	1	Dweller Affordable ADU Portfolio, LLC	Patrick Quinton	President of the manager, Dweller, Inc
0001829247-20-000002	1	BullFrog AI Holdings, Inc.	Vininder Singh	CEO and Chairman
0001670254-20-000960	1	GETJOBZZ LLC	Harsh Vardhan Singh	Co-founder and CEO
0001670254-20-000962	1	American Ultimate Disc League, LLC	Andrew S Lloyd	Chief Financial Officer
0001746059-20-000338	1	Trader's Cache, LLC	Nathaniel Morsches	Owner and CoFounder
0001787138-20-000006	1	Backyard Soda Co, Inc.	Jonathan Schultz	CEO & Director
0001669191-20-000604	1	Atmospheric Water Solutions, LLC	Doug Marcille	Principal Executive Officer
0001665160-20-001310	1	Adventure 2 Learning, Inc.	Michael Rhattigan	CEO, Principal Executive Officer and Director, Principal Financial Officer and Principal Accounting Officer
0001665160-20-001309	1	Hitch Hotel, Inc.	Geoff Patterson	CEO, Principal Executive Officer and Director, Principal Financial Officer and Principle Accounting Officer
0001665160-20-001307	1	Full Circle Brewing Co. Ltd., LLC	Arthur Moye	CEO and Managing Member, Principal Financial Officer, and Principal Accounting Officer
0001670254-20-000959	1	Isegoria, Inc	Benjamin Swann	CEO
0001821120-20-000002	1	Temple I, LLC	Philip Michael	CEO of NYCE Companies, Inc. (the Manager)
0001670254-20-000958	1	Pendram Inc.	Mary June Makoul	CEO and Founder
0001644600-20-000025	1	EdenLedger, Inc.	Michael Golomb	Founder and CEO
0001670254-20-000956	1	CLICS, LLC	Charles Brown	CEO
0001814787-20-000001	1	Doorage, Inc.	/s/ Sean Sandona	CEO, Director
0001778787-20-000003	1	Hidrent Inc.	/s/David Heimbuch	CEO, Director
0001818834-20-000004	1	1491 Atlantic Partners, LLC	Scott Choppin	Manager
0001665160-20-001303	1	MedVector Corp.	Scott Stout	Co-Founder and CEO, Principal Executive Officer and Director, Principal Financial Officer and Principal Accounting Officer
0001665160-20-001301	1	Strengths, Inc.	Paul Allen	CEO, Principal Executive Officer and Director
0001670254-20-000955	1	CLASSIFIED FILMS LLC	Dani Barker	Writer/Producer/Actor in Follow Her
0001816536-20-000002	1	IPD Products, Inc.	Howard Nelson	President, CEO
0001670254-20-000954	1	Sircles Media Inc.	Danny Hinkle	Chief Operating Officer
0001669191-20-000601	1	Northstar Technologies Group, Inc.	Paul Inglese	Principal Executive Officer
0001669191-20-000598	1	Vymedic Inc.	Cynthia Winning	Principal Executive Officer
0001650200-20-000008	1	ALPHAFLOW, INC.	Ray Sturm	CEO & Director
0001746059-20-000337	1	Seven Sisters Brewery LLC	Dale Clark	Owner and CoFounder
0001670254-20-000952	1	Climate Action Now	Brett Walter	Founder & CEO
0001665160-20-001300	1	Noble Naturals	David Allred	CEO, Principal Executive Officer and Director, Principal Financial Officer and Principal Accounting Officer
0001669191-20-000596	1	IoTeedom Inc.	Brianna Cook	Principal Executive Officer
0001669191-20-000595	1	Acquire Skills and Knowledge Education Inc.	Ruth Nemire	Principal Executive Officer
0001665160-20-001299	1	Veriglif Inc.	James Wilson	CEO
0001828903-20-000004	1	SHADOW ACCELERATOR LLC	Pramod Reddy	CEO/Chairman
0001780439-20-000060	1	Crypto Asset Rating Inc.	Pramod Attarde	Co-Founder & CEO
0001669191-20-000592	1	Forever Young Technologies, INC	Juan  Young	Principal Executive Officer
0001669191-20-000591	1	Forever Young Technologies, INC	Juan  Young	Principal Executive Officer
0001669191-20-000590	1	Deuce Drone LLC	Rhett Ross	Principal Executive Officer
0001670254-20-000950	1	Immortal Studios, Inc	Peter Shiao	Founder & CEO
0001665160-20-001298	1	KapitalWise, Inc.	Sajil Koroth	CEO, Principal Executive Officer, and Director, Principal Financial Officer, and Principal Accounting Officer
0001828603-20-000001	1	Red Feather LLC	Brad Bernstein	Owner
0001670254-20-000946	1	Sunken Stone Inc.	Adam Weiler	Founder & CEO
0001670254-20-000948	1	33 Days LLC	Edward James Portillo	Producer/founder
0001670254-20-000944	1	Wear Your Voice Inc.	Ravneet VOHRA	Founder & CEO
0001670254-20-000942	1	CLASSIFIED FILMS LLC	Dani Barker	Writer/Producer/Actor in Follow Her
0001670254-20-000940	1	Booster TV, Inc.	Michael Stevens	CEO
0001791747-20-000003	1	Oomi Inc.	/s/ Obi Onyejekwe	CEO
0001670254-20-000938	1	FLORASCENTIALS, INC.	Randy Weiss	CEO, President & Chief Scientific Officer
0001828741-20-000001	1	Bao Brewhouse LLC	Michael Swift	Owner
0001799979-20-000003	1	Urban Wag, LLC	/s/ Minchul An	Chief Executive Officer
0001746059-20-000336	1	Tiny Restaurant Group LLC	Adam Willoughby	Owner and Founder
0001746059-20-000335	1	Daughter Food Group LLC	Adam Keita	Owner and Founder
0001746059-20-000334	1	Grind Cafe & Eatery LLC	Ronald Besse	Owner and Founder
0001746059-20-000333	1	La Tia Pepa LLC	Luis Lezama	President
0001746059-20-000332	1	I EAZE EATS - EXPRESS WRAPS & SMOOTHIES	Christian Cameron-Haskins	Owner and Founder
0001665160-20-001296	1	IX Power Clean Water, Inc.	John R. (Grizz) Deal	CEO, Principal Executive Officer and Director
0001670254-20-000936	1	HotelierCo Retail LLC	Nathan Kivi	Founder & CEO
0001793079-20-000003	1	PiQPiQ, Inc.	/s/ Edward Lerner	CEO, Director
0001665160-20-001292	1	Gift of College, Inc.	Wayne Weber	CEO, Principal Executive Officer and Director, Principal Financial Officer and Principal Accounting Officer
0001665160-20-001290	1	An Angry Boy Inc.	Andrew Fitzgerald	CEO, Principal Executive Officer and Director, Principal Financial Officer and Principal Accounting Officer
0001812172-20-000006	1	ADAMS FOURTH HOLDINGS, LLC	Anthony V Caccomo	PRESIDENT,NEW HEARTLAND VENTURES, LTD Managing Member
0001670254-20-000934	1	Veriglif Inc.	James Wilson	CEO
0001746059-20-000330	1	Dumbdumb Food Truck LLC	Jennifer Walker	Owner and Founder
0001665160-20-001288	1	Real McCoy Tea Company	Chris McCoy	CEO, Principal Executive Officer and Director
0001665160-20-001286	1	XTI Aircraft Company	Robert LaBelle	CEO, Principal Executive Officer and Director
0001818758-20-000003	1	Ace Care Pharmacy Management and Consulting, Inc.	Wenbo Liu	CEO
0001696945-20-000008	1	Jauvtis Engineering, Inc.	Christian Okonsky	Executive Director
0001669191-20-000585	1	Northstar Technologies Group, Inc.	Paul Inglese	Principal Executive Officer
0001665160-20-001283	1	Knack Inc.	Charles Mellen	CEO, Principal Executive Officer and Director, Principal Financial Officer and Principal Accounting Officer
0001670254-20-000933	1	Smart Tire Recycling, Inc.	Mendel Bassman	CEO and Co-Founder
0001746059-20-000329	1	Biker Beer Brewers, LLC	Gary Allen Ludwig	Owner and Founder
0001669191-20-000583	1	BBQ IN THE PARK, INC.	Blaine Patterson	Principal Executive Officer
0001635996-20-000001	1	Oak & Grist Distilling Co LLC	William Goldberg	President
0001746059-20-000328	1	Bugs Beachin Shaved Ice LLC	Dakotah-Rae Mick	Owner and Founder
0001828414-20-000002	1	Pierogi Pantry LLC	Nikki Odongray	Owner
0001828414-20-000001	1	Pierogi Pantry LLC	Nikki Odongray	Owner
0001826237-20-000001	1	SLN Management, LLC	Bernardo Hasbach	CFO/COO
0001821177-20-000004	1	Plant An App, Inc.	/s/ Bogdan Litescu	CEO, Director
0001816601-20-000006	1	Creative 3D Technologies, Inc.	Ethan Baehrend	Founder & CEO
0001813411-20-000008	1	Sigma Auto Capital, LLC	Andre Christopher Barnes	CEO
0001822878-20-000002	1	Illuminate Labs Inc.	/s/ Calloway Cook	CEO, President, and Secretary
0001813411-20-000007	1	Buy Back Baton Rouge LLC	Newton Julien Gordon	President/CEO
0001809918-20-000004	1	SC&C Inc.	Sherree Goldstein	Owner
0001670254-20-000932	1	SapientX Inc.	David Colleen	Founder, CEO, Chairman of the Board
0001213900-20-031166	1	LIFEDNA, INC.	Cyril Moukarzel	CEO
0001670254-20-000930	1	Pure-Light Technologies, Inc.	Roger K Young	Founder & CEO
0001665160-20-001282	1	SanMelix Laboratories, Inc.	Diana Sabacinski	CEO, Principal Executive Officer and Director, Principal Financial Officer and Principal Accounting Officer
0001746059-20-000327	1	Great Road Equity Partners, Inc	Dan Millen	Owner and CoFounder
0001665160-20-001280	1	Airto, Inc.	Shi Li	CEO, Principal Executive Officer and Director, Principal Financial Officer and Principal Accounting Officer
0001670254-20-000929	1	Gleantap, Inc	Sagar Babber	Founder & CEO
0001665160-20-001277	1	Barrana Corp.	Mario Rana	CEO, Principal Executive Officer and Director, Principal Financial Officer and Principal Accounting Officer
0001665160-20-001276	1	Northeast Productions, Inc.	William R. Graening	CEO, Principal Executive Officer and Director, Principal Financial Officer and Principal Accounting Officer
0001821453-20-000003	1	Wynwood Manager, LLC	Ricardo Hernandez	Manager of the Manager, RH-RP, LLC
0001670254-20-000928	1	JJ Pfister Distilling Company LLC	Kevin Keck	President
0001797010-20-000005	1	Animal Life Sciences, Inc.	D. Hughes Watler, Jr.	Director and Chief Financial Officer
0001826440-20-000003	1	UV One Hygienics Inc.	Dora Suppes by Sean Fuellhart POA	CEO
0001669191-20-000581	1	Transparent Path spc	Eric Weaver	Principal Executive Officer
0001665160-20-001273	1	Life Imaging Fla, Inc.	J. Thomas Graham,	CEO, Principal Executive Officer and Director, Principal Financial Officer and Principal Accounting Officer
0001665160-20-001271	1	Z0cal Inc	Dr. Jareer Abu Ali	CEO, Principal Executive Officer and Director, Principal Financial Officer and Principal Accounting Officer
0001665160-20-001269	1	Liberty PlugIns, Inc.	Chris Outwater	CEO, Principal Executive Officer and Director
0001665160-20-001267	1	Beanstox Inc.	Connor O'Brien	CEO and Principal Executive Officer
0001669191-20-000576	1	T2M LLC	Fraser Townley	Principal Executive Officer
0001746059-20-000325	1	Jabberwock Reptiles Inc	Stephen Ayer	Owner and President
0001669191-20-000571	1	3rdDegree, LLC	Shauna Holland	Principal Executive Officer
0001742162-20-000010	1	Consumer Cooperative Group Inc	Tanen Andrews	Founder/CEO
0001213900-20-030923	1	BioPact Cellular Transport, Inc.	/s/ Kurt Swogger	CEO & President
0001823663-20-000002	1	OTIS Dental, Inc.	/s/ Andrew Lee	CEO, Director
0001780122-20-000004	1	Genobank.io Inc	Daniel Uribe	Chief Executive Officer, President, Secretary
0001665160-20-001262	1	Yerbae Brands Co.	Todd Gibson	CEO, Principal Executive Officer and Director, Principal Financial Officer and Principal Accounting Officer
0001670254-20-000927	1	Inhabit.io, Inc	Chai Mishra	CEO
0001665160-20-001264	1	Macro Snacks Inc.	Justin Wiesehan	CEO, Principal Executive Officer and Director, Principal Financial Officer and Principal Accounting Officer
0001556917-20-000009	1	Berrett-Koehler Group, Inc.	David Marshall	Chief Executive Officer
0001665160-20-001266	1	Goffee, Inc	Vincent Meyer	CEO, Principal Executive Officer and Director, Principal Financial Officer and Principal Accounting Officer
0001827319-20-000002	1	Baobab Clothing Inc	/s/ Marcellus Alexander III	Co-Founder, Director
0001669191-20-000569	1	Defynance Holdings, Inc.	Farrukh Siddiqui	Principal Executive Officer
0001814684-20-000004	1	Lend Grow Inc.	Nishith Krishna	Chief Executive Officer, Director
0001670254-20-000926	1	Pendram Inc.	Mary June Makoul	CEO and Founder
0001665160-20-001258	1	CLEARWATER DISTILLING COMPANY LLC dba Clear Water;	Matt Eau Claire	CEO, Principal Executive Officer and Director, Principal Financial Officer and Principal Accounting Officer
0001670254-20-000924	1	SPARROW INTERACTIVE LLC	Matt Lobel	President
0001746059-20-000324	1	WeHa Brewing Co LLC	Cody McCormack	Owner and Founder
0001746059-20-000323	1	Enerprise Management Group LLC	Jesse Le'Suer	Owner and Founder
0001665160-20-001254	1	La Fayette Franchise, Inc.	Nicolas Billaud	Co-CEO, Principal Executive Officer and Director, Principal Financial Officer and Principal Accounting Officer
0001746059-20-000321	1	GRIT FIT CAFE LLC	Raymond Sherwood	CEO
0001821453-20-000002	1	Wynwood Manager, LLC	Ricardo Hernandez	Manager of the Manager, RH-RP, LLC
0001670254-20-000920	1	Entre Corporation	Michael Marra	CEO
0001670254-20-000918	1	Vampr Inc.	Josh Simons	Co-founder and CEO
0001670254-20-000919	1	Where's Rose, LLC	Justin Boswick	Producer
0001670254-20-000922	1	Future Proof Brands LLC	Aimy Steadman	Co-Founder & COO
0001104659-20-113491	1	Quadrant Biosciences Inc.	/s/ Richard Uhlig	CEO and Chairman
0001825264-20-000004	1	CHPL Real Estate LLC	Matt McPheely	Manager, CM Development Partners LLC, CHPL Real Estate LLC's Manager
0001823177-20-000001	1	Million Marker Wellness, Inc.	Jenna Hua	CEO
0001746059-20-000319	1	Settle Down, LLC	Giovanni Albanese	Owner and CoFounder
0001819920-20-000002	1	8 Myles LLC	Myles Powell	Owner
0001725994-20-000006	1	ITSBYU, INC.	/s/ Caroline Strzalka	CEO, Director
0001792121-20-000004	1	Event Hollow, Inc.	Jennifer Edmon	Chief Executive Officer
0001665160-20-001252	1	SaniCash Inc.	Nevin Jenkins	CEO, Principal Executive Officer and Director, Principal Financial Officer and Principal Accounting Officer
0001670254-20-000916	1	Vyrill Inc.	Ajay Bam	CEO & CO-FOUNDER - Vyrill.com
0001827582-20-000003	1	BA Markets 1, LLC	Peter Mikhailenok	CEO
0001670254-20-000915	1	Bay Area Ranchers' Cooperative, Inc.	Sarah Silva	Treasurer & CFO
0001665160-20-001249	1	Metai Knights Media Inc	Dele Atanda	CEO, Principal Executive Officer and Director, Principal Financial Officer and Principal Accounting Officer
0001822064-20-000003	1	Social Coffee BR LLC	Dillon Farrell	Owner
0001666102-20-000026	1	SKYWIDE REAL ESTATE INTERNATIONAL LLC	Tianyuan Gu	Chairman
0001813411-20-000006	1	Buy Back Baton Rouge LLC	Newton Jullien Gordon	President/CEO
0001670254-20-000911	1	Fabulous Technologies Inc.	Hesam Jafari	CEO
0001826275-20-000001	1	Robotic Assistance Devices Mobile, Inc.	Steve Reinharz by Sean Fuellhart POA	President
0001670254-20-000913	1	OsNovum	Gregory Steiner	CEO SteinerBio and OsNovum
0001669191-20-000567	1	Zelgor Inc	John Fanning Jr	Principal Executive Officer
0001746059-20-000317	1	Great Road Equity Partners, Inc	Dan Millen	Owner and CoFounder
0001669191-20-000565	1	We Are Kula, LLC	Shawn Rudnick	Principal Executive Officer
0001669191-20-000563	1	Spring Rock Holdings LLC	Aaron Lukse	Principal Executive Officer
0001788434-20-000008	1	Edly Inc.	Chris Ricciardi	CEO
0001696945-20-000007	1	Jauvtis Engineering, Inc.	Christian Okonsky	Executive Director
0001824373-20-000001	1	Lonesome Producer LLC	Christopher Pappas	Managing Member
0001669191-20-000560	1	Defynance Holdings, Inc.	Farrukh Siddiqui	Principal Executive Officer
0001670254-20-000910	1	Creator Films Inc	David D. Dietrich	Founder / President
0001670254-20-000908	1	CoPeace PBC	Craig Jonas	Chief Executive Officer
0001670254-20-000907	1	CoPeace PBC	Craig Jonas	Chief Executive Officer
0001812172-20-000005	1	ADAMS FOURTH HOLDINGS, LLC	Anthony V Caccomo	PRESIDENT,NEW HEARTLAND VENTURES, LTD Managing Member
0001670254-20-000905	1	Armbrust Inc.	Lloyd Armbrust	Founder and CEO
0001825788-20-000001	1	Bonsai Village, LLC	Joseph Callantine	CEO
0001821177-20-000003	1	Plant An App, Inc.	/s/ Bogdan Litescu	CEO, Director
0001779469-20-000003	1	Shift, LLC	Brock Heasley	CEO
0001670254-20-000903	1	Wind Harvest Pilot Project Inc.	Kevin Wolf	President, Co-Founder
0001821320-20-000002	1	Stojo Products, Inc.	/s/ Jurrien Swarts	CEO & Director
0001670254-20-000902	1	The Astrid Experience, LLC	Cal Barnes	Writer/ Director/ Producer
0001670254-20-000898	1	Here Today Brewing, LLC	Christopher Elford	Founder & CEO
0001670254-20-000896	1	Adara Thoroughbred Corp.	George Hall	President and CEO
0001746059-20-000316	1	BROCKTON BEER COMPANY, LLC	Pierre Alexandre	Owner and Founder
0001821453-20-000001	1	Wynwood Manager, LLC	Ricardo Hernandez	Manager of the Manager, RH-RP, LLC
0001665160-20-001247	1	Alfadan, Inc.	Alberto Francisco Araujo	CEO,Principal Executive Officer and Director,Principal Financial Officer and Principal Accounting Officer
0001670254-20-000894	1	America's Trains Inc.	Barry Jones	CEO
0001746059-20-000315	1	Chowderquake, LLC	Carl lavin	Owner and Founder
0001670254-20-000893	1	FuelGems Inc.	Kirill Gichunts	CEO
0001809424-20-000002	1	DARBLY ENTERTAINMENT, INC	Librado Cerda	CEO
0001665160-20-001243	1	Van Robotics, Inc.	Laura Boccanfuso	CEO, Principal Executive Officer and Director, Principal Financial Officer and Principal Accounting Officer
0001665160-20-001241	1	2XL Swagger Brands, Inc.	Robert J. Tushinsky	CEO, Principal Executive Officer and Director, Principal Financial Officer and Principal Accounting Officer
0001670254-20-000892	1	Univoice Corporation	Sami Halabi	Founder | CEO
0001742162-20-000009	1	Consumer Cooperative Group Inc	Tanen Andrews	Founder/CEO
0001818584-20-000001	1	Elly Health Inc.	Nikhil Pooviah	Co-Founder
0001665160-20-001239	1	California Tequila, inc.	Richard Gamarra	CEO, Principal Executive Officer and Director, Principal Financial Officer and Principal Accounting Officer
0001746059-20-000314	1	Tiny Restaurant Group LLC	Adam Willoughby	Owner and Founder
0001824566-20-000002	1	Rollin' Vets Group Inc.	Katharine Eick	Sole Director of Board of Directors
0001665160-20-001238	1	Flower Turbines, Inc.	Mark Daniel Farb	CEO, Principal Executive Officer and Director, Principal Financial Officer and Principal Accounting Officer
0001827012-20-000001	1	Cake Cabin LLC	Todd James Henry II	Owner
0001746059-20-000313	1	Naturel Juicing, LLC	Nagelore Jean-Caidor	Owner and Founder
0001746059-20-000312	1	McKai Brewing LLC	Mark Camlin	President
0001809401-20-000004	1	Sigma Auto Capital, LLC	Andre Christopher Barnes	CEO
0001749594-20-000004	1	Asarasi, Inc.	Adam North Lazar	Chief Executive Officer
0001826663-20-000001	1	FERMYON INC	Sriram Subramanian	President and CEO
0001793344-20-000017	1	Vivosens Inc.	Miray Tayfun	CEO
0001747584-20-000006	1	National Energy Improvement Fund, LLC	Peter Krajsa	Managing Member
0001665160-20-001230	1	Alelo Inc.	W. Lewis Johnson	President, CEO, Chief Financial Officer, and Chairman of the Board
0001746059-20-000311	1	Moya's Kitchen Concepts	Hector Moya	Owner and Founder
0001746059-20-000310	1	Belle Transformations Medical Spa, PLLC	David Garrison	Owner and CoFounder
0001746059-20-000309	1	Localisity LLC	Charles Dooley	Owner and Founder
0001799584-20-000006	1	QUANTM.ONE INC	Matthew Sullivan	Chief Executive Officer
0001799584-20-000005	1	Wearwell, Inc.	Erin Houston	CEO and Director
0001779469-20-000002	1	Shift, LLC	Brock Heasley	CEO
0001780439-20-000059	1	Lunchwale,Inc.	Gopi Kantamneni	CEO & Founder
0001670254-20-000888	1	Quaesitus Corp.	Luis Vale	Founder / Chief Executive Officer
0001826440-20-000002	1	UV One Hygienics Inc.	Dora Suppes by Sean Fuellhart POA	CEO
0001665160-20-001228	1	The Luving Company	Ashi Jelinek	CEO, Principal Executive Officer and Director, Principal Financial Officer and Principal Accounting Officer
0001670254-20-000890	1	Zeroc Energy Inc.	Will Gassen	CEO/Board Member
