ACCESSION_NUMBER	ID	PERSONSIGNATURE	PERSONTITLE	SIGNATUREDATE
0001665160-19-001263	1	Randall Bee	CEO, Principal Executive Officer and Director, Principal Financial Officer and Principal Accounting Officer	2019-12-31
0001746059-19-000111	2	David Coons	Owner and CoFounder	2019-12-31
0001746059-19-000111	1	Sheila Coons	Owner and CoFounder	2019-12-31
0001665160-19-001262	1	Andrew Schlack	CEO, Principal Executive Officer and Director	2019-12-31
0001665160-19-001262	2	Benjamin Anderson	COO, Principal Financial Officer, Principal Accounting Officer, Director	2019-12-31
0001706939-19-000008	1	Peter Gantner	president	2019-12-31
0001791223-19-000003	1	Jeff Dayov	Chief Financial Officer, Finance Committee	2019-12-31
0001791223-19-000003	2	Tim A Matus	Chief Executive Officer/President	2019-12-31
0001665160-19-001261	1	Richard Marino	CEO, Principal Executive Officer and Director, Principal Financial Officer and Principal Accounting Officer	2019-12-31
0001666102-19-000034	1	Edward Armstrong	CEO	2019-12-31
0001780452-19-000004	1	Tobias Maldonado	Owner	2019-12-30
0001798279-19-000001	1	Alexander Mountjoy	CEO	2019-12-30
0001104659-19-076754	3	/s/ E. Harold Gassenheimer	Chief Financial Officer, Manager	2019-12-30
0001104659-19-076754	1	/s/ Eugene Meehan	President, Manager	2019-12-30
0001104659-19-076754	2	/s/ Fredy Dellis	Chief Operating Officer, Manager	2019-12-30
0001702607-19-000002	1	Simon Bray Jr	CEO	2019-12-30
0001797650-19-000003	1	Arjun Rai	President, Director	2019-12-30
0001665160-19-001260	1	Chris Outwater	CEO, Principal Executive Officer and Director	2019-12-30
0001665160-19-001260	2	Timothy A. Hylas	Principal Financial Officer and Principal Accounting Officer	2019-12-30
0001665160-19-001257	1	Chris Thompson	CEO, Principal Executive Officer and Director, Principal Financial Officer and Principal Accounting Officer	2019-12-30
0001665160-19-001256	1	Steve Grubbs	CEO, Principal Executive Officer and Director, Principal Financial Officer and Principal Accounting Officer	2019-12-30
0001654300-19-000004	1	Neville Golvala	CEO	2019-12-27
0001746059-19-000109	1	Ugur Yilmaz	Owner and Founder	2019-12-30
0001665160-19-001255	1	J. Garrett Green	CEO, Principal Executive Officer and Manager, Principal Financial Officer and Principal Accounting Officer	2019-12-30
0001665160-19-001254	1	Maya Parbhoe	CEO, Principal Executive Officer and Director	2019-12-30
0001665160-19-001254	2	Zeenat William	Principal Financial Officer and Principal Accounting Officer	2019-12-30
0001768621-19-000004	1	Kate Redman	Project Director	2019-12-30
0001768621-19-000004	2	Richard Anderson	Director	2019-12-30
0001768621-19-000004	3	Chris Treter	Director	2019-12-30
0001771075-19-000004	3	Timothy Smith	Production Manager	2019-12-30
0001771075-19-000004	2	Andy Jorgenson	CFO	2019-12-30
0001771075-19-000004	1	Steve Conlin	CEO	2019-12-30
0001665160-19-001253	1	Scott Bahneman	CEO, Principal Executive Officer and Director, Principal Financial Officer and Principal Accounting Officer	2019-12-30
0001658754-19-000003	1	Rafael Urbina	Director	2019-12-27
0001658754-19-000003	2	Manny Borges	Director	2019-12-27
0001666102-19-000033	1	Aaron K Gilbert	President & CEO	2019-12-30
0001769091-19-000003	1	/s/Todayashi Henry Yoshida	Director, Chief Executive Officer	2019-12-27
0001769091-19-000003	2	/s/Todayashi Henry Yoshida	Director, Chief Executive Officer	2019-12-27
0001769091-19-000003	3	/s/Chris Palmisano	Director, Chief Revenue Officer, Chief Operating Officer	2019-12-27
0001746059-19-000108	1	Elizabeth Castellana	Owner and Founder	2019-12-27
0001746059-19-000107	1	Elizabeth Castellana	Owner and Founder	2019-12-27
0001789922-19-000005	2	Justin Silver	CFO, Director	2019-12-27
0001789922-19-000005	1	Rooshy Roychoudhury	CEO, Director	2019-12-27
0001797650-19-000001	1	Arjun Rai	President, Director	2019-12-26
0001691657-19-000001	2	/s/ Michael Y Chow	Director	2019-12-26
0001691657-19-000001	1	/s/ Ajay Kishore	CEO, Director	2019-12-26
0001796599-19-000001	1	/s/ Jewel Zimmer	CEO, Director	2019-12-26
0001691657-19-000001	3	/s/ Bernie Su	Director	2019-12-26
0001792754-19-000003	1	Ethan Winner	Chief Executive Officer	2019-12-26
0001716822-19-000001	1	/s/ Richard Bronson	CEO, Director	2019-12-26
0001753336-19-000003	1	Lynda McLean Ronaldson	Director	2019-12-26
0001753336-19-000003	2	Stephen Warne Ardagh	Treasurer, Director	2019-12-26
0001767357-19-000006	1	Kevin Henretta	Chief Technology Officer	2019-12-26
0001749553-19-000004	1	Kai Nortey	Member	2019-12-26
0001749553-19-000004	2	Ernest Nee-Nueh Nortey	Member	2019-12-26
0001666102-19-000030	1	Jay Noland	CEO	2019-12-26
0001788590-19-000004	2	Shivaprakash Bidlur	principal financial officer, board member	2019-12-26
0001788590-19-000004	1	Harish Prasanna	principal executive officer, controller, board member	2019-12-26
0001788590-19-000003	1	Raymond Li	principal executive officer, principal financial officer, controller, board of directors	2019-12-26
0001788590-19-000003	2	Mark Zheng	Chief Growth Officer	2019-12-26
0001786082-19-000002	1	Jen Ferrone	Owner	2019-12-26
0001765975-19-000007	1	David Brendan Murphy	Manager	2019-12-23
0001765975-19-000007	2	Amos Lonnie Schiller	Manager	2019-12-23
0001790509-19-000005	1	David Lidz	Manager and Sole Member	2019-12-20
0001670254-19-000730	1	Aaron Olson	Co-Founder/CEO	2019-12-19
0001670254-19-000733	1	Archil Cheishvili	CEO	2019-12-19
0001670254-19-000728	1	Arti Kapoor	Board member	2019-12-19
0001670254-19-000728	2	Sajal Sahay	CEO	2019-12-19
0001670254-19-000728	3	Jeffrey Schvimer	Chief Financial Officer	2019-12-19
0001670254-19-000728	4	Asheesh Barman	Co-Founder, President, & COO	2019-12-19
0001670254-19-000730	2	Mehrdad Arjmand	Co-Founder/CEO	2019-12-19
0001670254-19-000725	1	Andres Arsaya	Managing Member	2019-12-19
0001665160-19-001251	1	Zane Lamprey	CEO, Principal Executive Officer and Director, Principal Financial Officer and Principal Accounting Officer	2019-12-23
0001665160-19-001250	1	Alexander Shkolnik	CEO	2019-12-23
0001665160-19-001250	2	Nikolay Shkolnik	CTO, VP of R&D, Board Member	2019-12-23
0001665160-19-001250	3	Per A. Suneby	Director	2019-12-23
0001665160-19-001249	1	Alexander Shkolnik	President	2019-12-23
0001665160-19-001249	3	Per A. Suneby	Director	2019-12-23
0001665160-19-001249	2	Nikolay Shkolnik	VP, CTO	2019-12-23
0001786104-19-000004	1	Zak Laikin	Manager of Profit Property USA LLC, its Manager	2019-12-23
0001787645-19-000005	1	/s/ Sagar Babber	CEO	2019-12-23
0001791747-19-000002	1	Obi Onyejekwe	CEO	2019-12-23
0001767762-19-000001	2	/s/ Deniz Dalkilic	CTO, Director	2019-12-23
0001767762-19-000001	1	/s/ Angelo Adam	CEO, Principal Financial/Accounting Officer,Director	2019-12-23
0001666102-19-000029	1	Nathan Zeleznick	Chairman/Chief Executive Officer	2019-12-23
0001793460-19-000004	1	Sean Peace	CEO	2019-12-20
0001796295-19-000001	1	Noelle Randall	CEO	2019-12-20
0001665160-19-001248	1	Kyle Flanagan	CEO, Principal Executive Officer and Director, Principal Financial Officer and Principal Accounting Officer	2019-12-20
0001665160-19-001245	1	Reza Khademi	CEO, Principal Executive Officer and Director, Principal Financial Officer and Principal Accounting Officer	2019-12-20
0001796828-19-000002	1	Christopher Senegal	Christopher Senegal	2019-12-20
0001785176-19-000002	1	/s/ Sumaya Lakis	CEO, Board Chair	2019-12-20
0001746059-19-000105	1	James Van Sicklen	Owner and Founder	2019-12-20
0001665160-19-001243	1	Ray Phillips	CEO, Principal Executive Officer and Director, Principal Financial Officer and Principal Accounting Officer	2019-12-20
0001669191-19-000424	7	Thomas Humphries	Board Member	2019-12-20
0001669191-19-000424	6	Bob Oliver	Board Member	2019-12-20
0001669191-19-000424	5	James Harris	Board Member	2019-12-20
0001669191-19-000424	4	Nikolaos Tezapsidis	Board Member	2019-12-20
0001669191-19-000424	3	James Harris	Principal Accounting Officer	2019-12-20
0001669191-19-000424	2	James Harris	Principal Financial Officer	2019-12-20
0001669191-19-000424	1	Nikolaos Tezapsidis	Principal Executive Officer	2019-12-20
0001669191-19-000424	8	George Perry	Board Member	2019-12-20
0001670254-19-000720	2	Kristin Parker	CFO & Co-CEO	2019-12-19
0001670254-19-000720	1	Patrick Glanville	CEO & President	2019-12-19
0001665160-19-001237	1	Kyle Flanagan	CEO, Principal Executive Officer and Director, Principal Financial Officer and Principal Accounting Officer	2019-12-19
0001665160-19-001240	2	Chantz Usery	Director and Principal Accounting Officer	2019-12-19
0001665160-19-001235	1	Brad Malin	CEO, Principal Executive Officer and Director, Principal Financial Officer and Principal Accounting Officer	2019-12-19
0001665160-19-001240	1	Deborah Fiorentino	CEO, Principal Executive Officer and Director, Principal Financial Officer and Director	2019-12-19
0001665160-19-001233	1	Max Weissberg	CEO, Principal Executive Officer and Manager, Principal Financial Officer and Principal Accounting Officer	2019-12-19
0001774152-19-000006	2	/s/Peiying Wang	Director	2019-12-19
0001774152-19-000006	1	/s/Jiannan Zhang	Director, Chief Executive Officer, and Secretary	2019-12-19
0001774152-19-000006	3	/s/Hanchao Yue	Director	2019-12-19
0001774242-19-000005	1	Lian Pham	Member of the General Partner	2019-12-06
0001774242-19-000005	2	Lam Mai	Member of the General Partner	2019-12-06
0001665160-19-001229	1	Brody Shemansky	CEO, Principal Executive Officer and Director, Principal Financial Officer and Principal Accounting Officer	2019-12-19
0001777935-19-000002	1	Marcus Davis	President	2019-12-19
0001777935-19-000002	2	Melvinie Davis	Chief Financial Officer	2019-12-19
0001753336-19-000002	2	Stephen Warne Ardagh	Treasurer, Director	2019-12-08
0001753336-19-000002	1	Lynda McLean Ronaldson	Director	2019-12-08
0001665160-19-001224	1	Andy Pandharikar	CEO, Principal Executive Officer and Director, Principal Financial Officer and Principal Accounting Officer	2019-12-19
0001743601-19-000005	1	Darren V. Walker	CEO	2019-12-19
0001665160-19-001222	1	John Chappell	CEO, Principal Executive Officer and Director, Principal Financial Officer and Principal Accounting Officer	2019-12-19
0001665160-19-001222	2	Javier Martinez	Director	2019-12-19
0001665160-19-001220	1	Paul Van Kleef	CEO Principal Executive Officer and Chairman of the Board of Directors	2019-12-19
0001665160-19-001220	2	Alex Nunez	Principal Financial Officer, Principal Accounting Officer, and Director	2019-12-19
0001665160-19-001219	1	Keith Veltre	CEO, Principal Executive Officer and Director, Principal Financial Officer and Principal Accounting Officer	2019-12-19
0001665160-19-001218	2	Javier Martinez	Director	2019-12-19
0001665160-19-001218	1	John Chappell	CEO, Principal Executive Officer and Director, Principal Financial Officer and Principal Accounting Officer	2019-12-19
0001789878-19-000002	3	Eric Hester	Vice President	2019-12-19
0001789878-19-000002	1	Logan Beck	President	2019-12-19
0001789878-19-000002	2	Lauren Ferrante	Vice President	2019-12-19
0001789878-19-000002	4	Troy Stanley	Vice President	2019-12-19
0001783015-19-000003	1	/s/Kerem Ozkan	Director	2019-12-19
0001783015-19-000003	2	/s/Nazim Deniz Kalashoglu	Director	2019-12-19
0001783015-19-000002	1	/s/Nazim Deniz Kalashoglu	Director	2019-12-19
0001783015-19-000002	2	/s/Kerem Ozkan	Director	2019-12-19
0001665160-19-001214	1	John Chappell	CEO, Principal Executive Officer and Director, Principal Financial Officer and Principal Accounting Officer	2019-12-18
0001665160-19-001214	2	Javier Martinez	Director	2019-12-18
0001790092-19-000004	1	/s/ Marco Antonio Trujillo Tejada	Director, CEO	2019-12-18
0001778006-19-000005	1	Michael Peterson	Founder	2019-12-18
0001665160-19-001209	1	Scott Bahneman	CEO, Principal Executive Officer and Director, Principal Financial Officer and Principal Accounting Officer	2019-12-18
0001665160-19-001207	2	Martin Conlon	Director	2019-12-18
0001665160-19-001207	1	Allan Grosvenor	CEO, Principal Executive Officer, Director, Principal Financial Officer and Principal Accounting Officer	2019-12-18
0001786494-19-000006	1	Keyla Cook	Co-Owner	2019-12-18
0001790092-19-000001	1	/s/ Angelo Adam	Director, CEO, Principal Financial/Accounting Officer	2019-12-17
0001792640-19-000002	1	Jonathan Macri by Sean Fuellhart POA	CEO	2019-12-17
0001749553-19-000003	2	Ernest Nee-Nueh Nortey	Member	2019-12-11
0001790092-19-000002	2	Fernando Albertorio	Director, CTO	2019-12-17
0001790092-19-000002	1	Marco Antonio Trujillo Tejada	Director, CEO	2019-12-17
0001749553-19-000003	1	Kai Nortey	Member	2019-12-04
0001796828-19-000001	1	Christopher Senegal	President/CEO	2019-12-17
0001665160-19-001205	2	Tyler Smith	Vice President	2019-12-17
0001665160-19-001205	1	Ryan Pirkle	CEO, Principal Executive Officer and Director, Principal Financial Officer and Principal Accounting Officer	2019-12-17
0001670254-19-000718	1	Alex Bayer	CEO/Founder	2019-12-13
0001665160-19-001202	1	Andrew Ochoa	CEO, Principal Executive Officer, Director, Principal Financial Officer, Principal Accounting Officer	2019-12-17
0001746059-19-000103	1	John Malanka	Owner and Founder	2019-12-17
0001694455-19-000003	1	/s/ Carl Christensen	Interim Chief Executive Officer	2019-12-17
0001665160-19-001200	1	Scott Donoho	CEO, Principal Executive Officer and Director, Principal Financial Officer and Principal Accounting Officer	2019-12-17
0001791711-19-000003	1	Karl Horn	Owner	2019-12-17
0001670254-19-000715	1	Harry Keith Rushing	CFO	2019-12-13
0001670254-19-000715	2	Nathan VonMinden	Managing member	2019-12-13
0001581437-19-000008	1	H. Jacob Hanchar	Chief Executive Officer, Managing Member	2019-12-16
0001635417-19-000005	1	Ravid Razak	CEO	2019-12-16
0001665160-19-001197	2	Nancy Cass	Director	2019-12-16
0001665160-19-001197	1	MerchantCass Advisors, LLC	resident, Principal Executive Officer, and COO	2019-12-16
0001665160-19-001197	4	Aslam S Merchant	Chairman of the Board	2019-12-16
0001665160-19-001197	3	Cheryl H. Baker	Director, Principal Accounting Officer, and Controller	2019-12-16
0001746059-19-000102	1	Claudia Strobing	Owner and Founder	2019-12-16
0001665160-19-001194	1	Robert LaBelle	CEO, Principal Executive Officer and Director	2019-12-16
0001665160-19-001194	2	Andrew Woglom	Principal Financial Officer and Principal Accounting Officer	2019-12-16
0001746059-19-000101	2	Jeffrey Wetzel	Owner and CoFounder	2019-12-16
0001746059-19-000101	1	Ian McGregor	Owner and CoFounder	2019-12-16
0001746059-19-000100	1	Ugur Yilmaz	Owner and Founder	2019-12-16
0001794484-19-000008	1	/s/ Manuela Seve	Chief Executive Officer, Director, Chairman of the Board and President	2019-12-13
0001794484-19-000008	2	/s/ Renata Thome	Chief Operating Officer, Director, Treasurer and Secretary	2019-12-13
0001709915-19-000001	1	Tadeusz Kolodziejczyk	principal executive officer, principal financial officer, principal accounting officer and director	2019-12-13
0001709915-19-000001	2	Joanne Carter	CMO	2019-12-13
0001795839-19-000001	1	Mary Gonzales	Co-Owner	2019-12-13
0001780122-19-000006	1	/s/Daniel Uribe	Chief Executive Officer, President, Secretary	2019-12-13
0001780122-19-000006	2	/s/Everardo Barojas	Chief Financial Officer, Treasurer	2019-12-13
0001665160-19-001188	1	Chris Bradley	CEO, Principal Executive Officer and Director, Principal Financial Officer and Principal Accounting Officer	2019-12-13
0001746059-19-000099	1	Keisha Greaves	Owner and Founder	2019-12-13
0001775091-19-000008	1	Willard L. Jackson Jr., by Sean Fuellhart POA	CEO	2019-12-13
0001669191-19-000422	4	Valerie  Canova	Board Member	2019-12-13
0001669191-19-000422	1	James Canova	Principal Executive Officer	2019-12-13
0001669191-19-000422	2	Valerie  Canova	Principal Financial Officer	2019-12-13
0001669191-19-000422	3	Valerie  Canova	Principal Accounting Officer	2019-12-13
0001669191-19-000422	5	James Canova	Board Member	2019-12-13
0001780122-19-000004	1	/s/Daniel Uribe	Chief Executive Officer, President, Secretary	2019-12-13
0001780122-19-000004	2	/s/Everardo Barojas	Chief Financial Officer, Treasurer	2019-12-13
0001794484-19-000007	2	Renata Thome	Chief Operating Officer, Director, Treasurer and Secretary	2019-12-13
0001794484-19-000007	1	Manuela Seve	Chief Executive Officer, Director, Chairman of the Board and President	2019-12-13
0001794484-19-000006	1	Manuela Seve	Chief Executive Officer, Director, Chairman of the Board and President	2019-12-13
0001794484-19-000006	2	Renata Thome	Chief Operating Officer, Director, Treasurer and Secretary	2019-12-13
0001794484-19-000005	1	Manuela Seve	Chief Executive Officer, Director, Chairman of the Board and President	2019-12-13
0001794484-19-000005	2	Renata Thome	Chief Operating Officer, Director, Treasurer and Secretary	2019-12-13
0001780122-19-000003	2	/s/Everardo Barojas	Chief Financial Officer, Treasurer	2019-12-13
0001780122-19-000003	1	/s/Daniel Uribe	Chief Executive Officer, President, Secretary	2019-12-13
0001783556-19-000008	1	/s/ Terry Jones	Chief Executive Officer	2019-12-12
0001790895-19-000002	1	Shubhankar Basu	CTO, issuer, principal executive officer, principal financial officer, controller, and principal accounting officer	2019-12-12
0001790895-19-000002	2	Samuel Mansen	CEO, issuer, principal executive officer, principal financial officer, controller, and principal accounting officer	2019-12-12
0001739714-19-000002	1	Anne Chambers	CEO	2019-12-12
0001665160-19-001186	1	Wayne Allyn Root	CEO, Principal Executive Officer and Director, Principal Financial Officer and Principal Accounting Officer	2019-12-12
0001788935-19-000005	1	/s/ David Schacter	Founder / CEO	2019-12-12
0001786094-19-000005	1	/s/ Craig Calderone	CEO	2019-12-12
0001784785-19-000005	1	/s/ Randall C. Huntsinger	CEO	2019-12-12
0001665160-19-001183	1	Aja Atwood	CEO, Principal Executive Officer and Manager, Principal Financial Officer and Principal Accounting Officer	2019-12-12
0001665160-19-001182	2	Timothy A. Hylas	Principal Financial Officer and Principal Accounting Officer	2019-12-12
0001665160-19-001182	1	Chris Outwater	CEO, Principal Executive Officer and Director	2019-12-12
0001746059-19-000098	1	Jacqueline Field	Owner and Founder	2019-12-12
0001670254-19-000713	6	Bud Noffsinger	Chief Executive Officer / Director	2019-12-10
0001670254-19-000713	4	Kenneth Michael Montera	Board Director	2019-12-10
0001670254-19-000713	3	Sean Hopkins	Board Member	2019-12-10
0001670254-19-000713	2	Ray McElhaney	Director	2019-12-10
0001670254-19-000713	1	NicoleWatkins	Director	2019-12-11
0001670254-19-000713	5	Matthew Lauer	VP Finance/Officer	2019-12-10
0001670254-19-000710	1	Allan Forsey	Treasurer and Secretary	2019-12-06
0001670254-19-000710	2	Danny Robinson	Founder & CEO of Hoop Tea	2019-12-06
0001746059-19-000097	1	Coco Cabuquit-Love	Owner	2019-12-11
0001783128-19-000002	2	Lance Mojaver	CTO, issuer, principal executive officer, principal financial officer, controller, and principal accounting officer	2019-12-11
0001783128-19-000002	1	Michael Mojaver	CEO, issuer, principal executive officer, principal financial officer, controller, and principal accounting officer	2019-12-11
0001665160-19-001181	1	Fathi Abdelsalam	CEO, Principal Executive Officer and Director, Principal Financial Officer and Principal Accounting Office	2019-12-11
0001465818-19-000037	1	Carol Barash	Manager & CEO	2019-12-11
0001465818-19-000037	3	Todd Padgett	Manager	2019-12-11
0001465818-19-000037	2	John Scotti	Manager	2019-12-11
0001774858-19-000006	1	Anthony Livadas	COO	2019-12-11
0001746059-19-000096	2	Marcie Taylor	Owner and CoFounder	2019-12-11
0001746059-19-000096	1	Alexander Pichardo	Owner and CoFounder	2019-12-11
0001746059-19-000095	1	John Cox	Owner and Founder	2019-12-11
0001793460-19-000002	1	Sean Peace	CEO	2019-12-11
0001465818-19-000035	2	John Scotti	Manager	2019-12-10
0001465818-19-000035	3	Todd Padgett	Manager	2019-12-10
0001665160-19-001179	1	JD Claridge	CEO, Principal Executive Officer and Director, Principal Financial Officer and Principal Accounting Officer	2019-12-10
0001746059-19-000093	1	Ugur Yilmaz	Owner and Founder	2019-12-10
0001465818-19-000035	1	Carol Barash, PhD	Manager & CEO	2019-12-10
0001746059-19-000091	1	Zulema Mejia	Owner and CoFounder	2019-12-10
0001746059-19-000091	2	Oscar Penas	Owner and CoFounder	2019-12-10
0001793868-19-000003	1	Jennifer Ferone	Owner	2019-12-10
0001793868-19-000002	1	Nicholas Weiss	Co-Owner	2019-12-10
0001665160-19-001177	1	David Allred	CEO, Principal Executive Officer and Director, Principal Financial Officer and Principal Accounting Officer	2019-12-10
0001665160-19-001176	1	Andrew Yakub	CEO, Principal Executive Officer and Director, Principal Financial Officer and Principal Accounting Officer	2019-12-10
0001733855-19-000004	3	Ethan Joffe	CTO, issuer, principal executive officer, principal financial officer, controller, and principal accounting officer	2019-12-10
0001733855-19-000004	2	Nicolas Giancola	CEO, issuer, principal executive officer, principal financial officer, controller, and principal accounting officer	2019-12-10
0001733855-19-000004	1	James Jordan	Director, issuer, principal executive officer, principal financial officer, controller, and principal accounting officer	2019-12-10
0001666102-19-000027	1	Sukhbat Lkhagvadorj	CFO	2019-12-10
0001669191-19-000418	5	Amro Eltayeb	Board Member	2019-12-09
0001790674-19-000002	3	/s/ Juan Felipe Yee de Leon	Chief Operating Officer and Director	2019-12-09
0001665160-19-001174	1	Mark Hanchett	CEO, Principal Executive Officer and Director, Principal Financial Officer and Principal Accounting Officer	2019-12-09
0001665160-19-001175	1	Mark Hanchett	CEO, Principal Executive Officer and Director, Principal Financial Officer and Principal Accounting Officer	2019-12-09
0001669191-19-000420	2	Stephon McCoy	Principal Financial Officer	2019-12-09
0001669191-19-000420	3	Stephon McCoy	Principal Accounting Officer	2019-12-09
0001790674-19-000002	1	/s/Liza Paola Velarde Calvillo	Chief Executive Officer and Director	2019-12-09
0001790674-19-000002	2	/s/ Alejandro Abarca Blanco	Chief Technology Officer and Director	2019-12-09
0001669191-19-000418	4	Melvin Du	Board Member	2019-12-09
0001669191-19-000418	3	Melvin Du	Principal Accounting Officer	2019-12-09
0001669191-19-000418	2	Melvin Du	Principal Financial Officer	2019-12-09
0001669191-19-000418	1	Melvin Du	Principal Executive Officer	2019-12-09
0001795615-19-000001	1	tariq khan	ceo/founder	2019-12-09
0001665160-19-001173	1	Mark Hanchett	CEO, Principal Executive Officer and Director, Principal Financial Officer and Principal Accounting Officer	2019-12-09
0001669191-19-000420	1	Stephon McCoy	Principal Executive Officer	2019-12-09
0001669191-19-000416	1	Kimberly Nguyen	Principal Executive Officer	2019-12-09
0001669191-19-000416	2	Kimberly Nguyen	Principal Financial Officer	2019-12-09
0001669191-19-000416	3	Kimberly Nguyen	Principal Accounting Officer	2019-12-09
0001669191-19-000416	4	Steve Nguyen	Board Member	2019-12-09
0001669191-19-000416	5	Tiffany Nguyen	Board Member	2019-12-09
0001669191-19-000416	6	Kimberly Nguyen	Board Member	2019-12-09
0001669191-19-000414	3	Claude Harris	Principal Accounting Officer	2019-12-09
0001669191-19-000414	2	Claude Harris	Principal Financial Officer	2019-12-09
0001669191-19-000414	1	Claude Harris	Principal Executive Officer	2019-12-09
0001669191-19-000414	4	Claude Harris	Board Member	2019-12-09
0001746059-19-000090	2	Robert Curry	Owner and CoFounder	2019-12-09
0001746059-19-000090	1	Kyle Davis	Owner and CoFounder	2019-12-09
0001785021-19-000002	1	Todd Bayer	Managing Member	2019-12-09
0001785021-19-000002	2	Stephen McKee	Managing Member	2019-12-09
0001702371-19-000003	1	Ryan Allis	Director	2019-12-09
0001730486-19-000003	1	Marc Schrobilgen	Chief Exective Officer	2019-12-09
0001783268-19-000003	1	Monica Grays	Owner	2019-12-09
0001670254-19-000703	1	Christine Weatherup Enlow	Director	2019-12-06
0001670254-19-000703	3	Matt Enlow	Producer	2019-12-06
0001670254-19-000707	4	Mari Walker	Director/Co-Writer	2019-11-27
0001670254-19-000703	2	Beatriz Chahin	Producer	2019-12-06
0001670254-19-000707	1	Mia Schulman	Producer	2019-11-28
0001670254-19-000707	2	Matt Miller	Producer	2019-11-27
0001670254-19-000707	3	Kristen Uno	Managing Member/Secretary	2019-11-27
0001665160-19-001170	1	Diana Sabacinski	CEO, Principal Executive Officer and Director, Principal Financial Officer and Principal Accounting Officer	2019-12-06
0001670254-19-000700	1	Abby Verma	Founder	2019-12-06
0001665160-19-001168	1	Brian Gale	CEO, Principal Executive Officer and Director	2019-12-06
0001665160-19-001168	3	Cynthia P. Baron	Principal Financial Officer and Principal Accounting Officer	2019-12-06
0001665160-19-001168	2	Edgar D. McKean III	Director	2019-12-06
0001702371-19-000002	1	Ryan Allis	Director	2019-12-06
0001706939-19-000007	1	Peter Gantner	CEO	2019-12-06
0001665160-19-001167	1	John R. Humphrey	CEO and Founder, Principal Executive and Director	2019-12-06
0001665160-19-001167	2	Scott Marchard	CFO and Principal Financial Officer and Principal Accounting Officer	2019-12-06
0001791343-19-000005	1	Donald Mahaney	Co-Owner	2019-12-06
0001791343-19-000004	1	Michael Killik	Owner	2019-12-06
0001666102-19-000026	1	September Dohrmann	CEO	2019-12-06
0001665160-19-001165	1	McCoy Moretz	CEO, Principal Executive Officer and Director, Principal Financial Officer and Principal Accounting Officer	2019-12-05
0001730486-19-000001	1	Marc Schrobilgen	Chief Exective Officer	2019-12-05
0001665160-19-001163	3	Edward Giardina	Principal Financial Officer, Principal Accounting Officer, and Director	2019-12-05
0001665160-19-001163	2	Linda D. Michonski	Director	2019-12-05
0001665160-19-001163	1	David M. Michonski	CEO, Principal Executive Officer, and Director	2019-12-05
0001665160-19-001162	1	Jeff Tacy	CEO, Principal Executive Officer and Director, Principal Financial Officer and Principal Accounting Officer	2019-12-05
0001665160-19-001161	1	Mark Daniel Farb	CEO, Principal Executive Officer and Director, Principal Financial Officer and Principal Accounting Officer	2019-12-05
0001746059-19-000088	1	Courtney McKamey	Owner and CEO	2019-12-05
0001665160-19-001160	1	Grayson M. Laird	CEO, Principal Executive Officer and Director, Principal Financial Officer and Principal Accounting Officer	2019-12-05
0001791847-19-000001	2	/s/ Jeremiah Calvino	Director	2019-12-05
0001791847-19-000001	1	/s/ Benjamin Camp	CEO, Director	2019-12-05
0001746059-19-000087	1	Biplaw Rai	Owner and CoFounder	2019-12-05
0001746059-19-000087	2	Nyacko Perry	Owner and CoFounder	2019-12-05
0001746059-19-000087	3	Kwasi Kwaa	Chef Partner	2019-12-05
0001786082-19-000001	1	Jennifer Ferone	Owner	2019-12-05
0001104659-19-070041	2	/s/ Ronald Miller	Director and Chairman	2019-12-05
0001104659-19-070041	1	/s/ Howard Marks	Chief Executive Officer, Chief Financial Officer, Chief Accounting Officer and Director	2019-12-05
0001774152-19-000005	3	/s/Hanchao Yue	Director	2019-12-04
0001774152-19-000005	1	/s/Jiannan Zhang	Director, Chief Executive Officer, and Secretary	2019-12-04
0001670254-19-000696	1	Chinnakrit Soonthornwan	Producer	2019-11-25
0001670254-19-000696	2	Thomas Macias	Director	2019-11-25
0001670254-19-000696	3	Woraprat Attasawat	Producer	2019-11-25
0001670254-19-000696	4	Stephanie Botelho	Producer	2019-11-25
0001774152-19-000005	2	/s/Peiying Wang	Director	2019-12-04
0001665160-19-001158	1	Kirsten Nelson	CEO, Principal Executive Officer, and Director	2019-12-04
0001665160-19-001158	2	Oren Schindler	Principal Financial Officer and Principal Accounting Officer and Director	2019-12-04
0001795349-19-000001	3	/s/ John Kauffman	Test Model Platform Lead & Director	2019-12-04
0001795349-19-000001	1	/s/ Timothy Murray	Interim CEO and Director	2019-12-04
0001795349-19-000001	2	/s/ Jay Tetzloff	Head of Analytics & Director	2019-12-04
0001787138-19-000004	1	/s/ Jonathan Schultz	Founder / CEO	2019-12-04
0001727744-19-000001	1	Paul Hardersen	CEO	2019-12-03
0001788657-19-000003	1	Eric Dsrst	CEO	2019-12-03
0001670254-19-000694	2	David Beylin	Director	2019-11-26
0001670254-19-000694	3	Irving Weinberg	Founder/Secretary	2019-11-26
0001665160-19-001155	1	Mark Daniel Farb	CEO, Principal Executive Officer and Director, Principal Financial Officer and Principal Accounting Officer	2019-12-02
0001665160-19-001157	2	Deborah Beardsley	Principal Financial Officer, Principal Accounting Officer and Director	2019-12-02
0001665160-19-001157	1	George Beardsley	CEO, Principal Executive Officer and Director	2019-12-02
0001670254-19-000694	1	Marion Clarke Seward	CEO	2019-11-27
0001665160-19-001151	1	Carlo Brovero	CEO, President, Chief Executive Officer, Treasurer, Principal Financial Officer and Principal Accounting Officer	2019-12-02
0001665160-19-001151	2	Angelo D'Anzi	CTO	2019-12-02
0001665160-19-001151	3	Gabriele Colombo	Secretary	2019-12-02
0001665160-19-001150	1	John Larson	CEO, Principal Executive Officer and Director, Principal Financial Officer and Principal Accounting Officer	2019-12-02
0001774041-19-000006	1	Katherine Stillwell	CEO and sole Director, Jumpstart Insurance Solutions, Inc.	2019-12-02
0001665160-19-001149	1	Andrew Schlack	CEO, Principal Executive Officer and Director	2019-12-02
0001665160-19-001149	2	Benjamin Anderson	COO, Principal Financial Officer, Principal Accounting Officer, Director	2019-12-02
0001755767-19-000003	1	Al Mughairy by Sean Fuellhart POA	CEO	2019-11-29
0001670254-19-000690	3	Aaron Shapiro	Chief Executive Officer	2019-11-27
0001670254-19-000690	1	Michael Eberle	CTO	2019-11-27
0001670254-19-000690	2	Rowen Frazer	Head of Marketing and Design	2019-11-27
0001665160-19-001148	1	Max Weissberg	CEO, Principal Executive Officer and Manager, Principal Financial Officer and Principal Accounting Officer	2019-11-27
0001780439-19-000009	1	Donald Michael Rizzi	Managing Partner	2019-11-27
0001780439-19-000009	3	Phillip Andrew Stark	Managing Partner	2019-11-27
0001780439-19-000009	2	Nathan Michael Rizzi	Managing Partner	2019-11-27
0001790689-19-000001	1	Gary Kendall Spence	Manager	2019-11-26
0001722138-19-000005	4	Jackson White	CIO	2019-11-26
0001722138-19-000005	3	Nim Desai	COO	2019-11-26
0001722138-19-000005	2	Walter Powell Jr.	CBO	2019-11-26
0001722138-19-000005	1	Israel Lopez	Director	2019-11-26
0001665160-19-001143	1	Matt Westover	CEO, Principal Executive Officer and Director, Principal Financial Officer and Principal Accounting Officer	2019-11-26
0001780439-19-000008	1	Timothy Knuten Sullivan	Founder	2019-11-26
0001773714-19-000005	1	Oleg Cheine	CEO	2019-11-26
0001788853-19-000006	1	Nohra Murad	Owner	2019-11-26
0001740075-19-000004	1	Andreas Roussos	CEO	2019-11-26
0001780439-19-000006	1	Timothy Knuten Sullivan	Founder	2019-11-26
0001706939-19-000006	1	Peter Gantner	CEO	2019-11-26
0001670254-19-000686	2	Zack Fleishman	Chief Operating Officer	2019-11-22
0001670254-19-000686	1	Gary Fleishman	CEO	2019-11-22
0001724320-19-000002	3	Brittany Boeckle	Vice President of Production, Secretary, Director	2019-11-25
0001724320-19-000002	2	Ryan Queen	Vice President of Sales and Finance, Treasurer, Director	2019-11-25
0001724320-19-000002	1	Chris Bernard	Chief Executive Officer, Director, Chairman of Board	2019-11-25
0001670254-19-000679	1	elizabeth Rebecca Zuber-Sherr	Founder	2019-11-22
0001670254-19-000679	2	Annette Azan	Co-founder/Marketing, PR & Sales	2019-11-22
0001668287-19-000073	1	Alan Barber	Owner	2019-11-25
0001670254-19-000675	2	Michael Gorton	CEO and co-founder	2019-11-21
0001670254-19-000675	1	Danielle Dallas Roosa	Chief communications officer	2019-11-21
0001665160-19-001141	1	Duncan Parker	CEO, Principal Executive Officer and Director, Principal Financial Officer and Principal Accounting Officer	2019-11-25
0001665160-19-001140	1	Adnan Malik	CEO, Director, Principal Executive Officer, Principal Financial Officer and Principal Accounting Officer	2019-11-25
0001665160-19-001139	1	Patrick Sherwin	CEO, Principal Executive Officer and Director, Principal Financial Officer and Principal Accounting Officer	2019-11-22
0001670254-19-000673	1	Jibril Sulaiman	CEO / Founder	2019-11-22
0001722137-19-000002	1	/s/ Ezra Goldman	Chief Executive Officer, President and Director	2019-11-22
0001670254-19-000671	1	Val D'Souza	CEO	2019-11-22
0001787645-19-000004	1	Sagar Babber	CEO	2019-11-22
0001782833-19-000007	1	Bruce MacDonald	Chief Creative Officer	2019-07-30
0001670254-19-000669	1	Brian Weber	Director of Operations	2019-11-22
0001670254-19-000669	2	Rick ANNICHIARICO	Founder & CEO	2019-11-22
0001612437-19-000007	1	Thomas Hessert	CEO and Director	2019-11-22
0001612437-19-000007	2	Walter Hessert	Director	2019-11-22
0001665160-19-001137	3	Anne Kania	Executive Vice President, Director, Treasurer, Principal Accounting Officer, and Principal Financial Officer	2019-11-22
0001665160-19-001137	1	Bruce Kania	Chief Executive Officer, Principal Executive Officer, Director	2019-11-22
0001665160-19-001137	2	Alicia Pettys	Director	2019-11-22
0001793601-19-000001	1	Karla Valdivieso	Director	2019-11-22
0001746059-19-000086	2	Milka Adera	Owner and CoFounder	2019-11-22
0001746059-19-000086	1	Samson Romeo Regalli	Owner and CoFounder	2019-11-22
0001746059-19-000085	1	Alexis Jones	Owner and Founder	2019-11-21
0001746059-19-000083	1	Aaron Mizen	Owner and CoFounder	2019-11-21
0001746059-19-000083	2	Cynthia Mizen	Owner and CoFounder	2019-11-21
0001786094-19-000004	1	/s/ Craig Calderone	CEO	2019-11-21
0001746059-19-000082	1	Paula Corbett	Owner and Founder	2019-11-21
0001746059-19-000081	1	Elisabeth LeBlanc	Co-founder	2019-11-21
0001746059-19-000081	2	Shireen Flowers	Co-founder	2019-11-21
0001665160-19-001136	1	Matthew Kerle	CEO, Principal Executive Officer and Director	2019-11-21
0001665160-19-001136	2	Colby Schaeffer	Principal Financial Officer and Principal Accounting Officer	2019-11-21
0001496634-19-000005	3	Milton Rodriguez	Vice President, Finance and Administration	2019-11-20
0001496634-19-000005	2	Gregg S. Britt	President & Board Member	2019-11-20
0001496634-19-000005	1	Leslie D. Michelson	Principal Executive Officer & Board Member	2019-11-20
0001792508-19-000001	1	Vitaly Bahachuk	Director, President, Chief Executive Officer	2019-11-20
0001792508-19-000001	2	Aliaksandr Bazhanau	Director, Treasurer, Secretary, Chief Technology Officer	2019-11-20
0001786104-19-000002	1	Zak Laikin	Manager	2019-11-20
0001644600-19-000030	3	Hunter Stutsman	Chief Sales Officer	2019-11-20
0001644600-19-000030	2	Alexander Amedeo Comfortes	Owner, Director, Chief Operating Officer	2019-11-20
0001644600-19-000030	1	Michael Derrick Wong	Owner, Director, Chief Executive Officer	2019-11-20
0001665160-19-001135	3	George LeBeau	Director	2019-11-20
0001665160-19-001135	4	Ray Gedert	Director	2019-11-20
0001665160-19-001135	1	Mike Azzarello	CEO, Principal Executive Officer and Director, Principal Financial Officer and Principal Accounting Officer	2019-11-20
0001665160-19-001135	2	Bruce Sawhill, PhD	CTO and Director	2019-11-20
0001670254-19-000666	1	Kevin Volpe	co-owner	2019-11-18
0001670254-19-000666	2	Shanti Volpe	Founder, Owner, and CEO (Queen Bee)	2019-11-18
0001730695-19-000005	1	Daniel Gouldman	CEO and Director	2019-11-19
0001730695-19-000005	2	Ian Kane	COO and Director	2019-11-19
0001780439-19-000005	2	Alexander Amedeo Comfortes	Owner, Director, Chief Operating Officer	2019-11-19
0001780439-19-000005	1	Michael Derrick Wong	Owner, Director, Chief Executive Officer	2019-11-19
0001780439-19-000005	3	Hunter Stutsman	Chief Sales Officer	2019-11-19
0001746059-19-000080	1	Nassy Mornaghi	Owner and Founder	2019-11-19
0001793868-19-000001	1	Nicholas Weiss	Owner	2019-11-19
0001746059-19-000079	1	Elizabeth Castellana	Owner and Founder	2019-11-19
0001644600-19-000029	1	Dennis Phillip Maliani	Director, CEO	2019-11-19
0001644600-19-000029	4	Luis Carlos Lopez	Director, COO	2019-11-19
0001644600-19-000029	3	Victor Joseph Pisacane	Director, CTO	2019-11-19
0001644600-19-000029	2	Daniel Alex Edelstein	Director, CSO	2019-11-19
0001644600-19-000027	6	David Charles Braun	Director, General Counsel	2019-11-19
0001644600-19-000027	2	Munir Ramzam Valiani	Director, CFO VP of Origination	2019-11-19
0001644600-19-000027	8	Kristin Marie Scheurer	Director, CMO	2019-11-19
0001644600-19-000027	9	Suzanne Marie Bearry	Director, EVP Channel Partnership	2019-11-19
0001644600-19-000027	10	Curtis Robert Wood	Director, CEO	2019-11-19
0001644600-19-000027	1	Matthew James Offers	Director, CFO VP of Products	2019-11-19
0001644600-19-000027	7	David Andrew Skyers	Director, Director of Agent Partnerships	2019-11-19
0001644600-19-000027	3	Holly Kathleen Davis	Director, CTO	2019-11-19
0001644600-19-000027	4	Carlton Lamar Robinson	Director	2019-11-19
0001644600-19-000027	5	Cynthia Maylon Wood	Director, COO	2019-11-19
0001780439-19-000002	2	Nathan Michael Rizzi	Director, Managing Partner	2019-11-19
0001780439-19-000002	1	Donald Michael Rizzi	Director, Manging Partner	2019-11-19
0001780439-19-000002	3	Phillip Andrew Stark	Director, Managing Director	2019-11-19
0001669191-19-000412	2	John Clark	Principal Financial Officer	2019-11-19
0001669191-19-000412	3	John Clark	Principal Accounting Officer	2019-11-19
0001669191-19-000412	4	John Clark	Board Member	2019-11-19
0001669191-19-000412	1	John Clark	Principal Executive Officer	2019-11-19
0001669191-19-000410	1	Benjamin White	Principal Executive Officer	2019-11-19
0001669191-19-000410	2	Benjamin White	Principal Financial Officer	2019-11-19
0001669191-19-000410	3	Benjamin White	Principal Accounting Officer	2019-11-19
0001669191-19-000410	4	Benjamin White	Board Member	2019-11-19
0001665160-19-001134	1	Darius Grandberry	CEO, Principal Executive Officer and Manager, Principal Financial Officer and Principal Accounting Officer	2019-11-18
0001665160-19-001133	1	David Schick	CEO, Principal Executive Officer and Director, Principal Financial Officer and Principal Accounting Officer	2019-11-18
0001665160-19-001132	1	Ryan Raya	CEO, Principal Executive Officer and Director, Principal Financial Officer and Principal Accounting Officer	2019-11-18
0001665160-19-001132	2	Tamir Nitzan	Director	2019-11-18
0001746059-19-000077	1	Layla-Joy Williams	Owner and CEO	2019-11-18
0001793655-19-000002	1	Jessica Strong	Owner	2019-11-18
0001644600-19-000025	1	Dennis Phillip Maliani	Director, CEO	2019-11-18
0001644600-19-000025	2	Daniel Alex Edelstein	Director, CSO	2019-11-18
0001644600-19-000025	3	Victor Joseph Pisacane	Director, CTO	2019-11-18
0001644600-19-000025	4	Luis Carlos Lopez	Director, COO	2019-11-18
0001787976-19-000007	1	Christopher West	CEO	2019-11-18
0001644600-19-000023	5	Cynthia Maylon Wood	Director, COO	2019-11-18
0001644600-19-000023	4	Carlton Lamar Robinson	Director	2019-11-18
0001644600-19-000023	3	Holly Kathleen Davis	Ditector CTO,	2019-11-18
0001644600-19-000023	2	Munir Ramzan Valiani	Director, CFO VP of Origination	2019-11-18
0001644600-19-000023	1	Matthew James Offers	Director,VP of Products	2019-11-18
0001644600-19-000023	10	Curtis Richard Wood	Director, CEO	2019-11-18
0001644600-19-000023	6	David Charles Braun	Director, General Counsel	2019-11-18
0001644600-19-000023	7	Dwight Andrew Skyers	Director, Director of Agent Partnerships	2019-11-18
0001644600-19-000023	8	Kristin Marie Scheurer	Director, CMO	2019-11-18
0001644600-19-000023	9	Suzanne Marie Bearry	Director, EVP Channel Partnerships	2019-11-18
0001787976-19-000006	1	Christopher West	CEO	2019-11-15
0001670254-19-000660	3	Eric J. Lerner	President and Chief Scientist	2019-11-13
0001670254-19-000660	2	Ivana Karamitsos	CIO, DOC	2019-11-13
0001670254-19-000660	1	Rudoplh J. Fritsch	Secretary	2019-11-14
0001670254-19-000657	1	Lauren Stokes	CEO	2019-11-15
0001670254-19-000661	1	Dewey Moss	Lead Producer	2019-11-13
0001670254-19-000655	2	Aron Wehr	Co-Founder, Head Mead Maker	2019-11-14
0001670254-19-000655	1	Jessica Wehr	President	2019-11-14
0001746059-19-000075	1	Ahfeeyah Thomas	Founder & CEO	2019-11-15
0001670254-19-000652	1	Chris Corriveau	CTO	2019-11-13
0001670254-19-000652	3	Dan Morton	CEO & Co-Founder	2019-11-13
0001670254-19-000652	2	Danielle Morton	Treasurer & Co-Founder	2019-11-13
0001670254-19-000649	1	Gregory Okshteyn	FOUNDER	2019-11-14
0001669191-19-000408	4	MICHAEL GABRIEL	Board Member	2019-11-15
0001669191-19-000408	3	MICHAEL GABRIEL	Principal Accounting Officer	2019-11-15
0001669191-19-000408	2	MICHAEL GABRIEL	Principal Financial Officer	2019-11-15
0001669191-19-000408	1	MICHAEL GABRIEL	Principal Executive Officer	2019-11-15
0001669191-19-000406	7	Thomas Humphries	Board Member	2019-11-15
0001669191-19-000406	8	George Perry	Board Member	2019-11-15
0001669191-19-000406	6	Bob Oliver	Board Member	2019-11-15
0001669191-19-000406	5	James Harris	Board Member	2019-11-15
0001669191-19-000406	4	Nikolaos Tezapsidis	Board Member	2019-11-15
0001669191-19-000406	3	James Harris	Principal Accounting Officer	2019-11-15
0001669191-19-000406	1	Nikolaos Tezapsidis	Principal Executive Officer	2019-11-15
0001669191-19-000406	2	James Harris	Principal Financial Officer	2019-11-15
0001776793-19-000005	1	/s/Matthew Kaplan	Manager, CEO, and CFO	2019-11-15
0001746059-19-000074	1	Todd Snopkowski	Owner	2019-11-15
0001775091-19-000007	1	Willard L. Jackson Jr., by Sean Fuellhart POA	CEO	2019-11-15
0001778774-19-000007	2	Payton Jonson	Co-Founder / Advisor	2019-11-15
0001778774-19-000007	1	Caleb Gilbert	CEO	2019-11-15
0001668287-19-000065	1	Lamia Pardo	Cofounder and CEO	2019-11-15
0001665160-19-001130	1	Ron Wilson	CEO, Principal Executive Officer and Director, Principal Financial Officer and Principal Accounting Officer	2019-11-14
0001654300-19-000002	2	Ronald Buckner	EVP COO/CFO	2019-11-14
0001654300-19-000002	1	Neville Golvala	CEO	2019-11-14
0001687516-19-000003	1	Jonathan Ofrir	Director	2019-11-14
0001687516-19-000003	2	Yatir Sadot	Director	2019-11-14
0001789922-19-000004	2	Justin Silver	CFO, Director	2019-11-14
0001789922-19-000004	1	Rooshy Roychoudhury	CEO	2019-11-14
0001746059-19-000072	1	Charmesha Cousins	Owner and CoFounder	2019-11-13
0001746059-19-000072	2	Shavondi Cousins	Owner and CoFounder	2019-11-13
0001790657-19-000001	2	Kenneth Owen	Manager	2019-11-13
0001790657-19-000001	1	Jeremy Sanders	Manager	2019-11-13
0001790658-19-000001	1	Jeremy Sanders	Manager	2019-11-13
0001790658-19-000001	2	Kenneth Owen	Manager	2019-11-13
0001782188-19-000006	2	Ashley McKenney	Manager	2019-11-13
0001782188-19-000006	1	Edward John Shaeffer	Manager	2019-11-13
0001782188-19-000006	3	William Bell	Manager	2019-11-13
0001729668-19-000002	2	Scott DeGraeve	COO, issuer, principal executive officer, principal financial officer, controller, and principal accounting officer	2019-11-13
0001729668-19-000002	1	Michael Demko	CEO, issuer, principal executive officer, principal financial officer, controller, and principal accounting officer	2019-11-13
0001729668-19-000002	3	Kristin Demko	Director, issuer, principal executive officer, principal financial officer, controller, and principal accounting officer	2019-11-13
0001670254-19-000647	1	Ivana Karamitsos	CIO	2019-01-28
0001670254-19-000647	2	Eric J. Lerner	President and Chief Scientist	2019-01-28
0001788935-19-000004	1	David Schacter	CEO / Founder	2019-11-12
0001746059-19-000071	2	Gina Firicano	Owner and CoFounder	2019-11-12
0001746059-19-000071	1	Wagner Garcia	Owner and CoFounder	2019-11-12
0001746059-19-000069	1	Albert Harlow	President & CEO	2019-11-12
0001665160-19-001126	1	Bill Besselman	CEO, Principal Executive Officer and Director, Principal Financial Officer and Principal Accounting Officer	2019-11-12
0001665160-19-001125	1	Robert Peck	CEO, Principal Executive Officer and Director, Principal Financial Officer and Principal Accounting Officer	2019-11-12
0001665160-19-001125	2	Avin Samtani	Director, COO and Founder	2019-11-12
0001665160-19-001124	1	Diana Sabacinski	CEO, Principal Executive Officer and Director, Principal Financial Officer and Principal Accounting Officer	2019-11-12
0001750513-19-000009	1	/s/ Sean Kanter	Chief Executive Member / Owner Operator	2019-11-12
0001759526-19-000002	1	Scott Carpenter	Chief of Staff	2019-11-12
0001669191-19-000402	1	Ray C.  Carter, Jr.	Principal Executive Officer	2019-11-08
0001669191-19-000396	3	Xianming Zhu	Principal Accounting Officer	2019-11-08
0001669191-19-000396	1	Xianming Zhu	Principal Executive Officer	2019-11-08
0001793349-19-000001	1	RASHAAN EVERETT	MANAGER	2019-11-08
0001793349-19-000003	1	Rashaan Everett	Manager	2019-11-08
0001669191-19-000396	2	Xianming Zhu	Principal Financial Officer	2019-11-08
0001792930-19-000001	1	Blake Van Leer	CEO, issuer, principal executive officer, principal financial officer, controller, and principal accounting officer	2019-11-08
0001792930-19-000001	2	Lindsay Van Leer	COO, issuer, principal executive officer, principal financial officer, controller, and principal accounting officer	2019-11-08
0001791747-19-000001	1	Obi Onyejekwe	CEO	2019-11-08
0001792116-19-000001	3	David Eifrid	Co-Manager	2019-11-08
0001792116-19-000001	2	Matthew Grocoff	Co-Manager	2019-11-08
0001792116-19-000001	1	Joseph Jonna	Co-Manager	2019-11-08
0001746059-19-000068	2	Mary Sacks	COO, Manager, and Co-Founder	2019-11-08
0001746059-19-000068	1	Gordon Sacks	CEO, Manager, and Co-Founder	2019-11-08
0001793655-19-000001	1	Jessica Strong	Owner	2019-11-08
0001730695-19-000004	1	Desi Saran	CEO, Manager	2019-11-08
0001730695-19-000004	2	Ryan Quiros	CFO	2019-11-08
0001669191-19-000392	4	Melvin Du	Board Member	2019-11-08
0001669191-19-000392	5	Amro Eltayeb	Board Member	2019-11-08
0001669191-19-000392	2	Melvin Du	Principal Financial Officer	2019-11-08
0001669191-19-000392	1	Melvin Du	Principal Executive Officer	2019-11-08
0001669191-19-000392	3	Melvin Du	Principal Accounting Officer	2019-11-08
0001730695-19-000003	1	Daniel Gouldman	CEO and Director	2019-11-08
0001730695-19-000003	2	Ian Kane	COO and Director	2019-11-08
0001670254-19-000643	1	Luis Lopez	COO	2019-11-06
0001730695-19-000002	2	Ian Kane	CCO, Director	2019-11-07
0001670254-19-000643	3	Dennis Maliani	CEO	2019-11-06
0001730695-19-000002	1	Daniel Gouldman	CEO, Director	2019-11-07
0001670254-19-000643	2	Victor Pisacane	CTO	2019-11-06
0001665160-19-001123	1	David Chasasen	CEO, Principal Executive Officer and Director, Principal Financial Officer and Principal Accounting Officer	2019-11-07
0001665160-19-001122	1	Don Bielak	CEO, Principal Executive Officer and Manager,Principal Financial Officer and Principal Accounting Officer	2019-11-07
0001665160-19-001121	1	Randall Jones	CEO, Principal Executive Officer and Director, Principal Financial Officer and Principal Accounting Officer	2019-11-07
0001665160-19-001120	1	Mohammed Diallo	CEO, Principal Executive Officer, and Director	2019-11-07
0001665160-19-001120	2	Ibrahima Diallo	COO, Principal Financial Officer, and Principal Accounting Officer	2019-11-07
0001746059-19-000067	1	Athena Peters	Owner and Founder	2019-11-07
0001746059-19-000066	1	Adam Pearson	Founder	2019-11-07
0001104659-19-061019	2	/s/ Jeff Annison	Director	2019-11-07
0001104659-19-061019	1	/s/ Paul Scanlan	Co-Founder, Chief Executive Officer, Chief Financial Officer, Treasurer, and Director	2019-11-07
0001698993-19-000001	2	Matt Karazin	Co-Founder & CTO	2019-11-07
0001698993-19-000001	1	Erik Skjodt	Co-Founder & CEO	2019-11-07
0001104659-19-060707	1	/s/ Paul Scanlan	Co-Founder, Chief Executive Officer, Chief Financial Officer, Treasurer, and Director	2019-11-06
0001783556-19-000007	1	Terry Jones	Chief Executive Officer	2019-11-06
0001670254-19-000640	1	Matt Lindner	CEO	2019-11-05
0001104659-19-060707	2	/s/ Jeff Annison	Director	2019-11-06
0001783556-19-000006	1	Terry Jones	Chief Executive Officer	2019-11-06
0001784144-19-000003	2	Desi McAdam	CTO/COO/Co-Founder	2019-11-06
0001784144-19-000003	1	Elisabeth Oertle	CEO/Co-Founder	2019-11-06
0001665160-19-001119	2	Robert S Marks	Director and Secretary	2019-11-06
0001665160-19-001119	1	Luka Fajs	CEO, Principal Executive Officer and Director, Principal Financial Officer and Principal Accounting Officer	2019-11-06
0001746059-19-000064	1	Andrew Jerry	Owner and Founder	2019-11-06
0001784191-19-000003	1	Justin Potts	Director	2019-11-06
0001784191-19-000003	2	Timothy Sheridan	Director	2019-11-06
0001669191-19-000388	1	Kimberly Nguyen	Principal Executive Officer	2019-11-06
0001669191-19-000388	6	Kimberly Nguyen	Board Member	2019-11-06
0001669191-19-000388	4	Steve Nguyen	Board Member	2019-11-06
0001669191-19-000388	3	Kimberly Nguyen	Principal Accounting Officer	2019-11-06
0001669191-19-000388	2	Kimberly Nguyen	Principal Financial Officer	2019-11-06
0001669191-19-000388	5	Tiffany Nguyen	Board Member	2019-11-06
0001717111-19-000005	3	Yusuf George	Director	2019-11-04
0001717111-19-000005	1	Stephen Rye Switzer	Director	2019-11-04
0001665160-19-001118	1	J. Thomas Graham	CEO, Principal Executive Officer and Director, Principal Financial Officer and Principal Accounting Officer	2019-11-05
0001672614-19-000005	1	Omid Shokraee	Appointed Attorney-In-Fact	2019-11-05
0001717111-19-000005	2	Molly Madden	Director and CFO	2019-11-04
0001783556-19-000005	1	Terry Jones	Chief Executive Officer	2019-11-05
0001774041-19-000005	1	Katherine Stillwell	CEO and sole Director	2019-11-05
0001746059-19-000062	2	Caitlin Hurd	Owner and CoFounder	2019-11-05
0001746059-19-000062	3	Aaron Perry	Owner and CoFounder	2019-11-05
0001746059-19-000062	1	Kendall Peabody	Owner and CoFounder	2019-11-05
0001672614-19-000003	1	Omid Shokraee	Appointed Attorney-in-fact	2019-11-05
0001706429-19-000004	1	Roxane Mollicchi	CEO, Sole Member	2019-11-04
0001665160-19-001116	1	Michael Burtov	CEO, Principal Executive Officer and Director, Principal Financial Officer and Principal Accounting Officer	2019-11-04
0001791343-19-000003	1	Michael Killik	Owner	2019-11-04
0001789369-19-000001	1	Caroll Lee	Manager	2019-11-04
0001665160-19-001115	1	Emmanuel Umoh	CEO, Principal Executive Officer and Director,Principal Financial Officer and Principal Accounting Officer	2019-11-04
0001665160-19-001113	2	Laura L. Tezza	Director of Operations, Principle Financial Officer and Director and Principal Accounting Officer	2019-11-04
0001665160-19-001113	1	Peter J. Tezza II	CEO, Principal Executive Officer and Director	2019-11-04
0001791711-19-000002	1	Karl Horn	Owner	2019-11-04
0001665160-19-001110	2	Laura L. Tezza	Director of Operations, Principle Financial Officer and Director and Principal Accounting Officer	2019-11-04
0001665160-19-001110	1	Peter J. Tezza II	CEO, Principal Executive Officer and Director	2019-11-04
0001665160-19-001109	1	Peter J. Tezza II	CEO, Principal Executive Officer and Director	2019-11-04
0001665160-19-001109	2	Laura L. Tezza	Director of Operations, Principle Financial Officer and Director and Principal Accounting Officer	2019-11-04
0001665160-19-001107	1	Dan Abbate	CEO, Principal Executive Officer and Director, Principal Financial Officer and Principal Accounting Officer	2019-11-04
0001665160-19-001106	1	JD Claridge	CEO, Principal Executive Officer and Director, Principal Financial Officer and Principal Accounting Officer	2019-11-04
0001665160-19-001105	1	Yogesh Sharma	CEO, Principal Executive Officer, Director, Principal Financial Officer and Principal Accounting Officer	2019-11-04
0001666102-19-000024	1	Devon Parks	CEO	2019-11-04
0001665160-19-001104	1	Friso Schmid	CFO, Principal Financial Officer and Principal Accounting Officer	2019-11-04
0001665160-19-001104	2	Aike Muller	CEO, Principal Executive Officer, President and Director	2019-11-04
0001477932-19-006117	1	/s/ Marlon Schulman	Principal Executive Officer, Principal Financial Officer and Principal Accounting Officer, Director	2019-11-01
0001665160-19-001103	1	Richard Marino	CEO, Principal Executive Officer and Director, Principal Financial Officer and Principal Accounting Officer	2019-11-01
0001792754-19-000001	1	Ethan Winner	Chief Executive Officer	2019-11-01
0001778262-19-000006	1	Michael Jansen	Director	2019-11-01
0001778262-19-000006	2	Yousef Siddiqui	Director	2019-11-01
0001778262-19-000006	3	Joe Dignan	Director	2019-11-01
0001665160-19-001102	1	J. Garrett Green	CEO, Principal Executive Officer and Manager, Principal Financial Officer and Principal Accounting Officer	2019-11-01
0001665160-19-001100	2	Zeenat William	Principal Financial Officer and Principal Accounting Officer	2019-11-01
0001665160-19-001100	1	Maya Parbhoe	CEO, Principal Executive Officer and Director	2019-11-01
0001665160-19-001099	1	Steven R Sedlmayr	CEO, Principal Executive Officer and Director and Principal Financial Officer	2019-11-01
0001665160-19-001099	2	Remy J Sedlmayr	Principal Accounting Officer	2019-11-01
0001665160-19-001098	1	Lynn Rolle	CEO, Principal Executive Officer and Director, Principal Financial Officer and Principal Accounting Officer	2019-11-01
0001777204-19-000008	1	Siqi Mou	Chief Executive Officer and sole Director	2019-11-01
0001777204-19-000007	1	Siqi Mou	Chief Executive Officer and sole Director	2019-11-01
0001707193-19-000004	3	Wes Selke	Board Member	2019-11-01
0001707193-19-000004	1	Eric Quick	President, CEO and Accounting Officer	2019-11-01
0001707193-19-000004	2	Julie Lein	Board Member	2019-11-01
0001783580-19-000001	3	Mario Lazaro	Director	2019-10-31
0001783580-19-000001	2	Guillaume Torche	Director	2019-10-31
0001783580-19-000001	1	Alex Wang	Chief Executive Officer, Director	2019-10-31
0001790042-19-000003	1	Rebecca Lima	Chief Executive Officer, Director	2019-10-31
0001790042-19-000003	2	Domonique Sims	Chief Operating Officer, Director	2019-10-31
0001670254-19-000638	3	Rick Bentley	Founder & CEO	2019-10-30
0001670254-19-000638	2	Elizabeth A Fetter	Founder & CEO, Abundance Hill Enterprises LLC	2019-10-30
0001670254-19-000638	1	Ralph Eschenbach	Board Member	2019-10-31
0001778950-19-000005	1	Michelle Thimesch	Attorney	2019-10-31
0001665160-19-001096	1	Lior Shafir	CEO, Principal Executive Officer and Director, Principal Financial Officer and Principal Accounting Officer	2019-10-31
0001670254-19-000635	1	Nicolas Bartoli	Co-Founder	2019-10-29
0001670254-19-000635	2	Ron Radu	Co-Founder	2019-10-29
0001791711-19-000001	1	Karl Horn	Owner	2019-10-31
0001746059-19-000061	1	Ivy Lawson	Founder	2019-10-31
0001746059-19-000060	1	Landen Stacy	Owner and Founder	2019-10-31
0001746059-19-000059	1	Kelly A. Lendall	Owner and CoFounder	2019-10-31
0001665160-19-001094	1	Joseph Daniluk	CEO, Principal Executive Officer and Director, Principal Financial Officer, Secretary, and Principal Accounting Officer	2019-10-31
0001670254-19-000633	1	Nicholas Ludwig	COO/CoFounder	2019-10-29
0001670254-19-000633	2	Todd Folk	CEO/CoFounder	2019-10-29
0001670254-19-000632	1	Nicholas Ludwig	COO/CoFounder	2019-10-29
0001670254-19-000632	2	Todd Folk	CEO/CoFounder	2019-10-29
0001785943-19-000002	1	Gerald Banks	Director	2019-10-31
0001785943-19-000002	2	Majd Maksad	Director	2019-10-31
0001785943-19-000002	3	Roman Tokarev	Director	2019-10-31
0001787645-19-000003	1	Sagar Babber	CEO	2019-10-31
0001665160-19-001092	1	Matt Westover	CEO, Principal Executive Officer and Director, Principal Financial Officer and Principal Accounting Officer	2019-10-30
0001665160-19-001089	2	Jill Salomone	Co-Founder, CEO, Principal Executive Officer and Director	2019-10-30
0001665160-19-001089	1	Paul Salomone	COO, Co-Founder, Director, Principal Financial Officer and Principal Accounting Officer	2019-10-30
0001785164-19-000003	1	Neil Parsan by Sean Fuellhart POA	CEO	2019-10-30
0001665160-19-001087	1	Linda Farquhar	CEO, Principal Executive Officer and Manager, Principal Financial Officer and Principal Accounting Officer	2019-10-30
0001706939-19-000005	1	Peter Gantner	CEO	2019-10-30
0001665160-19-001085	1	Keith F. Duffy	CEO, Principal Executive Officer and Manager, Principal Financial Officer and Principal Accounting Officer	2019-10-30
0001665160-19-001083	1	Jason Giddings	CEO,  Principal Executive Officer and Director,  Principal Financial Officer and  Principal Accounting Officer	2019-10-30
0001665160-19-001080	1	Jason Giddings	CEO,  Principal Executive Officer and Director,  Principal Financial Officer and  Principal Accounting Officer	2019-10-30
0001669191-19-000386	1	Kimberly Nguyen	Principal Executive Officer	2019-10-30
0001669191-19-000386	2	Kimberly Nguyen	Principal Financial Officer	2019-10-30
0001669191-19-000386	3	Kimberly Nguyen	Principal Accounting Officer	2019-10-30
0001669191-19-000386	5	Tiffany Nguyen	Board Member	2019-10-30
0001669191-19-000386	6	Kimberly Nguyen	Board Member	2019-10-30
0001669191-19-000386	4	Steve Nguyen	Board Member	2019-10-30
0001669191-19-000384	4	Benjamin White	Board Member	2019-10-30
0001669191-19-000384	3	Benjamin White	Principal Accounting Officer	2019-10-30
0001669191-19-000384	1	Benjamin White	Principal Executive Officer	2019-10-30
0001669191-19-000384	2	Benjamin White	Principal Financial Officer	2019-10-30
0001669191-19-000382	4	Christopher Lustrino	Board Member	2019-10-30
0001669191-19-000382	2	Christopher Lustrino	Principal Financial Officer	2019-10-30
0001669191-19-000382	1	Christopher Lustrino	Principal Executive Officer	2019-10-30
0001669191-19-000382	3	Christopher Lustrino	Principal Accounting Officer	2019-10-30
0001787023-19-000004	1	Stephanie Bryan	Owner	2019-10-30
0001670254-19-000629	1	Rachel Anna Jones	Owner	2019-10-28
0001665160-19-001078	1	Jason Brown	CEO, Principal Executive Officer and Director, Principal Financial Officer and Principal Accounting Officer	2019-10-29
0001779569-19-000004	1	SRINI KATTA	CEO	2019-10-29
0001717111-19-000004	3	Molly Madden	Director, CFO	2019-10-22
0001717111-19-000004	2	Stephen Rye Switzer	Director	2019-10-22
0001717111-19-000004	1	Stephanie Sprinkle	Director	2019-10-27
0001788590-19-000002	2	Mark Zheng	Chief Growth Officer	2019-10-29
0001788590-19-000002	1	Raymond Li	principal executive officer, principal financial officer, controller, board of directors	2019-10-29
0001670254-19-000627	2	Amber Lee Venti	CEO	2019-10-28
0001670254-19-000627	1	Joseph Alan Venti	COO	2019-10-28
0001670254-19-000623	1	Steven Wiggins	Founder & Stay Cool Ambassador	2019-10-26
0001670254-19-000623	2	Tyler Adkins	Founder & True Self Ambassador	2019-10-25
0001665160-19-001076	1	Mark Lyle	CEO, Principal Executive Officer and Director, Principal Financial Officer and Principal Accounting Officer	2019-10-29
0001746059-19-000057	2	Marcie Taylor	Owner and CoFounder	2019-10-29
0001746059-19-000057	1	Alexander Pichardo	Owner and CoFounder	2019-10-29
0001790868-19-000003	1	Haith Johnson	Owner	2019-10-29
0001792353-19-000001	1	Carmen Swasey	Owner	2019-10-29
0001783004-19-000001	1	Rama Poola	Director	2019-10-28
0001783004-19-000001	2	Vivek Poola	Director	2019-10-28
0001665160-19-001073	1	Vincent Meyer	CEO, Principal Executive Officer and Director, Principal Financial Officer and Principal Accounting Officer	2019-10-28
0001665160-19-001072	1	Zane Lamprey	CEO, Principal Executive Officer and Director, Principal Financial Officer and Principal Accounting Officer	2019-10-28
0001746059-19-000055	1	Nassy Mornaghi	Owner and Founder	2019-10-28
0001792013-19-000001	2	Aubrey Annoh-Yeboah	CMO	2019-10-28
0001792013-19-000001	1	Desmond Wiggan	CEO	2019-10-28
0001665160-19-001070	2	David Mamiye	Principal Financial Officer and Director	2019-10-28
0001665160-19-001070	1	Wade Menendez	CEO, Principal Executive Officer and Director	2019-10-28
0001665160-19-001070	3	Kyle Frazier	Principal Accounting Officer and Director	2019-10-28
0001670254-19-000620	2	Kelly Giard	Founder/CEO	2019-10-25
0001665160-19-001065	1	Dele Atanda	CEO, Principal Executive Officer and Director, Principal Financial Officer and Principal Accounting Officer	2019-10-25
0001778950-19-000004	1	Michelle Thimesch	Attorney	2019-10-25
0001670254-19-000620	1	Chrisane Giard	Director of Marketing	2019-10-25
0001665160-19-001067	1	J. Thomas Graham,	CEO, Principal Executive Officer and Director, Principal Financial Officer and Principal Accounting Officer	2019-10-25
0001670254-19-000617	1	Katie Cunningham	Founder & CEO	2019-10-25
0001786494-19-000004	1	Keyla Cook	Owner	2019-10-25
0001784089-19-000001	2	Shivaprakash Bidlur	principal financial officer, board member	2019-10-25
0001784089-19-000001	1	Harish Prasanna	principal executive officer, controller, board member	2019-10-25
0001670254-19-000612	1	Haik Kocharian	Writer Director Producer	2019-10-22
0001792115-19-000001	1	Joshua Carr	President	2019-10-25
0001787023-19-000003	1	Stephanie Bryan	Owner	2019-10-25
0001670254-19-000610	2	Elizabeth Ashley Hughes	Chief Brand Officer	2019-10-24
0001670254-19-000610	3	Alex Andreae	Founder & CEO	2019-10-24
0001670254-19-000610	1	Miguel Dotres	Director	2019-10-24
0001670254-19-000608	1	Robert May	Owner	2019-10-24
0001789467-19-000002	1	Joshua Griggs	Managing member	2019-10-25
0001791279-19-000002	1	Jacqueline Schoedel	Owner	2019-10-25
0001765252-19-000006	1	Neil Biafore	CEO	2019-10-25
0001746059-19-000053	1	Adam Davis	Owner and Founder	2019-10-25
0001665160-19-001062	1	Mark Lyle	CEO, Principal Executive Officer and Director, Principal Financial Officer and Principal Accounting Officer	2019-10-24
0001791574-19-000001	1	Aaron Doades	CEO	2019-10-24
0001746059-19-000052	1	Matthew Kaplan	Owner and Founder	2019-10-24
0001791878-19-000001	1	Ken Shields	Owner	2019-10-24
0001665160-19-001060	1	Mark Lyle	CEO, CTO, Principal Executive Officer and Director, Principal Financial Officer and Principal Accounting Officer	2019-10-24
0001665160-19-001060	2	Chris Ladwig	Chief Design Officer and Director	2019-10-24
0001786077-19-000001	1	Lauren Back	Owner	2019-10-24
0001477932-19-006009	1	/s/ Timmu Toke	President/CEO	2019-10-23
0001665160-19-001059	2	Aike Muller	CEO, Principal Executive Officer, President and Director	2019-10-23
0001665160-19-001059	1	Friso Schmid	CFO, Principal Financial Officer and Principal Accounting Officer	2019-10-23
0001665160-19-001056	1	Dele Atanda	CEO, Principal Executive Officer and Director, Principal Financial Officer and Principal Accounting Officer	2019-10-23
0001790895-19-000001	1	Shubhankar Basu	CTO, issuer, principal executive officer, principal financial officer, controller, and principal accounting officer	2019-10-23
0001790895-19-000001	2	Samuel Mansen	CEO, issuer, principal executive officer, principal financial officer, controller, and principal accounting officer	2019-10-23
0001665160-19-001053	2	Joe Storment	Principle Financial Officer and Principal Accounting Officer	2019-10-23
0001665160-19-001053	1	Michael Schoening	President, Principal Executive Officer and Director	2019-10-23
0001746059-19-000050	1	John Cox	Founder & CEO	2019-10-23
0001786226-19-000001	2	Kevin Hiser	CTO	2019-10-22
0001786226-19-000001	1	Orville C Lynch Jr	CEO	2019-10-22
0001778262-19-000005	2	Yousef Siddiqui	Director	2019-10-22
0001778262-19-000005	3	Joe Dignan	Director	2019-10-22
0001778262-19-000005	1	Michael Jansen	Director	2019-10-22
0001758617-19-000003	1	Max Weissberg	CEO, Principal Executive Officer and Manager, Principal Financial Officer and Principal Accounting Officer	2019-10-22
0001669191-19-000380	1	Sam Malone	Principal Executive Officer	2019-10-22
0001669191-19-000380	2	Sam Malone	Principal Financial Officer	2019-10-22
0001669191-19-000380	4	Sam Malone	Board Member	2019-10-22
0001669191-19-000380	3	Sam Malone	Principal Accounting Officer	2019-10-22
0001669191-19-000377	4	John Clark	Board Member	2019-10-22
0001669191-19-000377	3	John Clark	Principal Accounting Officer	2019-10-22
0001669191-19-000377	1	John Clark	Principal Executive Officer	2019-10-22
0001669191-19-000377	2	John Clark	Principal Financial Officer	2019-10-22
0001669191-19-000374	1	Stephon McCoy	Principal Executive Officer	2019-10-22
0001666102-19-000022	1	September Dohrmann	CEO	2019-10-21
0001670254-19-000607	2	Matthew Hunter	Co-Founder, COO	2019-10-04
0001670254-19-000607	1	Aram Cretan	Co-founder, Head Brewer	2019-10-07
0001666102-19-000021	1	Shad Morris	Chief Executive Officer	2019-10-21
0001670254-19-000607	3	Larry Cretan	Co-founder and CFO	2019-10-04
0001665160-19-001051	1	Eric Ralls	CEO, Principal Executive Officer and Director, Principal Financial Officer and Principal Accounting Officer	2019-10-21
0001784785-19-000004	1	Randall C. Huntsinger	Chief Executive Officer	2019-10-21
0001665160-19-001049	1	Eric Ralls	CEO	2019-10-21
0001746059-19-000049	1	Jose Barriga	Owner and Founder	2019-10-21
0001779118-19-000004	2	/s/ Nikolas Schreiber	Co-Founder / CEO / Director	2019-10-21
0001779118-19-000004	1	/s/ Jordan Mayerson	Co-Founder / CEO / Director	2019-10-21
0001791558-19-000001	1	Eric Earnest	Owner	2019-10-21
0001670254-19-000606	1	Alon Hochberg	Founder & CEO	2019-10-16
0001670254-19-000602	2	Karl C Loepke	President	2019-10-16
0001670254-19-000602	1	Joseph iannarelli	Investor	2019-10-16
0001104659-19-055034	2	/s/ Jeff Annison	Director	2019-10-18
0001670254-19-000598	1	Joshua McCoy	CTO	2019-10-18
0001670254-19-000598	2	Doug Hoang	CEO	2019-10-18
0001104659-19-055034	1	/s/ Paul Scanlan	Co-Founder, Chief Executive Officer, Chief Financial Officer, Treasurer, and Director	2019-10-18
0001670254-19-000606	2	Alon Hochberg	Founder & CEO	2019-10-14
0001665160-19-001043	1	John Larson	CEO, Principal Executive Officer and Director, Principal Financial Officer and Principal Accounting Officer	2019-10-18
0001665160-19-001042	1	Allan Grosvenor	CEO, Principal Executive Officer, Director, Principal Financial Officer and Principal Accounting Officer	2019-10-18
0001665160-19-001042	2	Martin Conlon	Director	2019-10-18
0001791279-19-000001	1	Jacqueline Schoedel	Owner	2019-10-18
0001790509-19-000004	1	David Lidz	Manager and Sole Member	2019-10-18
0001783556-19-000004	1	Terry Jones	Chief Executive Officer	2019-10-18
0001665160-19-001041	1	Eric Ralls	CEO	2019-10-18
0001790509-19-000001	1	David Lidz	Manager and Sole Member	2019-10-18
0001665160-19-001040	1	Eric Ralls	CEO	2019-10-18
0001787138-19-000003	1	Jonathan Schultz	Founder & CEO	2019-10-18
0001665160-19-001034	1	Kris Hulbert	CEO, Principal Executive Officer and Director, Principal Financial Officer and Principal Accounting Officer	2019-10-17
0001785115-19-000005	1	/s/ Serafina Palandech	CEO	2019-10-17
0001791343-19-000002	1	Michael Killik	Owner	2019-10-17
0001785244-19-000004	4	Seong Lee	Manager	2019-10-11
0001785244-19-000004	3	Patrick Pham	Manager	2019-10-11
0001785244-19-000004	2	Clinton Short	Manager	2019-10-11
0001785244-19-000004	1	Andrew Lin	Manager	2019-10-11
0001635417-19-000004	1	Ravid Razak	CEO	2019-10-17
0001782749-19-000003	1	/s/Amit Kothari	Director, CEO, President, Secretary	2019-10-17
0001782749-19-000003	2	/s/Pravina Pindoria	Director, Chief Operating Officer	2019-10-17
0001791415-19-000003	1	Haith Johnson	Owner	2019-10-17
0001791415-19-000002	1	Benjamin Holbert III	Owner	2019-10-17
0001665160-19-001025	1	Keith Veltre	CEO, Principal Executive Officer and Director, Principal Financial Officer and Principal Accounting Officer	2019-10-17
0001781828-19-000002	1	Norraset Nareedokmai	Owner	2019-10-17
0001791343-19-000001	1	Michael Killik	Owner	2019-10-17
0001785236-19-000001	1	Jason Cho	Member	2019-10-16
0001785236-19-000001	3	Lawrence Wai	Member	2019-10-16
0001785236-19-000001	4	Clinton Oh	Member	2019-10-16
0001785236-19-000001	5	Michael Chen	Member	2019-10-16
0001670254-19-000594	2	Elissa Shevinsky	CEO	2019-10-12
0001670254-19-000594	1	Brett Thomas	CTO	2019-10-15
0001774858-19-000005	1	Anthony Livadas	COO	2019-10-16
0001785236-19-000001	2	Moul Kim	Member	2019-10-16
0001774075-19-000008	1	Fred McGill	Director	2019-10-16
0001774075-19-000008	2	Jeremy Gamble	Director	2019-10-16
0001774075-19-000008	3	Randall Lee McGill	Director	2019-10-16
0001496634-19-000004	2	Gregg S. Britt	President & Board Member	2019-10-16
0001496634-19-000004	3	Milton Rodriguez	Vice President, Finance and Administration	2019-10-16
0001496634-19-000004	1	Leslie D. Michelson	Principal Executive Officer & Board Member	2019-10-16
0001719522-19-000002	1	Sameer Patel	Manager of APRB, LLC, the manager of the Issuer	2019-10-16
0001665160-19-001022	1	Scott Graham	CEO, Principal Executive Officer and Manager, Principal Financial Officer and Principal Accounting Officer	2019-10-16
0001775091-19-000006	1	Willard Jackson	CEO	2019-10-15
0001790868-19-000001	1	Haith Johnson	Owner	2019-10-15
0001665160-19-001020	1	Patrick Sherwin	CEO, Principal Executive Officer and Director, Principal Financial Officer and Principal Accounting Officer	2019-10-15
0001670254-19-000591	2	Charles Potter	CEO	2019-10-11
0001670254-19-000591	1	Corinda Joanne Melton	CFO	2019-10-11
0001665160-19-001017	1	Matt Eau Claire	CEO, Principal Executive Officer and Director, Principal Financial Officer and Principal Accounting Officer	2019-10-15
0001670254-19-000589	1	Alon Hochberg	Founder & CEO	2019-10-14
0001665160-19-001015	1	Patrick Sherwin	CEO, Principal Executive Officer and Director, Principal Financial Officer and Principal Accounting Officer	2019-10-15
0001781797-19-000003	1	Xinguo Mike Wang	Manager	2019-10-15
0001665160-19-001012	1	Chris Bradley	CEO, Principal Executive Officer and Director, Principal Financial Officer and Principal Accounting Officer	2019-10-15
0001665160-19-001008	1	Andrew Ochoa	CEO, Principal Executive Officer and Director, Principal Financial Officer and Principal Accounting Officer	2019-10-15
0001668287-19-000063	1	Yannis Moati	CEO	2019-10-15
0001669191-19-000371	4	Lawrence Charles	Board Member	2019-10-15
0001669191-19-000371	3	Lawrence Charles	Principal Accounting Officer	2019-10-15
0001669191-19-000371	5	Scott Huthmacher	Board Member	2019-10-15
0001669191-19-000371	1	Lawrence Charles	Principal Executive Officer	2019-10-15
0001669191-19-000371	2	Lawrence Charles	Principal Financial Officer	2019-10-15
0001669191-19-000369	1	Kimberly Nguyen	Principal Executive Officer	2019-10-15
0001669191-19-000369	2	Kimberly Nguyen	Principal Financial Officer	2019-10-15
0001669191-19-000369	3	Kimberly Nguyen	Principal Accounting Officer	2019-10-15
0001669191-19-000369	5	Tiffany Nguyen	Board Member	2019-10-15
0001669191-19-000369	6	Kimberly Nguyen	Board Member	2019-10-15
0001669191-19-000369	4	Steve Nguyen	Board Member	2019-10-15
0001669191-19-000367	1	Kimberly Nguyen	Principal Executive Officer	2019-10-15
0001669191-19-000367	2	Kimberly Nguyen	Principal Financial Officer	2019-10-15
0001669191-19-000367	3	Kimberly Nguyen	Principal Accounting Officer	2019-10-15
0001669191-19-000367	4	Steve Nguyen	Board Member	2019-10-15
0001669191-19-000367	5	Tiffany Nguyen	Board Member	2019-10-15
0001669191-19-000367	6	Kimberly Nguyen	Board Member	2019-10-15
0001787127-19-000006	1	Devon Parks	CEO	2019-10-15
0001670254-19-000587	1	John Kaspar	Dreamer and Founder	2019-10-11
0001785021-19-000001	2	Stephen McKee	Managing Member	2019-10-11
0001785021-19-000001	1	Todd Bayer	Managing Member	2019-10-11
0001665160-19-001006	1	David Allred	CEO, Principal Executive Officer and Director, Principal Financial Officer and Principal Accounting Officer	2019-10-11
0001665160-19-001003	1	Aja Atwood	CEO, Principal Executive Officer and Manager, Principal Financial Officer and Principal Accounting Officer	2019-10-11
0001665160-19-001002	1	David Allred	CEO, Principal Executive Officer and Director, Principal Financial Officer and Principal Accounting Officer	2019-10-11
0001665160-19-001001	1	Kelly Roman	CEO, Principal Executive Officer and Director	2019-10-11
0001665160-19-001001	2	Charles Fisher	Principal Financial Officer, Principal Accounting Officer and Director	2019-10-11
0001788935-19-000003	1	David Schacter	CEO / Founder	2019-10-11
0001670254-19-000584	1	Chetankumar Jain	Founder	2019-10-08
0001706939-19-000004	1	Peter Gantner	CEO	2019-10-11
0001778774-19-000006	2	Payton Jonson	Co-Founder / Advisor	2019-10-11
0001778774-19-000006	1	Caleb Gilbert	CEO	2019-10-11
0001665160-19-000998	1	David Obasiolu	CEO, Principal Executive Officer and Director, Principal Financial Officer and Principal Accounting Officer	2019-10-11
0001665160-19-000996	1	Joshua Resnick	CEO, Principal Executive Officer and Director, Principal Financial Officer and Principal Accounting Officer	2019-10-11
0001778774-19-000005	3	Ananda Jami	CTO	2019-10-11
0001778774-19-000005	2	George VonAllmen	CMO	2019-10-11
0001778774-19-000005	1	Donald Farrell	CEO	2019-10-11
0001670254-19-000581	1	Vincent Vu	Founder	2019-10-09
0001665160-19-000994	1	Peter Budlong	CEO, Principal Executive Officer and Director, Principal Financial Officer and Principal Accounting Officer	2019-10-10
0001785164-19-000002	1	Neil Parsan as Sean Fuellhart POA	CEO	2019-10-10
0001670254-19-000577	2	Tyler Adkins	Founder & True Self Ambassador	2019-10-08
0001670254-19-000577	1	Steven Wiggins	Founder & Stay Cool Ambassador	2019-10-09
0001665160-19-000992	1	Victoria Pasche	CEO, Principal Executive Officer and Director, Principal Financial Officer and Principal Accounting Officer	2019-10-10
0001665160-19-000992	2	Charisse Pasche	President, Secretary and Director	2019-10-10
0001665160-19-000990	1	Joshua Resnick	CEO, Principal Executive Officer and Director, Principal Financial Officer and Principal Accounting Officer	2019-10-10
0001670254-19-000573	2	Ben Jorgensen	Partner/Owner	2019-10-08
0001670254-19-000573	1	Marc Zimmerman	Chef/Owner	2019-10-08
0001746059-19-000048	1	Jacqueline Field	Owner and Founder	2019-10-10
0001665160-19-000987	1	David Obasiolu	CEO, Principal Executive Officer and Director, Principal Financial Officer and Principal Accounting Officer	2019-10-10
0001746059-19-000046	1	Jacqueline Field	Owner and Founder	2019-10-10
0001790839-19-000001	1	Bryan Upton	President	2019-10-10
0001746059-19-000045	1	Christopher Hartley	Owner and Founder	2019-10-10
0001784785-19-000003	1	Randall C. Huntsinger	Chief Executive Officer	2019-10-10
0001721124-19-000003	1	Benjamin Harris	CFO & Treasurer	2019-10-09
0001787127-19-000005	1	Devon Parks	CEO	2019-10-10
0001665160-19-000985	1	Andrew Yakub	CEO, Principal Executive Officer and Director, Principal Financial Officer and Principal Accounting Officer	2019-10-09
0001665160-19-000983	2	Charisse Pasche	President, Secretary and Director	2019-10-09
0001665160-19-000983	1	Victoria Pasche	CEO, Principal Executive Officer and Director, Principal Financial Officer and Principal Accounting Officer	2019-10-09
0001773972-19-000003	1	Theresa Quintanilla	CEO	2019-10-09
0001750513-19-000008	1	Sean Kanter	Owner Operator	2019-10-09
0001786094-19-000002	1	/s/ Craig Calderone	CEO	2019-10-09
0001669191-19-000365	3	Stev Stephens	Principal Accounting Officer	2019-10-09
0001669191-19-000365	2	Stev Stephens	Principal Financial Officer	2019-10-09
0001669191-19-000365	1	Christopher Darnell	Principal Executive Officer	2019-10-09
0001669191-19-000365	7	Jozef Wallis	Board Member	2019-10-09
0001669191-19-000365	6	Christopher Darnell	Board Member	2019-10-09
0001669191-19-000365	5	Phillip Carrington	Board Member	2019-10-09
0001669191-19-000365	4	Stev Stephens	Board Member	2019-10-09
0001790182-19-000001	1	Danielle Smith	Owner	2019-10-09
0001786078-19-000002	2	Alex Lebedev	Co-Founder	2019-10-08
0001786078-19-000002	1	Matvey Lebedev	Co-Founder, principal executive officer, principal financial officer	2019-10-08
0001733855-19-000003	1	James Jordan	Director, issuer, principal executive officer, principal financial officer, controller, and principal accounting officer	2019-10-08
0001733855-19-000003	2	Nicholas Giancola	CEO, issuer, principal executive officer	2019-10-08
0001733855-19-000003	3	Ethan Joffe	CTO, issuer	2019-10-08
0001756121-19-000001	1	Kevin King	CEO	2019-10-08
0001783347-19-000004	1	/s/ Peter Peng	Founder & CEO	2019-10-08
0001783347-19-000004	2	/s/ John P. Caparella	Director	2019-10-08
0001786078-19-000001	1	Matvey Lebedev	Co-Founder, principal executive officer, principal financial officer	2019-10-08
0001786078-19-000001	2	Alex Lebedev	Co-Founder	2019-10-08
0001782777-19-000002	1	Antonio Trincao	CEO, Director, Treasurer	2019-10-08
0001779579-19-000004	1	/s/ Kelly Helmuth	Chief Executive Officer	2019-10-08
0001779579-19-000004	2	/s/ Lalit Goel	Chairman	2019-10-08
0001731736-19-000004	2	/s/ Maya Kante	CMO	2019-10-08
0001731736-19-000004	1	/s/ Bosco Kante	CEO	2019-10-08
0001652039-19-000004	1	Brian Gannon	CEO, issuer, principal executive officer, principal financial officer, controller, and principal accounting officer	2019-10-08
0001669191-19-000362	3	Benjamin White	Principal Accounting Officer	2019-10-08
0001669191-19-000362	2	Benjamin White	Principal Financial Officer	2019-10-08
0001669191-19-000362	1	Benjamin White	Principal Executive Officer	2019-10-08
0001669191-19-000362	4	Benjamin White	Board Member	2019-10-08
0001782777-19-000001	1	/s/ Antonio Trincao	CEO, Secretary, Treasurer	2019-10-07
0001665160-19-000981	1	Marcus McBain	CEO, Principal Executive Officer and Director, Principal Financial Officer and Principal Accounting Officer	2019-10-07
0001665160-19-000979	2	Charles Fisher	Principal Financial Officer, Principal Accounting Officer and Director	2019-10-07
0001665160-19-000979	1	Kelly Roman	CEO, Principal Executive Officer and Director	2019-10-07
0001779032-19-000002	1	Erik D. Mayans	CEO, Managing Member	2019-10-07
0001786187-19-000002	1	Josh Kline	CEO	2019-10-04
0001786187-19-000002	2	Ethan Jacks	Board Member	2019-10-04
0001670254-19-000564	1	Brad Podowski	Writer/Producer	2019-10-01
0001670254-19-000567	1	Ethan Holmes	Founder/Chief Executive Officer (CEO)	2019-10-03
0001786187-19-000001	1	Josh Kline	CEO	2019-10-04
0001786187-19-000001	2	Ethan Jacks	Board Member	2019-10-04
0001670254-19-000563	1	Donald BORZA	President	2019-09-26
0001670254-19-000561	1	Donald BORZA	President	2019-09-26
0001746059-19-000044	1	Gordon Sacks	CEO, Manager, and Co-Founder	2019-10-04
0001746059-19-000044	2	Mary Sacks	COO, Manager, and Co-Founder	2019-10-04
0001790311-19-000001	1	Zachary Witman	CEO, issuer, principal executive officer, principal financial officer, controller, and principal accounting officer	2019-10-04
0001771551-19-000002	2	Margaret Davison	COO	2019-10-04
0001771551-19-000002	1	Anthony Smith	Manager	2019-10-04
0001771551-19-000002	3	Hugh Stoll	CTO	2019-10-04
0001669191-19-000360	1	Kenny Gallagher	Principal Executive Officer	2019-10-04
0001669191-19-000360	2	Kenny Gallagher	Principal Financial Officer	2019-10-04
0001669191-19-000360	3	Kenny Gallagher	Principal Accounting Officer	2019-10-04
0001669191-19-000360	4	Karl Doenges	Board Member	2019-10-04
0001669191-19-000360	5	Kenny Gallagher	Board Member	2019-10-04
0001735237-19-000001	1	Seth Rubin	CEO, principal executive officer, principal financial officer, principal accounting officer	2019-10-04
0001735237-19-000001	2	Collins Brown	COO	2019-10-04
0001665160-19-000977	3	Cynthia P. Baron	Principal Financial Officer and Principal Accounting Officer	2019-10-04
0001665160-19-000977	1	Brian Gale	CEO, Principal Executive Officer and Director	2019-10-04
0001665160-19-000977	2	Edgar D. McKean III	Director	2019-10-04
0001670254-19-000557	2	Braeden James Oswald	Director/Shareholder	2019-10-02
0001670254-19-000557	1	jody jane young	director	2019-10-03
0001670254-19-000557	3	Milan Boulette	Chairman of the Board	2019-10-02
0001670254-19-000557	4	John Johnson	Director/Shareholder	2019-10-02
0001670254-19-000557	5	Marc Christensen	Managing Member	2019-10-02
0001722138-19-000004	1	Israel Lopez	CEO	2019-10-04
0001722138-19-000004	3	Nim Desai	COO	2019-10-04
0001722138-19-000004	2	Walter Powell Jr.	CBO	2019-10-04
0001788657-19-000002	1	Eric H. Darst	CEO	2019-10-04
0001668287-19-000059	1	Maryia Yarkina	CEO	2019-10-04
0001670254-19-000553	1	Ushir Shah	Founder & CEO	2019-10-03
0001746059-19-000043	1	Samson Romeo Regalli	Owner and CoFounder	2019-10-04
0001746059-19-000043	2	Milka Adera	Owner and CoFounder	2019-10-04
0001746059-19-000042	1	Gordon Sacks	CEO, Manager, and Co-Founder	2019-10-03
0001746059-19-000042	2	Mary Sacks	COO, Manager, and Co-Founder	2019-10-03
0001665160-19-000976	1	Linda Farquhar	CEO, Principal Executive Officer and Manager, Principal Financial Officer and Principal Accounting Officer	2019-10-03
0001665160-19-000975	1	Joshua Montgomery	CEO, Principal Executive Officer and Director, Principal Financial Officer and Principal Accounting Officer	2019-10-03
0001781304-19-000001	1	Katherine Schuler	Owner	2019-10-03
0001665160-19-000974	1	Daniel Eisenman	CEO, Principal Executive Officer and Director, Principal Financial Officer and Principal Accounting Officer	2019-10-03
0001665160-19-000973	1	Carlo Brovero	CEO, President, Chief Executive Officer, Treasurer, Principal Financial Officer and Principal Accounting Officer	2019-10-03
0001665160-19-000973	2	Angelo D'Anzi	CTO	2019-10-03
0001665160-19-000973	3	Gabriele Colombo	Secretary	2019-10-03
0001665160-19-000972	1	Jeff Tacy	CEO, Principal Executive Officer and Director, Principal Financial Officer and Principal Accounting Officer	2019-10-03
0001746059-19-000040	2	Milka Adera	Owner and CoFounder	2019-10-03
0001746059-19-000040	1	Samson Romeo Regalli	Owner and CoFounder	2019-10-03
0001669191-19-000358	4	Valerie  Canova	Board Member	2019-10-03
0001669191-19-000358	5	James Canova	Board Member	2019-10-03
0001669191-19-000358	1	James Canova	Principal Executive Officer	2019-10-03
0001669191-19-000358	3	Valerie  Canova	Principal Accounting Officer	2019-10-03
0001669191-19-000358	2	Valerie  Canova	Principal Financial Officer	2019-10-03
0001669191-19-000356	2	Kenny Gallagher	Principal Financial Officer	2019-10-03
0001669191-19-000356	1	Kenny Gallagher	Principal Executive Officer	2019-10-03
0001669191-19-000356	5	Kenny Gallagher	Board Member	2019-10-03
0001669191-19-000356	3	Kenny Gallagher	Principal Accounting Officer	2019-10-03
0001669191-19-000356	4	Karl Doenges	Board Member	2019-10-03
0001669191-19-000354	7	Roger  Berry	Board Member	2019-10-03
0001669191-19-000354	6	John Preston	Board Member	2019-10-03
0001669191-19-000354	4	Chris Anderson	Board Member	2019-10-03
0001669191-19-000354	3	Chris Anderson	Principal Accounting Officer	2019-10-03
0001669191-19-000354	2	Chris Anderson	Principal Financial Officer	2019-10-03
0001669191-19-000354	1	Chris Anderson	Principal Executive Officer	2019-10-03
0001669191-19-000354	5	Shad Azimi	Board Member	2019-10-03
0001789937-19-000001	1	Ana Rojas	CEO	2019-10-02
0001784191-19-000002	1	Justin Potts	Director	2019-10-02
0001612437-19-000006	2	Walter Hessert	Director	2019-10-02
0001669191-19-000351	5	Kenny Gallagher	Board Member	2019-10-02
0001784191-19-000002	2	Timothy Sheridan	Director	2019-10-02
0001669191-19-000351	3	Kenny Gallagher	Principal Accounting Officer	2019-10-02
0001669191-19-000351	2	Kenny Gallagher	Principal Financial Officer	2019-10-02
0001669191-19-000351	1	Kenny Gallagher	Principal Executive Officer	2019-10-02
0001612437-19-000006	1	Thomas Hessert	CEO, Board Member	2019-10-02
0001669191-19-000351	4	Karl Doenges	Board Member	2019-10-02
0001789922-19-000003	2	/s/ Justin Silver	CFO, Board Member	2019-10-02
0001789922-19-000003	1	/s/ Rooshy Roychoudhury	CEO, Director	2019-10-02
0001788853-19-000005	1	Nohra Murad	Owner	2019-10-02
0001665160-19-000971	3	Edward Giardina	Principal Financial Officer, Principal Accounting Officer, and Director	2019-10-02
0001665160-19-000971	2	Linda D. Michonski	Director	2019-10-02
0001665160-19-000971	1	David M. Michonski	CEO, Principal Executive Officer, and Director	2019-10-02
0001788853-19-000003	1	Nohra Murad	Owner	2019-10-02
0001788853-19-000002	1	Nohra Murad	Owner	2019-10-02
0001612437-19-000004	1	Thomas Hessert	CEO and Director	2019-10-01
0001612437-19-000004	2	Walter Hessert	Director	2019-10-01
0001789922-19-000002	2	/s/ Rooshy Roychoudhury	Board Member	2019-10-01
0001789922-19-000002	1	/s/ Rooshy Roychoudhury	CEO	2019-10-01
0001789922-19-000002	3	/s/ Justin Silver	Board Chair	2019-10-01
0001612437-19-000003	2	Walter Hessert	Director	2019-10-01
0001612437-19-000003	1	Thomas Hessert	CEO, Board Member	2019-10-01
0001785538-19-000003	1	Brian Giniewski	Owner	2019-10-01
0001787645-19-000001	1	Sagar Babber	CEO	2019-10-01
0001665160-19-000970	2	Benjamin Anderson	COO, Principal Financial Officer, Principal Accounting Officer, Director	2019-10-01
0001665160-19-000970	1	Andrew Schlack	CEO, Principal Executive Officer and Director	2019-10-01
0001668287-19-000057	1	John Crockett	Director	2019-10-01
0001665160-19-000969	1	Mark Daniel Farb	CEO, Principal Executive Officer and Director, Principal Financial Officer and Principal Accounting Officer	2019-10-01
0001737477-19-000002	1	Joseph T. Rogers	CEO	2019-10-01
0001777060-19-000008	4	Fred Dawe	Director	2019-10-01
0001777060-19-000008	5	Spencer Yee	Director	2019-10-01
0001777060-19-000008	3	Daniel McNicoll	Head of Production and Director	2019-10-01
0001777060-19-000008	2	Josiah Daniel Litle	Chief Financial Officer and Treasurer	2019-10-01
0001777060-19-000008	1	Donald Amason	Manager and Chief Executive Officer	2019-10-01
0001775794-19-000003	1	Sean H. Worthington	CEO	2019-09-30
0001612437-19-000002	1	/s/Thomas Hessert	CEO	2019-09-30
0001665160-19-000968	1	Randall Bee	CEO, Principal Executive Officer and Director, Principal Financial Officer and Principal Accounting Officer	2019-09-30
0001612437-19-000002	2	/s/ Thomas Hessert	Board Member	2019-09-30
0001612437-19-000002	3	/s/ Walter Hessert	Director	2019-09-30
0001785943-19-000001	3	Roman Tokarev	Director	2019-09-30
0001785943-19-000001	2	Gerald Banks	Director	2019-09-30
0001785943-19-000001	1	Majd Maksad	Director	2019-09-30
