ACCESSION_NUMBER	ID	ISSUER	ISSUERSIGNATURE	ISSUERTITLE
0001668287-18-000092	1	TAPtical Design LLC	Emil Reynolds	Owner
0001752130-18-000002	1	CoverUS, Inc	Andrew Hoppin	CEO & Director
0001666102-18-000005	1	Fragrance of Heaven LLC	Terri Arthur	Owner & CEO
0001666102-18-000004	1	Success By Media LLC	Jay Noland	Chief Executive Officer
0001743775-18-000006	1	Organic Living Inc.	jai mcfall	Chief Executive Officer
0001669191-18-000561	1	Future Mobility Company Holdings, Inc.	Dagan Mishoulam	Principal Executive Officer
0001668287-18-000089	1	Zamii Clean USA Carpet & Upholstery Cleaning Corp.	Dale Galbraith	Owner
0001669191-18-000559	1	Braidy Industries, Inc.	Craig Bouchard	Principal Executive Officer
0001747795-18-000001	1	Lavabit, LLC	Ladar Levison	CEO
0001665160-18-001405	1	Proctor360 Inc.	Ganga Bathula	CEO, Principal Executive Officer and Director, Principal Financial Officer and Principal Accounting Officer
0001743601-18-000003	1	Building Economic Advancement Network Corp	Darren V. Walker	CEO
0001665160-18-001403	1	Geopulse Exploration Inc.	Marcus Laun	CEO, Principal Executive Officer and Director, Principal Financial Officer and Principal Accounting Officer
0001757098-18-000001	1	ZenSpace Inc	Mayank Agrawal	CEO
0001759348-18-000001	1	Mailtag Company, LLC.	Alex Edson	Chief Executive Officer
0001665160-18-001401	1	URentMe LLC	Anthony Horovitz	CEO, Principal Executive Officer and Manager
0001665160-18-001398	1	Dashing Corp	Alaxander Villmann	CEO, Principal Executive Officer and Director
0001702607-18-000006	1	Streaming Television Inc	Simon Bray Jr	CEO
0001756481-18-000003	1	Blue Heron Catering, Inc.	Debbie Pfisterer	President and CEO
0001665160-18-001397	1	CEN INC	James Tagg	CEO, Principal Executive Officer and Director, Principal Financial Officer and Principal Accounting Officer
0001756481-18-000002	1	Blue Heron Catering, Inc.	Debbie Pfisterer	President and CEO
0001665160-18-001396	1	Rhode Islands Dressings LLC	Carder Starr	CEO, Principal Executive Officer and Manager, Principal Financial Officer and Principal Accounting Officer
0001665160-18-001395	1	Wise Power Inc	Kevin J. Williams	CEO, Principal Executive Officer and Director, Principal Financial Officer and Principal Accounting Officer
0001745081-18-000003	1	Little Bear LLC	/s/ Christopher Greer	CEO
0001665160-18-001394	1	TotalSource Solutions, Inc	George B. Brown	CEO, Principal Executive Officer and Director, Principal Financial Officer and Principal Accounting Officer
0001665160-18-001393	1	Timeburst	Chris La Cross	CEO, Principal Executive Officer and Manager, Principal Financial Officer and Principal Accounting Officer
0001665160-18-001392	1	ECXTECH INC.	Ryan Cullins	CEO, Principal Executive Officer, Director
0001751443-18-000006	1	Transatlantic Real Estate LLC	Nicole Birch	CEO
0001762574-18-000001	1	Shaping Games Inc.	Alfred Steiof	President
0001665160-18-001390	1	Discountcell, Inc.	Jennifer King	CEO, Principle Executive Officer, Principle Financial Officer and Director
0001761779-18-000001	1	Revry, Inc.	Damian Pelliccione	Principal Executive Officer, principal financial officer,  controller, and Director
0001746059-18-000014	1	WANDERING STAGE LLC	Nathan McNiff	Owner
0001758696-18-000007	1	Smart Yields, Inc.	Vincent Kimura	Director and Chief Executive Officer
0001746271-18-000006	1	Stepstone Art Resources, LLC	Brendan Burns	Managing Partner
0001746059-18-000013	1	ALIMENTARY LLC	Shane Clyburn	Owner/Co-Founder
0001754712-18-000003	1	CentriCrude Services, Inc.	Edward Stoltenberg	Chief Financial Officer
0001669191-18-000557	1	Dig Dates, Inc.	Casey Isaacson	Principal Executive Officer
0001665160-18-001387	1	World Cycling League	John Nelson	COO, Principal Financial Officer, Principal Accounting Officer and Managing Member
0001654300-18-000003	1	ChoiceTrade Holdings, Inc.	Neville Golvala	CEO
0001669191-18-000554	1	Phoenix PharmaLabs Inc	William W Crossman	Principal Executive Officer
0001665160-18-001386	1	Ella and Oak, LLC	Christine H. Callahan	CEO, Principal Executive Officer and Director, Principal Financial Officer and Principal Accounting Officer
0001757055-18-000002	1	Growgenics LLC	Rick Genga	CEO
0001665160-18-001381	1	Keezel Inc.	Friso Schmid	CFO, Principal Financial Officer and Principal Accounting Officer
0001746059-18-000012	1	11 HAIR STORIES, LLC	Chelsea Falcetti	Owner/Co-Founder
0001762067-18-000002	1	Anjin Services Group, Inc.	Michael Woodrum	CEO
0001666102-18-000003	1	Armored Citizen, LLC.	Aaron K Gilbert	President & CEO
0001762067-18-000001	1	Fathom Producers, Llc	Sammy Lee Butts II	CEO
0001666102-18-000002	1	Armored Citizen, LLC.	Aaron K Gilbert	President & CEO
0001702498-18-000004	1	Bucket Technologies, Inc.	Daniel Kam	President and Chief Operating Officer
0001670254-18-000605	1	Trustwire Corporation	Hugh Hall	CEO
0001665160-18-001379	1	Housa, LLC	Jason Walker	Founder and Manager, Chief Business Development Officer, Principal Executive Officer, Principal Financial Officer
0001670254-18-000603	1	The Cookie Department, Inc.	Akiva Resnikoff	Founder & CEO The Cookie Department
0001668287-18-000086	1	Elastico Tequila Grille Co	Dano Veal	Owner
0001760170-18-000001	1	Commissary Hall LLC	Sebastian Madero	Treasurer
0001665160-18-001376	1	Solutions Vending International	Dawn Dickson	CEO, Principal Executive Officer and Director, Principal Financial Officer and Principal Accounting Officer
0001665160-18-001374	1	VESvault Corp.	John Brixus	CEO, Principal Executive Officer and Director, Principal Financial Officer and Principal Accounting Officer
0001665160-18-001367	1	Savvy Technology Solutions LLC	Wenkai Katherine Chen	CEO, Principal Executive Officer, Principal Accounting Officer, Principal Financial Officer, and Director
0001665160-18-001371	1	Housa, LLC	Jason Walker	Founder and Manager, Chief Business Development Officer, Principal Executive Officer, Principal Financial Officer
0001670254-18-000601	1	LEAD Tech, Inc	Yumi Alyssa Kimura	CEO
0001665160-18-001358	1	Xcraft Enterprises, LLC	JD Claridge	CEO, Principal Executive Officer and Director, Principal Financial Officer and Principal Accounting Officer
0001740484-18-000005	1	TEST Foundation, Inc.	/s/Neil Thanedar	President and Chairman of the Board
0001665160-18-001357	1	Locking Line Barriers Corp	Joseph Daniluk	CEO, Principal Executive Officer and Director, Principal Financial Officer, Secretary, and Principal Accounting Officer
0001757857-18-000003	1	FanCompete LLC	John Senew	CEO
0001754591-18-000001	1	607 Western Restaurants LLC	Robert Ahn	Managing Member
0001669191-18-000551	1	Involved, Inc.	Jacob Dansey	Principal Executive Officer
0001665160-18-001353	1	Screw City, LLC	Joselito Seldera	Managing Member, Principal Executive Officer, Principal Financial Officer
0001670254-18-000598	1	Federation Brewing, LLC	Larry Cretan	Co-founder and CFO
0001670254-18-000588	1	PlantPharm BioMed, Ltd.	Robert Britt	Founder, Chairman, CEO
0001670254-18-000592	1	COCINA CON CORAZON CORP.	Marshall Dean	CEO
0001665160-18-001355	1	FLIP Inc.	Gary Davi	CEO, Principal Executive Officer and Director
0001684220-18-000002	1	Community Ventures	Jennifer Lyn Kassan	President
0001670254-18-000595	1	Onedome Global, Inc.	Bertram Meyer	CEO (employee)
0001720035-18-000004	1	ArtistWorks, LLC	Patricia Butler	CEO
0001753336-18-000003	1	Eagle Protect, PBC	Stephen Warne Ardagh	President and Chief Executive Officer
0001761087-18-000001	1	ROWViGOR, LLC	Kevin Allen	CEO, President, CFO, Secretary, Chariman, Co Founder
0001753754-18-000006	1	Tendedbar LLC	/s/James Perkins	Chief Executive Officer
0001642688-18-000005	1	Robin Technologies Inc.	/s/Justin Crandall	Chief Executive Officer
0001754776-18-000006	1	Two Spirit LLC	Robert Smith	Member
0001665160-18-001351	1	Medblocs, Inc.	Sri Gudavalli	CEO, Principal Executive Officer and Director, Principal Financial Officer and Principal Accounting Officer
0001757029-18-000002	1	Rose Products LLC	Amanuel Tsegai	CEO
0001760655-18-000002	1	Blue Sparrow LLC	Luke Cypher	Owner
0001760453-18-000002	1	Pig Hill Brewery LLC	Naomi Auth	Owner
0001758128-18-000003	1	BX SPACES LLC	Rafael Alvarez	Chief Executive Officer
0001669191-18-000549	1	Movatic, Inc.	Ansgar Strother	Principal Executive Officer
0001557286-18-000001	1	NAPA VALLEY LIMONCELLO COMPANY, LLC	Arthur Hartunian	Managing Member
0001745986-18-000004	1	Airto, Inc.	Shi Li	Principal executive officer, principal financial officer, principal accounting officer, and Director
0001727744-18-000004	1	Trouvaille LLC	Paul Hardersen	CEO
0001665160-18-001349	1	One Roq Spirits LLC	J. Garrett Green	CEO, Principal Executive Officer and Director, Principal Financial Officer and Principal Accounting Officer
0001665160-18-001348	1	One Roq Spirits LLC	J. Garrett Green	CEO, Principal Executive Officer and Director, Principal Financial Officer and Principal Accounting Officer
0001670254-18-000586	1	ChoiceTrade Holdings, Inc.	Neville Golvala	CEO
0001665160-18-001346	1	SARITAS MACARONI & CHEESE INC	Sarita Ekya	CEO, Principal Executive Officer and Director, Principal Financial Officer and Principal Accounting Officer
0001746059-18-000011	1	NIGHTSHADEPOPUP LLC	Rachel Miller	Owner, NIGHTSHADEPOPUP, LLC
0001665160-18-001344	1	Dark Zone Productions, Inc.	Scott Pearlman	CEO, Principal Executive Officer and Director, Principal Financial Officer and Principal Accounting Officer
0001665160-18-001343	1	GeoOrbital Inc.	Michael Burtov	CEO, Principal Executive Officer and Director, Principal Financial Officer and Principal Accounting Officer
0001665160-18-001341	1	Sober Network Inc.	Harold Jonas	CEO, Principal Executive Officer and Director, Principal Financial Officer and Principal Accounting Officer
0001665160-18-001339	1	shiftMobility Inc.	Pavana Jain	CEO and Director, Principal Financial Officer and Principal Accounting Officer
0001665160-18-001337	1	EVERYONE makes PROGRESS, INC	Anthony R. Hancovsky	CEO, Principal Executive Officer and Director
0001747279-18-000003	1	Olive's BFF LLC	William A Holderness	CFO
0001665160-18-001333	1	Briarwood Entertainment Group, Inc.	Mark Jones	CEO, Principal Executive Officer, Controller, and Director
0001717111-18-000007	1	Red Hen Collective Cooperative, Inc.	Molly Madden	President
0001665160-18-001335	1	Valorous Media, Inc.	Earl M. Benjamin	CEO, President, and Director
0001759426-18-000008	1	Avila's Restaurant Number 2, LLC	Trenton Avila Marrs	Manager
0001665160-18-001329	1	Cookie Club of America, Inc.	Clifford Smith	CEO, Principal Executive Officer and Director, Principal Financial Officer and Principal Accounting Officer
0001761153-18-000001	1	KS Fitness LLC	Kent Sammons II	Owner
0001669191-18-000547	1	Rapunzl Investments, LLC	Brian Curcio	Principal Executive Officer
0001665160-18-001327	1	Powell Development Group Inc.	Charles Powell	CEO, Principal Executive Officer and Director, Principal Financial Officer and Principal Accounting Officer
0001669191-18-000545	1	SRA Health, Inc.	Steven Coen	Principal Executive Officer
0001669191-18-000543	1	Future Mobility Company Holdings, Inc.	Dagan Mishoulam	Principal Executive Officer
0001760678-18-000001	1	County Route Catering, Inc.	Mark Ganem	Owner
0001665160-18-001326	1	Valorous Media, Inc	Earl M. Benjamin	CEO and Director
0001748490-18-000003	1	Cardboard Live, Inc.	Wilson Hunter	Chief Executive Officer
0001670254-18-000583	1	Wrap LLC	Chris Harvey	Sales Director
0001665160-18-001325	1	NowKeto, Inc.	Joshua Paul Christensen	CEO, Principal Executive Officer and Director, Principal Financial Officer and Principal Accounting Officer
0001670254-18-000580	1	Petit Vour, LLC	Ryan Miner	Co-CEO, Co-Founder
0001758128-18-000001	1	BX SPACES LLC	Rafael Alvarez	Chief Executive Officer
0001760655-18-000001	1	Blue Sparrow LLC	Luke Cypher	Owner
0001665160-18-001324	1	Atlis Motor Vehicles Inc	Mark Hanchett	CEO, Principal Executive Officer and Director, Principal Financial Officer and Principal Accounting Officer
0001665160-18-001323	1	Virtual QE	Shawn Findlater	CEO, Principal Executive Officer and Director, Principal Financial Officer and Principal Accounting Officer
0001665160-18-001322	1	GeoOrbital Inc.	Michael Burtov	CEO, Principal Executive Officer and Director, Principal Financial Officer and Principal Accounting Officer
0001755873-18-000001	1	VisuWall Technologies Inc. (f/k/a VisuWall Technologies, LLC)	Kobi Wu	Director and Chief Executive Officer
0001665160-18-001321	1	UBIF Tech Solutions, Inc.	Mike Pierce	CEO, Principal Executive Officer, Director and Chairman
0001665160-18-001318	1	Exclusive Foods, Inc	Matthew Thompson	CEO, Principal Executive Officer and Director, Principal Financial Officer and Principal Accounting Officer
0001665160-18-001316	1	UBIF Tech Solutions Inc	Mike Pierce	CEO, Principal Executive Officer, Director and Chairman
0001665160-18-001314	1	Market Analyst, LLC	Naqi Jaffery	CEO, Principal Executive Officer and Manager, Principal Financial Officer and Principal Accounting Officer
0001753229-18-000004	1	OH SO POLISH, INC	Angela Dupree	President/CEO
0001759516-18-000005	1	NY Scoops LLC	Timothy Kostenko	Managing Member
0001758447-18-000001	1	Social5, LLC	Judson Smedley	Chief Financial Officer
0001757857-18-000002	1	FanCompete LLC	John Senew	CEO
0001760318-18-000002	1	Physio, LLC	Dillon Auxier	CEO
0001746271-18-000005	1	Stepstone Art Resources, LLC	Brendan Burns	Managing Partner
0001665160-18-001312	1	CFBB Pictures	Jason Buterin	CEO and Manager, Principal Executive Officer, Principal Financial Officer and Principal Accounting Officer
0001753754-18-000005	1	Tendedbar LLC	James Perkins	Chief Executive Oficer
0001665160-18-001311	1	UBIF Tech Solutions, Inc.	Mike Pierce	CEO, Principal Executive Officer, Director and Chairman
0001746474-18-000002	1	Coterie Group, LLC	Charles Lusk II	Manager
0001665160-18-001310	1	Valorous Media, Inc	Earl M. Benjamin	CEO and Director
0001665160-18-001308	1	MPW Associates, LLC	James W. Killen	CEO and Manager
0001669191-18-000541	1	CARROT pass, LLC	Michael Antaran	Principal Executive Officer
0001669191-18-000539	1	Deshyo LLC	Zachary Silverman	Principal Executive Officer
0001669191-18-000536	1	Woodpecker Technologies, LLC	Alex Melehy	Principal Executive Officer
0001720035-18-000003	1	ArtistWorks, LLC	Patricia Butler	CEO
0001752109-18-000006	1	ROOTS & VINE PRODUCE & CAFE, INC	Ena Jones	President/CEO
0001665160-18-001306	1	Valorous Media, Inc.	Earl M. Benjamin	CEO and Director
0001665160-18-001304	1	JWL.COM, Inc.	David Zinberg	CEO, Principal Executive Officer and Director
0001665160-18-001303	1	Exclusive Foods, Inc	Matthew Thompson	CEO, Principal Executive Officer and Director, Principal Financial Officer and Principal Accounting Officer
0001665160-18-001300	1	Cyndescope, Inc.	Dennis Dicker	CEO, Principal Executive Officer and Director, Principal Financial Officer and Principal Accounting Officer
0001669191-18-000534	1	Swoon City Music LLC	Maureen Lloren	Principal Executive Officer
0001669191-18-000532	1	BumBee Designs Incorporated	James Canova	Principal Executive Officer
0001665160-18-001297	1	Wand USA Inc.	Andrew Schlack	CEO, Principal Executive Officer and Director
0001665160-18-001294	1	Karr Group of Companies, LLC	Mahesh Talwar	CEO, Principal Executive Officer and Manager, Principal Financial Officer and Principal Accounting Officer
0001691608-18-000003	1	Fair Isle Brewing LLC	Geoffrey Barker	Manager
0001757184-18-000001	1	MORE GOLD INVESTORS, LLC	Francine Anderson	President/CEO
0001669191-18-000524	1	Swoon City Music LLC	Maureen Lloren	Principal Executive Officer
0001754776-18-000005	1	Visuwall Technologies Inc.	Kobi Wu	Director & Chief Executive Officer
0001760049-18-000001	1	Coinseed, Inc.	Sukhbat Lkhagvadorj	CFO
0001754776-18-000004	1	Two Spirit LLC	Robert Smith	Member
0001665160-18-001291	1	Cityfreighter Inc	Michael Schoening	President, Principal Executive Officer and Director
0001756092-18-000002	1	Sunset Patio Lounge LLC	Dominic Moreau	Managing Member
0001665160-18-001289	1	ZENVST INC.	Alexander Beauchamp	CEO, Principal Executive Officer and Director
0001665160-18-001286	1	EPEC Holdings, Inc	Steve Vanechanos	Executive Chairman, CEO, Principal Executive Officer and Director
0001665160-18-001285	1	Cryptid LLC	Brad Rego	CEO, Principal Executive Officer and Manager, Principal Financial Officer and Principal Accounting Officer
0001756121-18-000001	1	Medcognition, Inc.	Kevin King	CEO
0001670254-18-000577	1	The One Experience LLC	Kenneth Schwenker	Founder / Organizer
0001665160-18-001284	1	Anatomic Global Inc.	David Farley	CEO, Principal Executive Officer and Director, Principal Financial Officer and Principal Accounting Officer
0001665160-18-001283	1	Metasepia, Inc.	Vance David Watkins	CEO, Principal Financial Officer, and Principal Accounting Officer
0001670254-18-000574	1	Element Farms, Inc.	Serdar Mizrakci	Founder & CEO
0001760453-18-000001	1	Pig Hill Brewery LLC	Naomi Auth	Owner
0001668287-18-000084	1	Bum Butt Corporation	Mark Hayes	Owner
0001756109-18-000002	1	Orion Span, Inc.	Frank Bunger	CEO & Founder
0001669191-18-000522	1	Subba Media Inc	Mark Jennings	Principal Executive Officer
0001669191-18-000518	1	Involved, Inc.	Jacob Dansey	Principal Executive Officer
0001669191-18-000516	1	Involved, Inc.	Jacob Dansey	Principal Executive Officer
0001669191-18-000514	1	Mercurius Biorefining, Inc	Karl Seck	Principal Executive Officer
0001665160-18-001282	1	Strat Brands Group Inc.	Justin Marek	CEO, Principal Executive Officer and Director, Principal Financial Officer and Principal Accounting Officer
0001756109-18-000001	1	Orion Span, Inc.	Frank Bunger	CEO & Founder
0001668287-18-000082	1	English for a Song, Inc.	Joshua Harrison	Owner
0001670254-18-000569	1	Evolution Spirit Brands LLC	Robert Dozier	Founder + Chief Executive Officer
0001668287-18-000080	1	Of The North Beverage International Inc	Ron Stamp	Owner
0001665160-18-001280	1	Cyrus The Great Production Company, Inc	Alan Bailey	CEO, Principal Executive Officer and Director, Principal Financial Officer and Principal Accounting Officer
0001669191-18-000511	1	Domestic Brands Inc	Lawrence Charles	Principal Executive Officer
0001754594-18-000003	1	Waffle Bus Heights, LLC	Phi Nguyen	Manager
0001754594-18-000001	1	The Waffle Bus Heights LLC	Phi Nguyen	Manager
0001668287-18-000078	1	Michael Ray Galleries	Michael Ray Eamotte	Owner
0001745458-18-000003	1	Hemster, Inc.	Allison Lee	Director
0001750337-18-000008	1	Remember When Ice Cream Inc	Deb Spotts	Owner
0001758188-18-000004	1	Throwback Family Fun, LLC	Kelsey Redwine	President
0001665160-18-001279	1	Fuller Real Estate Solutions LLC	Jonathan Fuller	CEO, Principal Executive Officer and Director, Principal Financial Officer and Principal Accounting Officer
0001759620-18-000003	1	Blendtopia, Inc.	Tiffany Taylor	Founder & CEO
0001665160-18-001277	1	ToGoBOX Inc.	Taegon Lee	CEO, Principal Executive Officer and Director, Principal Financial Officer and Principal Accounting Officer
0001665160-18-001275	1	Rhino Hide LLC	Jason Giddon	CEO, Principal Executive Officer and Manager, Principal Financial Officer and Principal Accounting Officer
0001668287-18-000076	1	earthdog, GP	David Colella	Partner
0001665160-18-001274	1	Rhino Hide LLC.	Jason Giddon	CEO, Principal Executive Officer and Manager, Principal Financial Officer and Principal Accounting Officer
0001754146-18-000001	1	Bargeboard & Beams, LLC	Erik Holmberg	Manager of Manager, Alonson's Development, LLC
0001617350-18-000005	1	Banaia, Inc.	Himanshu Agarwal	Director, Chief Executive Officer
0001670254-18-000564	1	Curtiss Motorcycle Company, Inc.	Jay Etheridge	CFO
0001749548-18-000007	1	Geek Girl Tech, PBC	Jenn Diesi	Chief Executive Officer
0001717111-18-000006	1	Lei Co Cooperative, Inc.	Tiffany Lacsado	President
0001753666-18-000003	1	South Side Shares, LLC	Jay Readey	President of NeighborScapes, NFP, the Manager
0001665160-18-001272	1	Divinia Water, Inc.	Steven R Sedlmayr	CEO, Principal Executive Officer and Director and Principal Financial Officer
0001743800-18-000005	1	Greg Miller Project, LLC	/Gregory Miller/	President
0001717111-18-000005	1	Red Hen Collective Cooperative, Inc.	Molly Madden	President
0001743800-18-000004	1	Greg Miller Project, LLC	/Gregory Miller/	President
0001668287-18-000074	1	Palouse Ag-Drone Services LLC	William Benson	Owner
0001748372-18-000008	1	Feast & Fettle, Inc.	Carlos Ventura	Chief Executive Officer
0001750319-18-000002	1	Smilelove LLC	David Frazier	Principal executive officer, principal financial officer, principal accounting officer, and director
0001670254-18-000562	1	SouveNEAR, LLC	Suzanne Southard	Manager
0001670254-18-000559	1	BnB Chat Inc	Daniel Hall	President/CEO
0001665160-18-001271	1	Proof Media Inc.	Luigi DeMeo	CEO, Principal Executive Officer and Director, Principal Financial Officer and Principal Accounting Officer
0001665160-18-001269	1	UniData Tech, Inc.	Chris Anthony	CEO, Principal Executive Officer, and Director
0001665160-18-001267	1	Gab AI Inc	Andrew Torba	CEO, Principal Executive Officer and Director,Principal Financial Officer and Principal Accounting Officer
0001665160-18-001266	1	Worthy Financial, Inc	Sally Outlaw	CEO, Principal Executive Officer and Director, Principal Financial Officer and Principal Accounting Officer
0001665160-18-001261	1	ICARUS BLOCKCHAIN GROUP INC.	Maya Parbhoe	CEO, Principal Executive Officer and Director
0001665160-18-001264	1	Persona Network, Inc.	Matthew Kerle	CEO, Principal Executive Officer and Director
0001751443-18-000005	1	Transatlantic Real Estate LLC	Nicole Birch, Esq.	CEO
0001665160-18-001257	1	Worldcast Live, Inc	Peter Lewis	CEO, Principal Executive Officer, and Director
0001665160-18-001254	1	KapowChain, LLC	Sang Truong	CEO, Principal Executive Officer and Manager, Principal Financial Officer and Principal Accounting Officer
0001665160-18-001253	1	Sang Truong	Sang Truong	CEO, Principal Executive Officer and Director, Principal Financial Officer and Principal Accounting Officer
0001665160-18-001252	1	Jackson Hole Televison, Inc.	Rubin Rodriguez Jr	CEO, Principal Executive Officer and Manager, Principal Financial Officer and Principal Accounting Officer
0001665160-18-001249	1	KapowChain, LLC	Sang Truong	CEO, Principal Executive Officer and Manager, Principal Financial Officer and Principal Accounting Officer
0001665160-18-001247	1	1Up Golf Development Group, Inc	John R. Humphrey	CEO and Founder, Principal Executive and Director
0001665160-18-001246	1	Skinz R Us, LLC	Matthew Brown	CEO, Principal Executive Officer and Manager, Principal Financial Officer and Principal Accounting Officer
0001642688-18-000004	1	Robin Technologies Inc.	Justin Crandall	Chief Executive Officer
0001670254-18-000555	1	Hawaiian Ola Brewing Corporation	Naehalani Breeland	Marketing Director
0001670254-18-000556	1	LEAD Tech, Inc	Yumi Alyssa Kimura	CEO
0001670254-18-000549	1	Hawaiian Ola Brewing Corporation	Naehalani Breeland	Marketing Director
0001665160-18-001243	1	EscoBoss, Inc.	Juliet Andriassian	CEO, Principal Executive Officer and Director, director/officer, Principal Financial Officer and Principal Accounting Officer
0001752109-18-000005	1	ROOTS & VINE PRODUCE & CAFE, INC	Ena Jones	President/CEO
0001745458-18-000002	1	Hemster, Inc.	Allison Lee	Chief Executive Officer
0001752109-18-000004	1	ROOTS & VINE PRODUCE & CAFE, INC	Ena Jones	President/CEO
0001755378-18-000003	1	PANGEA Partners, LLC	Nick Bradley	principal executive officer, principal financial officer, principal accounting officer, and director
0001665160-18-001236	1	Proof Media Inc.	Luigi DeMeo	CEO, Principal Executive Officer and Director, Principal Financial Officer and Principal Accounting Officer
0001755378-18-000002	1	PANGEA Partners, LLC	Nick Bradley	principal executive officer, principal financial officer, principal accounting officer, and director
0001746271-18-000004	1	Stepstone Art Resources, LLC	Brendan Burns	Managing Partner
0001755378-18-000001	1	PANGEA Partners, LLC	Nick Bradley	principal executive officer, principal financial officer, principal accounting officer, and director
0001746271-18-000003	1	Stepstone Art Resources, LLC	Brendan Burns	Managing Partner
0001665160-18-001232	1	WebTez, Inc.	Peter J. Tezza II	CEO, Principal Executive Officer and Director
0001665160-18-001229	1	New Haven Community Solar, LLC	Franz Hochstrasser	Principal Executive Officer and Manager
0001758135-18-000006	1	Jubel, Inc.	Jose Pablo Toscano	CEO
0001669191-18-000506	1	CARROT pass, LLC	Michael Antaran	Principal Executive Officer
0001746059-18-000009	1	DAISYFACE FLOW, LLC	Morgan Chase	Owner
0001669191-18-000504	1	Ao1 Solutions Inc.	Tyrre Burks	Principal Executive Officer
0001665160-18-001226	1	The Winston Box, LLC	Amit Patel	CEO, Principal Executive Officer and Manager, Principal Financial Officer and Principal Accounting Officer
0001665160-18-001224	1	Solar Direct LLC	Kirk Maust	CEO, Principal Executive Officer and Manager, Principal Financial Officer and Principal Accounting Officer
0001665160-18-001222	1	G3C Technologies Corporation	Vitaly Khusidman	CEO, Principal Executive Officer and Director, Principal Financial Officer and Principal Accounting Officer
0001753229-18-000003	1	OH SO POLISH, INC	Angela Dupree	President/CEO
0001670254-18-000540	1	My Trail Company, PBC	Demetri Coupounas	CEO
0001665160-18-001219	1	NetObjex, Inc.	Raghu Bala	CEO, Principal Executive Officer and Director, Principal Financial Officer and Principal Accounting Officer
0001665160-18-001216	1	MineryTech Solutions Inc.	Nick Foster	CEO, Principal Executive Officer and Director, Principal Financial Officer and Principal Accounting Officer
0001675481-18-000006	1	Spotlight: Girls	Lynn Johnson	CEO
0001665160-18-001213	1	Erndo Inc.	Peter Jenson	CEO, Principal Executive Officer, and Principal Executive Director
0001637604-18-000001	1	PureWine Inc.	David Meadows	CEO
0001665160-18-001211	1	Smart Snow Solutions LLC	Gregory Campbell	CEO, Principal Executive Officer and Manager, Principal Financial Officer and Principal Accounting Officer
0001746059-18-000008	1	WATERVIEW HOSPITALITY, LLC	Keenan Langlois	Owner
0001758696-18-000005	1	Smart Yields, Inc.	Vincent Kimura	Director and Chief Executive Officer
0001665160-18-001207	1	Caddell Prep Inc.	Glyn Caddell	CEO, Principal Executive Officer and Director, Principal Financial Officer and Principal Accounting Officer
0001669191-18-000501	1	Advanced Aesthetic Technologies, Inc.	Richard Burtt	Principal Executive Officer
0001665160-18-001205	1	Mycroft AI Inc.	Joshua Montgomery	CEO, Principal Executive Officer and Director, Principal Financial Officer and Principal Accounting Officer
0001665160-18-001204	1	StorEn Technologies Inc.	Carlo Brovero	CEO, Principal Executive Officer and Director, Principal Financial Officer and Principal Accounting Officer
0001665160-18-001203	1	Tribal Rides, Inc	Joe Grimes	CEO, Principal Executive Officer and Director, Principal Financial Officer and Principal Accounting Officer
0001665160-18-001202	1	WCB Productions, LLC	Cornell Christanson	CEO, Principal Executive Officer and Manager, Principal Financial Officer and Principal Accounting Officer
0001753754-18-000004	1	Tendedbar LLC	James Perkins	Chief Executive Oficer
0001753666-18-000001	1	South Side Shares, LLC	Jay Readey	President of the Manager, NeighborScapes NFP
0001751259-18-000005	1	5 Generation Bakers, LLC	Scott Baker	Owner
0001670254-18-000533	1	The Pinball Company LLC	Nic Parks	CEO
0001670254-18-000536	1	Cary Rx Inc	Areo Nazari	CEO and Founder
0001753839-18-000008	1	Cherish Productions	Bryan Melendez	CEO
0001670254-18-000530	1	Phenomix Sciences LLC	Andres Acosta	MD, PhD
0001751287-18-000003	1	WORLD BLOCKCHAIN PROJECT	Joseph Hernandez	Founder
0001669191-18-000497	1	Involved, Inc.	Jacob Dansey	Principal Executive Officer
0001669191-18-000495	1	Braidy Industries, Inc.	Craig Bouchard	Principal Executive Officer
0001750894-18-000004	1	Zeehaus Inc.	JUSTIN LEE	CEO
0001749553-18-000004	1	Creamy Coconuts, LLC	Kai Nortey	Chief Executive Officer, Member
0001756562-18-000003	1	Nutri-Chef Gluten-Free Foods, LLC	Kenneth A. Crecelius	Owner
0001669191-18-000492	1	Gravity Power, LLC	Thomas  Mason	Principal Executive Officer
0001665160-18-001201	1	Boku International, Inc.	Lynn Rolle	CEO, Principal Executive Officer and Director, Principal Financial Officer and Principal Accounting Officer
0001665160-18-001199	1	HEAL Diabetes Clinics, Inc.	Richard Koffler	CEO, Principal Executive Officer and Director, Principal Financial Officer and Principal Accounting Officer
0001756193-18-000002	1	729 Lime, LLC	David M. Talla	Manager of Morongo Moraga, LLC, the Manager
0001670254-18-000526	1	Orthogonal Thinker Inc.	David Nikzad	Founder
0001670254-18-000527	1	Orthogonal Thinker Inc.	David Nikzad	Founder
0001665160-18-001197	1	Smoke Cartel, Inc.	Darby Cox	CEO, Principal Executive Officer and Director
0001669191-18-000481	1	ChoiceTrade Holdings, Inc.	Neville Golvala	Principal Executive Officer
0001669191-18-000485	1	Aphios Pharma LLC	Trevor  Castor	Principal Executive Officer
0001754776-18-000003	1	Two Spirit LLC	Robert Smith	Member
0001746059-18-000007	1	Brato Brewhouse & Kitchen LLC	Jonathan Gilman	Owner/Co-Founder
0001665160-18-001196	1	Power2Peer, Inc.	Mamta Sonwalkar	CEO, Principal Executive Officer and Director, Principal Financial Officer and Principal Accounting Officer
0001665160-18-001195	1	Flower Turbines LLC	Mark Daniel Farb	CEO, Principal Executive Officer and Director, Principal Financial Officer and Principal Accounting Officer
0001665160-18-001194	1	Atmos Home Inc.	Mark Lyle	CEO, CTO, Principal Executive Officer and Director, Principal Financial Officer and Principal Accounting Officer
0001665160-18-001193	1	Bioclonetics Immunotherapeutics, Inc.	Charles S. Cotropia	CEO, Principal Executive Officer and Director, Principal Financial Officer and Principal Accounting Officer
0001665160-18-001192	1	LIFE RECOVERY SYSTEMS HD LLC	Robert J Freedman	CEO, Principal Executive Officer and Manager
0001665160-18-001191	1	LiveShopBuy, Inc.	Joseph Anselmo	CEO, Principal Executive Officer and Director, Principal Financial Officer and Principal Accounting Officer
0001665160-18-001190	1	ONO 3D, Inc	Pietro Gabriele	CEO, Principal Executive Officer and Director, Principal Financial Officer and Principal Accounting Officer
0001665160-18-001189	1	KOTA Longboards, LLC	Michael P. Maloney	CEO, Principal Executive Officer and Director, Principal Financial Officer and Principal Accounting Officer
0001620525-18-000002	1	SICKWEATHER, INC.	James Sajor	COO
0001658754-18-000004	1	Latin Everywhere Inc.	Richard Hull	Principal executive officer,principal financial officer, principal accounting officer, and director
0001742055-18-000003	1	SapientX Inc.	David Colleen	principal executive officer, principal financial officer, principal accounting officer, and director
0001665160-18-001188	1	ArtMap Inc.	David Smooke	CEO, Principal Executive Officer and Director,Principal Financial Officer and Principal Accounting Officer
0001739119-18-000004	1	YOURVIRTUALSIM INC	Alexandre Botteri	CEO
0001670254-18-000513	1	Habit Carbon 2 LLC	Lisa B. Ruskaup	CEO/Founder
0001670254-18-000521	1	Amnion Life LLC	Amir Fassihi	Founder and CEO
0001670254-18-000519	1	F/V San Giovanni LLC	Jiri Nozicka	CEO
0001665160-18-001185	1	ArtMap Inc.	David Smooke	CEO, Principal Executive Officer and Director, Principal Financial Officer and Principal Accounting Officer
0001670254-18-000511	1	SFBC Wyomissing, LLC	John Giannopoulos	Owner, Managing Director
0001752964-18-000006	1	Axle AI, Inc.	Sam Bogoch	CEO and Director
0001665160-18-001182	1	Your Car, Our Driver, Inc.	Josef Wojtkow	CEO, Principal Executive Officer and Director, Principal Financial Officer and Principal Accounting Officer
0001752964-18-000004	1	Axle AI, Inc.	Sam Bogoch	CEO and Director
0001665160-18-001179	1	American Legacy Network Corp	Rodney J. Reynolds	Director and CEO, Principal Executive Officer,Principal Financial Officer and Principal Accounting Officer
0001757722-18-000001	1	Tobly, Inc.	Pablo Carvallo	CEO and Director
0001754192-18-000001	1	VIAAS, Inc.	Matthew James Connolly	Principal Executive Officer, Principal Financial Officer, Principal Accounting Officer, and Director
0001720035-18-000001	1	ArtistWorks, LLC	Patricia Butler	CEO
0001739119-18-000003	1	Indemnis Inc	Amber McDonald	Chief Executive Officer
0001665160-18-001177	1	Dashing Corp	Alaxander Villmann	CEO, Principal Executive Officer and Director
0001669191-18-000479	1	Swoon City Music LLC	Maureen Lloren	Principal Executive Officer
0001665160-18-001175	1	Ginjan Bros, Inc.	Mohammed Diallo	CEO, Principal Executive Officer, and Director
0001665160-18-001173	1	Eclipse Diagnostics Inc	Luka Fajs	CEO, Principal Executive Officer and Director, Principal Financial Officer and Principal Accounting Officer
0001748372-18-000007	1	Feast & Fettle Inc.	Carlos Ventura	Chief Executive Officer
0001665160-18-001168	1	KISS Innovations, Inc.	Donald Jones	CEO, Principal Executive Officer and Director,Principal Financial Officer and Principal Accounting Officer
0001665160-18-001172	1	Gab AI Inc	Andrew Torba	CEO, Principal Executive Officer and Director,Principal Financial Officer and Principal Accounting Officer
0001705496-18-000003	1	Stanley Grove LLC	Lu Yang	Managing Director
0001665160-18-001165	1	FREEDOM MOTORS INC	Paul Moller	CEO, Principal Executive Officer
0001670254-18-000508	1	Neurocarrus Inc	Paul Blum	Co-founder & CEO
0001750508-18-000003	1	Pittsburgh Current LLC	Bethany Ruhe	Owner
0001665160-18-001162	1	Whitethorn Digital LLC	Matthew Martin White	CEO, Principal Executive Officer and Manager, Principal Financial Officer and Principal Accounting Officer
0001665160-18-001164	1	Farr Hotels & Resorts, Inc	Ken Farr	CEO, Principal Executive Officer and Director,Principal Financial Officer and Principal Accounting Officer
0001665160-18-001159	1	D and M Group Ltd	Donna Dutcher	CEO, Principal Executive Officer and Director, Principal Financial Officer and Principal Accounting Officer
0001665160-18-001155	1	Gongago Inc.	James Lyon	CEO, Principal Executive Officer and Director,Principal Financial Officer and Principal Accounting Officer
0001669191-18-000477	1	Woodpecker Technologies, LLC	Alex Melehy	Principal Executive Officer
0001754712-18-000002	1	CentriCrude Services, Inc.	Edward Stoltenberg	Chief Financial Officer
0001665160-18-001152	1	Monte Cristo Productions, LLC	Avi Bernard	CEO, Principal Executive Officer and Director, Principal Financial Officer and Principal Accounting Officer
0001665160-18-001151	1	IJUZE Corp	Esmond Goei	CEO, Principal Executive Officer and Director
0001757431-18-000001	1	BROADWAY PROJECT ONE, LLC	FRANCINE ANDERSON	PRESIDENT/CEO
0001665160-18-001148	1	Energycite, Inc.	Tomer D. Tamarkin	President and Director, Principal Executive Officer, Principal Financial Officer and Principal Accounting Officer
0001756193-18-000001	1	729 Lime, LLC	David M. Talla	Manager of Morongo Moraga, LLC, the Manager
0001665160-18-001150	1	Wise Power Inc	Kevin J. Williams	CEO, Principal Executive Officer and Director, Principal Financial Officer and Principal Accounting Officer
0001665160-18-001146	1	ECXTECH INC.	Ryan Cullins	CEO, Principal Executive Officer, Director
0001665160-18-001145	1	Geopulse Exploration Inc.	Marcus Laun	CEO, Principal Executive Officer and Director, Principal Financial Officer and Principal Accounting Officer
0001665160-18-001144	1	Mosaic Distributors, LLC	Chris Kolodziejski	CEO, Principal Executive Officer and Manager, Principal Financial Officer and Principal Accounting Officer
0001665160-18-001143	1	GarageSkins, Inc.	Richard L Medlen	CEO, Principal Executive Officer and Director, Principal Financial Officer and Principal Accounting Officer
0001665160-18-001142	1	Cryptid LLC	Brad Rego	CEO, Principal Executive Officer and Manager, Principal Financial Officer and Principal Accounting Officer
0001753839-18-000006	1	Brewriver Deerfield LLC	Joby Bowman	CEO
0001665160-18-001141	1	Sun Fund Renewables Inc.	Michael Licamele	CEO, Principal Executive Officer and Sole Director, Principal Financial Officer and Principal Accounting Officer
0001665160-18-001139	1	SXC Live Inc.	Amir Amini	CEO, Principal Executive Officer and Director, Principal Financial Officer and Principal Accounting Officer
0001665160-18-001138	1	Mycroft AI Inc.	Joshua Montgomery	CEO, Principal Executive Officer and Director, Principal Financial Officer and Principal Accounting Officer
0001740075-18-000003	1	Ecoventz Inc.	Andreas Roussos	CEO
0001753754-18-000002	1	Tendedbar LLC	James Perkins	Chief Executive Oficer
0001669191-18-000475	1	CARROT pass, LLC	Michael Antaran	Principal Executive Officer
0001753839-18-000001	1	Brewriver Deerfield LLC	Joby Bowman	CEO
0001670254-18-000506	1	GNH Restaurant 3 LLC	Joey Parsi	CEO
0001757055-18-000001	1	Growgenics LLC	Richard A. Genga Jr.	CEO
0001757029-18-000001	1	Rose Products LLC	Amanuel Tsegai	CEO
0001665160-18-001135	1	Sagoon Inc.	Govinda Giri	CEO, Principal Executive Officer and Director, Principal Financial Officer and Principal Accounting Officer
0001665160-18-001134	1	Gift Jeenie USA, Inc	Vikram Chopra	CEO, Principal Executive Officer and Director, Principal Financial Officer and Principal Accounting Officer
0001742846-18-000005	1	BelleIQ,Inc.	Nu Dao	Co-founder/CEO, Executive Chairman, BOD
0001670254-18-000503	1	FOODNOME, INC.	Akshay Prabhu	CEO
0001756689-18-000001	1	Cryzen LLC	Shuvro Biswas	Founder
0001665160-18-001133	1	CEN INC	James Tagg	CEO, Principal Executive Officer and Director, Principal Financial Officer and Principal Accounting Officer
0001670254-18-000502	1	Coppertino Inc	Ivan Ablamskyi	Founder and CEO
0001746059-18-000006	1	ALIMENTARY LLC	Shane Clyburn	Owner/Co-Founder
0001746059-18-000005	1	NIGHTSHADEPOPUP LLC	Rachel Miller	Owner, NIGHTSHADEPOPUP, LLC
0001744276-18-000002	1	Glover & Thomas Reserve Oil & Gas Corp	Harold Thoams	Founder
0001665160-18-001132	1	TrustaBit LLC	Saritta Hines	CEO, Principal Executive Officer and Director, Principal Financial Officer and Principal Accounting Officer
0001746059-18-000004	1	11 HAIR STORIES, LLC	Chelsea Falcetti	Owner/Co-Founder
0001746059-18-000003	1	WANDERING STAGE LLC	Nathan McNiff	Owner, The Wandering Stage, LLC
0001665160-18-001130	1	Worldie LLC	Christina Taft	CEO, Principal Executive Officer and Director, Principal Financial Officer and Principal Accounting Officer
0001665160-18-001131	1	Worldie LLC	Christina Taft	CEO, Principal Executive Officer and Director, Principal Financial Officer and Principal Accounting Officer
0001670254-18-000499	1	Venomyx, Inc	Daniel Dempsey	Founder and CEO
0001665160-18-001128	1	Baja United Imports, Inc.	Jim Riley	CEO and Principal Executive Officer and Director
0001665160-18-001127	1	Citizen Health Project, Inc.	Brennen Hodge	CEO, Principal Executive Officer and Director, Principal Financial Officer and Principal Accounting Officer
0001665160-18-001126	1	Wow Sports Network Inc.	Jennifer Lapoint	CEO, Principal Executive Officer and Director, Principal Financial Officer and Principal Accounting Officer
0001669191-18-000472	1	God's Garden Treasures LLC	Karin Crawford	Principal Executive Officer
0001665160-18-001125	1	Horror Equity Fund, Inc.	Marlon Schulman	Principal Executive Officer, Principal Financial Officer and Principal Accounting Officer, Director
0001669191-18-000468	1	Phoenix PharmaLabs Inc	William W Crossman	Principal Executive Officer
0001669191-18-000470	1	Rapunzl Investments, LLC	Brian Curcio	Principal Executive Officer
0001746875-18-000003	1	Bantam Holdings LLC	Stuart Maclean Ramsay	Manager
0001648770-18-000008	1	BALLOONR, INC.	Amanda Greenberg	Director, President, Secretary, Treasurer
0001665160-18-001124	1	TotalSource Solutions, Inc	George B. Brown	CEO, Principal Executive Officer and Director, Principal Financial Officer and Principal Accounting Officer
0001665160-18-001123	1	Locking Line Barriers Corp	Joseph Daniluk	CEO, Principal Executive Officer and Director, Principal Financial Officer, Secretary, and Principal Accounting Officer
0001684004-18-000002	1	Black Point Seafood, LLC	Mark Murrell	CEO
0001745469-18-000003	1	Maine Textiles International, LLC	/s/ Kenneth Raessler	President / Board Member
0001746386-18-000003	1	Esembly Inc.	Elizabeth Turrigiano	President
0001750307-18-000005	1	Mosaic 4537 Wayne Avenue GP, LLC	Gregory Reaves	Managing member of Manager, Mosaic Development Partners, LLC
0001670254-18-000497	1	Unionmade	Todd Barket	Owner
0001670254-18-000495	1	Petit Vour, LLC	Ryan Miner	Co-CEO
0001682580-18-000002	1	Blue Bite LLC	Mikhail Damiani	Principal Executive Officer, Principal Financial Officer, and Director
0001665160-18-001121	1	Kings Crowd LLC	Chris Lustrino	CEO and Manager, Principal Financial Officer, Principal Accounting Officer
0001670254-18-000492	1	Red Carpet Premiere Experience LLC	Craig Saslow	Co-Founder
0001747279-18-000002	1	Olive's BFF LLC	William A Holderness	CFO
0001747732-18-000002	1	Outlook Corporate Consulting, LLC.	Adam J. Robison	Chief Executive Officer
0001752660-18-000001	1	Eniware LLC	James Bernstein [s]	CEO,
0001755293-18-000001	1	NJ DEVELOPMENT COALITION, LLC	Jacquetta Thomas	President / CEO
0001665160-18-001117	1	GuruMD Virtual Med, Inc.	Clinton Osborn	CEO, Principal Executive Officer and Manager, Principal Financial Officer and Principal Accounting Officer
0001665160-18-001113	1	MetaSepia, Inc.	Vance David Watkins	CEO, Principal Financial Officer, and Principal Accounting Officer
0001650631-18-000003	1	DoneGood, PBC	Cullen Schwarz	CEO and Director
0001744554-18-000002	1	Fragrance of Heaven LLC	Terri Arthur	Owner & CEO
0001754776-18-000001	1	Two Spirit LLC	Robert Smith	Member
0001665160-18-001103	1	Bannon Maher Corporation	Jonathan Bannon Maher	CEO, Principal Executive Officer and Director,Principal Financial Officer and Principal Accounting Officer
0001665160-18-001111	1	Bannon Maher Corp	Jonathan Bannon Maher	CEO, Principal Executive Officer and Director, Principal Financial Officer and Principal Accounting Officer
0001665160-18-001109	1	Vizrom Inc.	Emmanuel Umoh	CEO, Principal Executive Officer and Director,Principal Financial Officer and Principal Accounting Officer
0001665160-18-001098	1	Orange Marmalade, Inc.	William Gilligan	Co-CEO, Principal Executive Officer and Director,Principal Financial Officer and Principal Accounting Officer
0001665160-18-001093	1	No Limit Games	William Brevard	CEO, Principal Executive Officer and Director,Principal Financial Officer and Principal Accounting Officer
0001665160-18-001090	1	MuleChain, Inc.	Ralph Liu	CEO, Principal Executive Officer and Director, Principal Financial Officer and Principal Accounting Officer
0001665160-18-001088	1	One Roq Spirits, LLC	J. Garrett Green	CEO, Principal Executive Officer and Manager, Principal Financial Officer and Principal Accounting Officer
0001665160-18-001086	1	One Roq Spirits LLC	J. Garrett Green	CEO, Principal Executive Officer and Manager, Principal Financial Officer and Principal Accounting Officer
0001665160-18-001085	1	Monetran, LLC	Don Bielak	CEO, Principal Executive Officer and Manager,Principal Financial Officer and Principal Accounting Officer
0001745986-18-000002	1	Airto, Inc.	Shi Li	CEO, principal financial officer, and principal accounting officer
0001665160-18-001083	1	Anchor Digital, Inc.	Marcus Martin II	CEO and Principal Executive Officer
0001670254-18-000491	1	Mid-Atlantic Studios, LLC	Ron Newcomb	Founder
0001670254-18-000489	1	Lanikai Brewing Company, LLC	Allan D. Darling	Co-Founder and CFO
0001692133-18-000002	1	Digital Goals, Inc.	Nicholas Chavez	Co-CEO
0001746291-18-000005	1	DWEALTH LLC	Seun Odumusi	CEO
0001665160-18-001072	1	Powell Development Group Inc.	Charles Powell	CEO, Principal Executive Officer and Director, Principal Financial Officer and Principal Accounting Officer
0001732219-18-000014	1	MYWAY, INC	TOMMY ALGATHEN ALLEN	FOUNDER
0001755780-18-000001	1	BROWN EQUITY PROPERTIES, LLC	Vaneesha Dutra	President
0001750894-18-000003	1	Zeehaus Inc.	Justin Lee	CEO
0001665160-18-001069	1	CWF Continental Inc.	Ryan Koch	CEO, Principal Executive Officer and Director and Principal Financial Officer and Principal Accounting Officer
0001675481-18-000005	1	Spotlight: Girls	Lynn Johnson	CEO
0001670254-18-000484	1	BIOPTIMIZERS USA, INC.	Andy Wilkinson	Director of Operations
0001670254-18-000482	1	Hipshark, LLC	Jon Carmen	Co-Founder and CEO
0001753336-18-000002	1	Eagle Protect, PBC	Stephen Warne Ardagh	President and Chief Executive Officer
0001669191-18-000465	1	Lipidomics, Inc.	Michael Tippie	Principal Executive Officer
0001669191-18-000461	1	Phoenix PharmaLabs Inc	William W Crossman	Principal Executive Officer
0001720733-18-000002	1	Lei Co Cooperative, Inc.	Tiffany Lacsado	President
0001669191-18-000457	1	Berylline Corporation	Xugang Li	Principal Executive Officer
0001717111-18-000004	1	Red Hen Collective Cooperative, Inc.	Molly Madden	President
0001749553-18-000003	1	Creamy Coconuts, LLC	Kai Nortey	Chief Executive Officer, Member
0001670254-18-000481	1	Border X Brewing LLC	Martin Favela	CFO / Operations Manager
0001665160-18-001061	1	Divinia Water, Inc.	Steven R Sedlmayr	CEO, Principal Executive Officer and Director and Principal Financial Officer
0001739714-18-000002	1	Certifiably, INC	Anne Chambers	CEO
0001670254-18-000479	1	Recur Outdoors, Inc.	Brian Runnals	President, Founder
0001665160-18-001058	1	Green Retrofit	Steve Nauert	CEO, Principal Executive Officer and Director, Principal Financial Officer and Principal Accounting Officer
0001669191-18-000454	1	Swoon City Music LLC	Maureen Lloren	Principal Executive Officer
0001751745-18-000001	1	3BM LLC	Marc Seiavitch	Co-Owner
0001670323-18-000001	1	iSport360, Inc.	Ian Goldberg	CEO & Director
0001669191-18-000452	1	Rapunzl Investments, LLC	Brian Curcio	Principal Executive Officer
0001669310-18-000003	1	Adistry Inc	Meghan Larson	CEO
0001665160-18-001056	1	Virtual QE	Shawn Findlater	CEO, Principal Executive Officer and Director, Principal Financial Officer and Principal Accounting Officer
0001669191-18-000445	1	PropertyClub, Inc.	Andrew  Weinberger	Principal Executive Officer
0001665160-18-001054	1	GeoOrbital Inc.	Michael Burtov	CEO, Principal Executive Officer and Director, Principal Financial Officer and Principal Accounting Officer
0001736866-18-000002	1	Premium Home Comfort Inc.	Kurt Michael Swanson	CEO
0001747279-18-000001	1	Olive's BFF LLC	William A Holderness	CFO
0001746725-18-000002	1	Veptas Technology Solutions, Inc	John C. George	CFO
0001665160-18-001051	1	Atlis Motor Vehicles Inc	Mark Hanchett	CEO, Principal Executive Officer and Director, Principal Financial Officer and Principal Accounting Officer
0001739109-18-000006	1	UBIF Tech Solutions Inc	MICHAEL W. PIERCE	PRESIDENT
0001752964-18-000003	1	Axle AI, Inc.	Sam Bogoch	CEO & Director
0001752964-18-000002	1	Axle AI, Inc.	Sam Bogoch	CEO & Director
0001749548-18-000006	1	Geek Girl Tech, PBC	Jenn Diesi	Chief Executive Officer
0001751415-18-000001	1	Helias LLC	Vini Trambadia	Principal Executive Officer and Director
0001669191-18-000443	1	Subba Media Inc	Mark Jennings	Principal Executive Officer
0001669191-18-000439	1	SRA Health, Inc.	Steven Coen	Principal Executive Officer
0001665160-18-001050	1	SARITAS MACARONI & CHEESE INC	Sarita Ekya	CEO, Principal Executive Officer and Director, Principal Financial Officer and Principal Accounting Officer
0001665160-18-001049	1	Betterpath, Inc.	Matthew Sinderbrand	CEO
0001665160-18-001048	1	CURAITE, Inc	Arif Ferda Kertmelioglu	Chairman, Principal Executive Officer and Director, Principal Financial Officer and Principal Accounting Officer
0001669191-18-000437	1	Future Mobility Company Holdings, Inc.	Dagan Mishoulam	Principal Executive Officer
0001749079-18-000007	1	BITFENCE.IO LLC	Vladimir Tereshkov	CEO
0001682580-18-000001	1	Blue Bite LLC	Mikhail Damiani	Principal Executive Officer, Principal Financial Officer, and Director
0001665160-18-001043	1	Eclipse Diagnostics Inc	Luka Fajs	CEO, Principal Executive Officer and Director, Principal Financial Officer and Principal Accounting Officer
0001670254-18-000473	1	10 Below Franchising, LLC	Joseph Chan	Partner
0001665160-18-001041	1	Discountcell, Inc.	Jennifer King	CEO, Principle Executive Officer, Principle Financial Officer and Director
0001665160-18-001046	1	Localive, LLC	Christopher Dyson	CEO, Principal Executive Officer and Director, Principal Financial Officer and Principal Accounting Officer
0001670254-18-000475	1	REDEMPTION ROCK BREWERY, CORPORATION	Danielle Babineau	CEO
0001751443-18-000004	1	Transatlantic Real Estate LLC	Nicole Birch	CEO
0001741220-18-000003	1	CW Petroleum Corp	Christopher Williams	CEO
0001739398-18-000004	1	GCB Hops, LLC	Lori Daugherty	CEO
0001746271-18-000002	1	Stepstone Art Resources, LLC	Brendan Burns	Managing Partner
0001753754-18-000001	1	Tendedbar LLC	James Perkins	Chief Executive Oficer
0001642688-18-000002	1	Robin Technologies Inc.	Justin Crandall	Chief Executive Officer
0001748372-18-000003	1	Feast & Fettle, Inc.	Carlos Ventura	Chief Executive Officer
0001668287-18-000070	1	Palouse Ag-Drone Services LLC	William Benson	Owner
0001741462-18-000003	1	Armored Citizen, LLC.	Aaron K Gilbert	President & CEO
0001665160-18-001026	1	Perfict Inc.	Cory Faulkner	CEO, Principal Executive Officer and Director, Principal Financial Officer and Principal Accounting Officer
0001665160-18-001025	1	Titomirov Vodka LLC	Alexander Titomirov	CEO, Principal Executive Officer and Director, Principal Financial Officer and Principal Accounting Officer
0001665160-18-001024	1	Flont, Inc	Cormac Kinney	CEO, Principal Executive Officer and Director, Principal Financial Officer and Principal Accounting Officer
0001665160-18-001023	1	MicroGen Vet LLC	Kurt Dombkowski	CEO, Principal Executive Officer, Manager
0001746271-18-000001	1	Stepstone Art Resources, LLC	Brendan Burns	Managing Partner
0001670254-18-000467	1	Hopster's LLC	Lee Cooper	Founder
0001665160-18-001021	1	YOPI TECHNOLOGIES INC	Hemi Reem	CEO, Principal Financial Officer, Principal Accounting Officer and Director
0001670254-18-000466	1	Hopster's LLC	Lee Cooper	Founder
0001722197-18-000008	1	INDECO UNION	David Levine	Chief Executive Officer
0001665160-18-001019	1	Anatomic Global Inc.	David Farley	CEO, Principal Executive Officer and Director, Principal Financial Officer and Principal Accounting Officer
0001665160-18-001018	1	JWL.COM, Inc.	David Zinberg	CEO, Principal Executive Officer and Director
0001669191-18-000434	1	Woodpecker Technologies, LLC	Alex Melehy	Principal Executive Officer
0001752095-18-000001	1	Slumber Bump, LLC	Shad Morris	Chief Executive Officer
0001665160-18-001017	1	Divinia Water, Inc.	Steven R Sedlmayr	CEO, Principal Executive Officer and Director and Principal Financial Officer
0001669191-18-000431	1	Swoon City Music LLC	Maureen Lloren	Principal Executive Officer
0001665160-18-001016	1	FRtoken Inc.	Joseph Pitluck	CEO, Principal Executive Officer and Director, Principal Financial Officer and Principal Accounting Officer
0001669191-18-000429	1	PropertyClub, Inc.	Andrew  Weinberger	Principal Executive Officer
0001750307-18-000004	1	CRF Baltimore Affordable Housing, LLC	Jeffrey Villwock	CEO, Community Redevelopment Fund, Inc., Manager
0001635926-18-000008	1	Because Learning, Inc.	Sunny Washington	CEO and Co-founder
0001750307-18-000003	1	Mosaic 4537 Wayne Avenue GP, LLC	Gregory Reaves	Managing member of Manager, Mosaic Development Partners, LLC
0001665160-18-001015	1	Worthy Financial, Inc.	Sally Outlaw	CEO, Principal Executive Officer and Director, Principal Financial Officer and Principal Accounting Officer
0001675481-18-000004	1	Spotlight: Girls	Lynn Johnson	CEO
0001670254-18-000465	1	Marlo's Bakeshop LLC	Marlo Giudice	Founder and CEO
0001717111-18-000002	1	Red Hen Collective Cooperative, Inc.	Molly Madden	President
