ACCESSION_NUMBER	ID	ISSUER	ISSUERSIGNATURE	ISSUERTITLE
0001665160-17-000723	1	Chores R Us LLC	Tarik Khribech	CEO, Principal Executive Officer and Director, Principal Financial Officer and Principal Accounting Officer
0001665160-17-000720	1	MedChain Inc	Joachim Sandgaard	CEO, Director, Principal Executive Officer, Principal Financial Officer, and Principal Accounting Officer
0001638829-17-000004	1	MANCAN Wine, LLC	Graham Veysey	CEO
0001704837-17-000003	1	500 N3rd St., LLC	Peter B Gustis	CEO
0001718385-17-000003	1	Bouck Brothers Distilling, Inc.	Nicholas Bouck	Co-Founder
0001719326-17-000006	1	Best Food Trucks, Inc.	Kevin Davis	CEO, Secretary, President, and Director
0001665160-17-000718	1	Chores R Us LLC	TARIK KHRIBECH	CEO
0001669191-17-000201	1	Home61, Inc.	Olivier Grinda	Principal Executive Officer
0001726190-17-000001	1	Compassion Massage Therapeutic Clinic LLC	/s/ Cathrine Thibault	CEO
0001723477-17-000002	1	Vacayo, Inc.	Truth Oladapo	CEO
0001724862-17-000001	1	PST Evergreen Investment, Inc.	Han Hu	Director
0001665160-17-000716	1	TOTALSOURCE SOLUTIONS INCORPORATED	George B. Brown	CEO, Principal Executive Officer and Director, Principal Financial Officer and Principal Accounting Officer
0001665160-17-000714	1	Space Division Inc.	Ryan Oliges	CEO, Principal Executive Officer and Director, Principal Financial Officer and Principal Accounting Officer
0001665160-17-000713	1	PlantSnap, Inc.	Eric Ralls	Founder, CEO, Treasurer, Secretary, Director, Principal accounting officer, Principal financial officer
0001670254-17-000392	1	My Trail Company, PBC	Demetri Coupounas	CEO
0001705954-17-000008	1	Coding Autism, LLC	Oliver Thornton	Chief Executive Officer
0001705954-17-000006	1	madeBOS, Inc	Martha Hernandez	Chief Executive Officer
0001705954-17-000005	1	Youngry, LLC	Ash Kumra	President
0001705954-17-000003	1	madeBOS, Inc	Martha Hernandez	CEO
0001705954-17-000002	1	madeBOS, Inc	Martha Hernandez	CEO
0001722152-17-000003	1	NPTA Spirits	Patricia Hertling	President
0001665160-17-000712	1	LifeBridge 10000, LLC	Peter F Travers	CEO and Managing Member, Principal Financial Officer and Principal Accounting Officer
0001724467-17-000001	1	Panty Prop Inc.	Crystal Etienne	CEO
0001719970-17-000004	1	Digital Currency Growth LLC	Robert Cefail	President
0001670254-17-000388	1	Grit Grocery, LLC	Dustin Windham	CEO
0001670254-17-000389	1	Digitally Imported, Inc.	Gregory Shohat	Founder and CEO
0001670254-17-000386	1	Native American Natural Foods LLC	Karlene Hunter	Cofounder and CEO
0001670254-17-000390	1	Ipsento Coffee Co.	Timothy Taylor	CEO
0001665160-17-000710	1	Space Division Inc.	Ryan Oliges	CEO, Principal Executive Officer and Director, Principal Financial Officer and Principal Accounting Officer
0001665160-17-000708	1	121C Inc	Ryan Oliges	CEO, Principal Executive Officer and Director, Principal Financial Officer and Principal Accounting Officer
0001670254-17-000387	1	PAYROLL4FREE.COM, LLC	Marta Mendizabal	VP & COO
0001724453-17-000004	1	Fanchise League Company LLC	Sohrob Farudi	Founder & CEO
0001726073-17-000001	1	Woodland Rockwell No. 1 GP	Manfred Sternberg	President of ACSI, General Partner
0001670254-17-000385	1	Texas Beer Company LLC	Ian Davis	Co-Founder and CEO
0001679373-17-000003	1	Farm From a Box, Inc.	Scott Stewart Thompson	President
0001670254-17-000384	1	Happy Tax Holding Corp	Mario Costanz	CEO
0001670254-17-000383	1	CrowdMed, Inc.	Jared Heyman	CEO
0001670254-17-000381	1	MoJoe Brewing Company, LLC	Joseph Hyman	Co-Founder and CEO
0001593780-17-000005	1	Edisun Microgrids, Inc.	Bill Gross	CEO
0001718528-17-000004	1	World's Best Enterprises LLC	Kevin Chow	CEO, Comptroller, Chief Financial Officer, and Member
0001665160-17-000698	1	PerFIcT Inc.	Cory Faulkner	CEO, Principal Executive Officer and Director, Principal Financial Officer and Principal Accounting Officer
0001665160-17-000706	1	Solar Direct LLC	Kirk Maust	CEO, Principal Executive Officer and Manager, Principal Financial Officer and Principal Accounting Officer
0001665160-17-000704	1	Space Division Inc.	Ryan Oliges	CEO, Principal Executive Officer and Director, Principal Financial Officer and Principal Accounting Officer
0001665160-17-000707	1	Wetboard, Inc.	Christopher D. White	CEO, Principal Executive Officer and Director, Principal Financial Officer and Principal Accounting Officer
0001665160-17-000701	1	GlobaLiquids Inc. DBA eLYQD.com	Tabyna Khan	CEO, Principal Executive Officer and Director, Principal Financial Officer and Principal Accounting Officer
0001670254-17-000377	1	Urban Juncture, Inc.	Bernard Loyd	President
0001670254-17-000379	1	Jupiter Media & Entertainment Management LLC	Adam Neat	Founder
0001665160-17-000695	1	Solar Direct LLC	Kirk Maust	CEO, Principal Executive Officer and Manager, Principal Financial Officer and Principal Accounting Officer
0001669191-17-000193	1	YouStake, Inc.	Frank DeGeorge	Principal Executive Officer
0001669191-17-000192	1	Charlotte's Closet, LLC	Jen Forman	Principal Executive Officer
0001665160-17-000693	1	Biotech Restorations Holdings, LLC	David Fennema	CEO, Principal Executive Officer, Principal Financial Officer, Principal Accounting Officer, Manager
0001719977-17-000002	1	FanFood, Inc.	Carson Goodale	CEO / Cofounder
0001670254-17-000376	1	Chateau Marcel, Inc.	Albert Dahan	CEO
0001665160-17-000692	1	Atmos Home Inc.	Mark Lyle	CEO, CTO, Principal Executive Officer and Director, Principal Financial Officer and Principal Accounting Officer
0001665160-17-000691	1	Real Bloody Mary Co., LLC	Michael Machat	CEO, Principal Executive Officer and Director, Principal Financial Officer and Principal Accounting Officer
0001708151-17-000007	1	Uni-Boil MP Inc.	Wai Lun Pun	COO
0001708151-17-000006	1	Uni-Boil MP Inc.	Wai Lun Pun	COO
0001708151-17-000005	1	Uni-Boil MP Inc.	Wai Lun Pun	COO
0001723348-17-000001	1	Millie's Ice Cream Truck, LLC	Melissa Horst	Owner
0001665160-17-000690	1	Care2.com, Inc.	Randy Paynter	CEO and Board Director
0001718518-17-000005	1	SuperdopeTV, Inc.	Mychal Simka	CEO and President
0001665160-17-000689	1	Ovanova, Inc.	Channing Porter	CEO, Principal Executive Officer and Director, Principal Financial Officer and Principal Accounting Officer
0001724833-17-000001	1	Got Produce Franchising USA Inc	/s/Deborah Wallister	CEO
0001669654-17-000001	1	Onward Method, Inc.	Gabe Zichermann	CEO
0001724091-17-000003	1	Bravery Chef Hall, LP	Lian Pham	Partner of the general partner
0001724091-17-000001	1	Bravery Chef Hall, LP	Lian Pham	Partner of the general partner
0001665160-17-000688	1	GeoOrbital Inc.	Michael Burtov	Chief Executive Officer and Director
0001670254-17-000375	1	Epec Holdings, Inc. (f/k/a Epec Biofuels Holdings, Inc.)	Steve Vanechanos	Executive Chairman of the Board
0001718518-17-000004	1	SuperdopeTV, Inc.	Mychal Simka	CEO and President
0001722007-17-000001	1	Pittsburgh Juice Co	Naomi Homison	Managing Director
0001139685-17-000004	1	20/20 GeneSystems, Inc.	Jonathan Cohen	President and CEO
0001723949-17-000001	1	609 Fairfield LLC	Kent Hardman	CEO
0001710013-17-000003	1	Distributed Security, Inc.	Michael Smock	President
0001665160-17-000687	1	Small Batch Beauty, LLC	John Cascarano	CEO, Principal Executive Officer and Manager, Principal Financial Officer and Principal Accounting Officer
0001665160-17-000684	1	ARO Holdings LLC	Leslie Hernandez	CEO, Principal Executive Officer and Manager, Principal Financial Officer and Principal Accounting Officer
0001724453-17-000003	1	Fanchise League Company LLC	Sohrob Farudi	Founder & CEO
0001708151-17-000004	1	Uni-Boil MP Inc.	Wai Lun Pun	COO
0001669191-17-000189	1	ContentOro Inc.	Robert Chunn	Principal Executive Officer
0001665160-17-000678	1	StayblGear LLC	Eskil Nordhaug	CEO, Principal Executive Officer and Manager, Principal Financial Officer and Principal Accounting Officer
0001665160-17-000676	1	Buying Collective Holdings Incorporated	Rod Smith	CEO, Principal Executive Officer and Director, Principal Financial Officer and Principal Accounting Officer
0001665160-17-000675	1	Buying Collective Holdings Incorporated	Rod Smith	CEO, Principal Executive Officer and Director, Principal Financial Officer and Principal Accounting Officer
0001665160-17-000674	1	DIY Tee Shirts Screen Printing Supply, INC	Gary Jurman	CEO, Principal Executive Officer and Director, Principal Financial Officer and Principal Accounting Officer
0001724453-17-000001	1	Fanchise League Company LLC	Sohrob Farudi	Founder & CEO
0001665160-17-000672	1	DIY TEE SHIRTS SCREEN PRINTING SUPPLY, INC	Gary Jurman	CEO, Principal Executive Officer and Director, Principal Financial Officer and Principal Accounting Officer
0001665160-17-000670	1	Bringpro, Inc.	Jamie Garelli	CEO, Principal Executive Officer and Director, Principal Financial Officer and Principal Accounting Officer
0001665160-17-000669	1	EZ-Coco, LLC	David Goodman	Principal Executive Officer and Director, Principal Accounting Officer, Principal Financial Officer
0001724740-17-000003	1	YouNow Services LLC	Adi Sideman	Chief Executive Officer
0001724740-17-000001	1	YouNow Services LLC	Adi Sideman	Chief Executive Officer
0001670254-17-000374	1	Avua Corporation	Nathan Whitehouse	CEO
0001722152-17-000001	1	NPTA Spirits	Patricia Hertling	President
0001720905-17-000001	1	Nude, Inc.	Yung-Chih Chen	President
0001723843-17-000001	1	Bistro Planet, Inc.	Roie Edery	CEO
0001665160-17-000666	1	PlantSnap, Inc.	Eric Ralls	Founder, CEO, Treasurer, Secretary, Director, Principal accounting officer, Principal financial officer
0001670254-17-000372	1	Dog Parker, Inc.	Chelsea Brownridge	CEO and Founder
0001665160-17-000665	1	Samsara Luggage Inc.	Atara Dzikowski	CEO and Director
0001724637-17-000001	1	BuffBrew Taproom, LLC	Rassul Zarinfar	President/CEO of sole member
0001720880-17-000003	1	MJ Hybrid Solutions, Inc.	Melissa Jane Stapley	Founder and CEO
0001665160-17-000663	1	Indeco, LLC	David Levine	Chief Executive Officer
0001717257-17-000003	1	Kobeyaki Newport LLC	/s/ Brian Kelly	CEO
0001716818-17-000004	1	Copdate USA Inc.	Andrew Raisman	CEO, Comptroller, and Chief Financial Officer
0001708151-17-000003	1	Uni-Boil MP Inc.	Wai Lun Pun	COO
0001665160-17-000662	1	Bright Locker, Inc.	Ruben Cortez	CEO, Principal Executive Officer and Director, Principal Financial Officer and Principal Accounting Officer
0001722182-17-000001	1	Pawprint, Inc.	Emily Dong	President
0001670254-17-000365	1	Hiero 2, Inc.	Klaus Moeller	Founder
0001720033-17-000001	1	Vico Neve LLC	David S. Noto	Member
0001670254-17-000368	1	Ridgemont Outfitters, Inc.	Alex Hall	CEO
0001665160-17-000661	1	Indeco, LLC	David Levine	CEO
0001670254-17-000369	1	Eliot's Adult Nut Butters LLC	Michael Kanter	CEO
0001620525-17-000002	1	Sickweather, Inc	Graham Dodge	CEO
0001670254-17-000366	1	Hiero 2, Inc.	Klaus Moeller	Founder
0001670254-17-000370	1	Black Momma Tea and Cafe, Inc	Vanessa Braxton	CEO & President
0001670254-17-000363	1	Hiero 2, Inc.	Klaus Moeller	Founder
0001670254-17-000362	1	Neurohacker Collective, LLC	Jordan Greenhall	CEO
0001669191-17-000188	1	Photog LLC	Brad Ziajor	Principal Executive Officer
0001669191-17-000185	1	JustHuynh Inc.	Francis Huynh	Principal Executive Officer
0001669191-17-000183	1	Subba Media Inc	Mark Jennings	Principal Executive Officer
0001718354-17-000003	1	Green Pinata LLC	Shiva Kashalkar	CEO
0001669191-17-000180	1	HandStack P.B.C.	Jessica Hyejin Lee	Principal Executive Officer
0001723487-17-000001	1	Lynwood Financial Group	Charles Feltman	President/CEO
0001665160-17-000660	1	GeoOrbital Inc.	Michael Burtov	Chief Executive Officer and Director
0001670254-17-000361	1	BioClonetics Immunotherapeutics, Inc.	Charles Cotropia	CEO
0001664526-17-000009	1	PLAY IMPOSSIBLE CORP	Brian Monnin	CEO
0001664526-17-000008	1	Play Impossible Corporation	Brian Monnin	CEO and Director
0001718971-17-000003	1	PopDocs Media LLC	Jason Connell	Co-Founder, President
0001665160-17-000658	1	The Green Retrofit	Steve Nauert	CEO, Principle Executive Officer and Director, Principle Financial Officer and Principle Accounting Officer
0001708151-17-000002	1	Uni-Boil MP Inc.	Wai Lun Pun	COO
0001665160-17-000656	1	VitaPerk LLC	Brad Kifferstein	CEO
0001644600-17-000172	1	Stemless Co.	Koushalah Sunder	CEO
0001723677-17-000001	1	YogaTrail, Inc.	Alexander Klein	CEO
0001670254-17-000360	1	GlobeChat, Inc.	Kevin Strom	CEO
0001715007-17-000003	1	FreshMynd Inc.	Seema Lindskog	Founder & CEO
0001665160-17-000655	1	Vibrant TV, LLC	Jon Bottorff	CFO
0001715813-17-000004	1	PieShell, LLC	/s/ Cheryl Clements	Chief Executive Officer
0001670254-17-000359	1	Happy Tax Holding Corp	Mario Costanz	CEO
0001718414-17-000005	1	Spikes Beverage Co	Brian Gettelfinger	Managing Partner
0001649856-17-000004	1	Greensbury Market Corp.	Edward B. Hopper, III	CEO
0001670254-17-000358	1	BLAZnTECH, Inc.	Benjamin Bondar	CEO & Founder
0001665160-17-000653	1	Jinglz, Inc.	Aaron Itzkowitz	CEO, President, Chairman, Director, Principal Executive Officer
0001665160-17-000649	1	General Presence Inc.	Frank Erik Banks	CEO, Principal Executive Officer and Director, Principal Financial Officer and Principal Accounting Officer
0001665160-17-000645	1	Cryptid LLC	Brad Rego	CEO, Principal Executive Officer and Manager, Principal Financial Officer and Principal Accounting Officer
0001716174-17-000003	1	Tall Idea Labs, Inc.	Anand (Andy) Pandharikar	Founder and CEO
0001670254-17-000357	1	Meow Wolf, Inc.	Vince Kadlubek	CEO
0001670254-17-000355	1	Fireman's Brew, Inc.	David Johnson	COO/CFO
0001715704-17-000003	1	CrediBLL Inc.	Neeraj Sharma	CEO
0001665160-17-000641	1	Bikekini (North America) LLC	Robert Taylor Hughes	CEO, Principal Executive Officer, and Director
0001705496-17-000008	1	Stanley Grove LLC	Lu Yang	Managing Member
0001665160-17-000638	1	Phoenix Settlements LLC DBA Emergent Solar Solutions	Kanwar Singh	CEO, Principal Executive Officer
0001723146-17-000002	1	Success By Media LLC	Jay Noland	CEO
0001718414-17-000004	1	Spikes Beverage Co	Brian Gettelfinger	Managing Partner
0001665160-17-000636	1	Keezel, Inc.	Aike Muller	Principal Executive Officer and President
0001669191-17-000174	1	Charlotte's Closet, LLC	Jen Forman	Principal Executive Officer
0001690909-17-000005	1	Ellison Eyewear, Inc	Aristotle Loumis	Chief Executive Officer
0001716818-17-000003	1	Copdate USA Inc.	Andrew Raisman	CEO, Comptroller, and Chief Financial Officer
0001665160-17-000634	1	Vernuco Inc. dba Kordas Co.	Michael Kolb	President, Principal Executive Officer and Director, Principal Financial Officer and Principal Accounting Officer
0001665160-17-000632	1	Biotech Restorations Holdings, LLC	David Fennema	CEO, Principal Executive Officer, Principal Financial Officer, Principal Accounting Officer, Manager
0001665160-17-000631	1	Biotech Restorations Holdings, LLC	David Fennema	CEO, Principal Executive Officer, Principal Financial Officer, Principal Accounting Officer, Manager
0001665160-17-000621	1	SlideBelts Inc.	Brig Taylor	Founder and CEO
0001674439-17-000010	1	NextRX Inc.	Ralf-Rainer von Albedyhll	CEO
0001665160-17-000622	1	GarageSkins, Inc.	Rick Medlen	CEO, Principal Executive Officer and Director, Principal Financial Officer and Principal Accounting Officer
0001665160-17-000629	1	LRF Thoroughbred Fund II, LLC	Gary Fenton	Principal Executive Officer and Managing Partner, Principal Financial Officer and Principal Accounting Officer
0001665160-17-000623	1	Waverly Labs Inc	Andrew Ochoa	CEO, Principal Executive Officer, Director, Principal Financial Officer, Principal Accounting Officer
0001665160-17-000627	1	Biotech Restorations Holdings, LLC.	David Fennema	CEO, Principal Executive Officer, Principal Financial Officer, Principal Accounting Officer, Manager
0001690909-17-000004	1	Ellison Eyewear, Inc	Aristotle Loumis	Chief Executive Officer
0001665160-17-000625	1	Biotech Restorations Holdings, LLC.	David Fennema	CEO, Principal Executive Officer, Principal Financial Officer, Principal Accounting Officer, Manager
0001670254-17-000354	1	M and M MEDIA, INC.	Gary Mekikian	Co-founder and CTO
0001665160-17-000620	1	WitFoo, Inc.	Tim Bradford	CEO, Principal Executive Officer and Director, Principal Financial Officer and Principal Accounting Officer
0001716298-17-000004	1	Mighty Well, Inc.	Yousef Al-Humaidhi	Director and Chief Financial Officer
0001722475-17-000001	1	JDwight LLC	Dwight Orbin Johnson	CEO
0001665160-17-000619	1	BOXX Corp	Eric Vaughn	CEO, Principal Executive Officer and Director, Principal Financial Officer, and Principal Accounting Officer
0001719326-17-000004	1	Best Food Trucks, Inc.	Kevin Davis	CEO, Secretary, President, and Director
0001665160-17-000616	1	Farm.One, Inc.	Robert Laing	CEO, Principal Executive Officer and Director, Principal Financial Officer and Principal Accounting Officer
0001718518-17-000003	1	SuperdopeTV, Inc.	Mychal Simka	CEO and President
0001719488-17-000001	1	619 North Park LLC	Nick Apostolopoulos	Sole owner of the sole member of the Issuer
0001670254-17-000351	1	Rogue Chimera Films LLC	Lowrie B. Fawley	Managing Member
0001670254-17-000350	1	Impact Science Education, Inc.	Ladie Malek	Co-Founder and President
0001690888-17-000008	1	InGen Dynamics, Inc.	Arshad Hisham	Chief Executive Officer
0001670254-17-000347	1	Impact Science Education, Inc.	Ladie Malek	Co-Founder and President
0001670254-17-000345	1	Loveseat, Inc	Chris Stanchak	Cofounder & CEO
0001665160-17-000613	1	OPER, LLC	David Laiderman	Principal Executive Officer and Director, Principal Financial Officer, and Principal Accounting Officer
0001670254-17-000343	1	EPIC Global Franchising LLC	Alexander Nicholas	Founder and CEO
0001670254-17-000341	1	Impact Science Education, Inc.	Ladie Malek	Co-Founder and President
0001665160-17-000612	1	Sun Fund Renewables Inc.	Michael Licamele	CEO, Principal Executive Officer and Sole Director, Principal Financial Officer and Principal Accounting Officer
0001720822-17-000001	1	SilkRoll Inc.	Janet WU	CEO
0001665160-17-000604	1	Kerrington Home	Stacie A. Claytor	CEO, Principal Executive Officer and Director, Principal Financial Officer and Principal Accounting Officer
0001670254-17-000339	1	Industry Water Filtration, Inc.	Richard Yanda	President
0001665160-17-000607	1	15th Round, LLC	George Giovanis	CEO, Principal Executive Officer and Director, Principal Financial Officer and Principal Accounting Officer
0001719326-17-000003	1	Best Food Trucks, Inc.	Kevin Davis	CEO, Secretary, President, and Director
0001719882-17-000001	1	MiqroTech	Meade Lewis	Chief Executive Officer
0001716298-17-000001	1	Mighty Well, Inc.	Yousef Al-Humaidhi	Director and Chief Financial Officer
0001713410-17-000003	1	Happy gifts Inc	/s/ Sean Rimokh	Chief Executive Officer
0001598982-17-000003	1	True Gault, Inc. (f/k/a Shulogique, Inc.)	Sandra Gault	CEO and Co-Founder
0001665160-17-000601	1	WangleSpace	Stephen T Sorenson	CEO, Principal Executive Officer and Director, Principal Financial Officer and Principal Accounting Officer
0001665160-17-000598	1	HireJoe	Paul Wagner	CEO, Principal Executive Officer, Director, Principal Financial Officer, Principal Accounting Officer
0001710782-17-000001	1	REvolve Partners LLC	Khadijeh Hindi	Managing Partner
0001715013-17-000004	1	Edge Tech Labs, LLC	Shaun Masavage	CEO
0001719970-17-000002	1	Digital Currency Growth LLC	Robert Cefail	President
0001670254-17-000337	1	Reclaimant LLC d/b/a Fortress Presents	Alec Jhangiani	Founder & CEO
0001665160-17-000595	1	Waverly Labs Inc	Andrew Ochoa	CEO, Principal Executive Officer, Director, Principal Financial Officer, Principal Accounting Officer
0001715007-17-000001	1	FreshMynd Inc.	Seema Lindskog	CEO and Director
0001670254-17-000336	1	VAUTE COUTURE, INC.	Leanne Mai-ly Hilgart	President
0001670254-17-000335	1	BOARDWALK HOSPITALITY INC.	Mike Meader	Co-Founder/President
0001722994-17-000001	1	C.A.S. Handmade Inc.	/s/ Cara DesJardins	CEO
0001670254-17-000334	1	Neurohacker Collective, LLC	Jordan Greenhall	CEO
0001670254-17-000333	1	Eliot's Adult Nut Butters LLC	Michael Kanter	CEO
0001670254-17-000332	1	iGenApps Inc.	Norman Ortiz	CEO
0001720486-17-000008	1	Tattoo Technologies, Inc.	Mark Mahoney	CEO, President and Director
0001690447-17-000003	1	Owlized, Inc.	Aaron Selverston	Chief Executive Officer
0001715895-17-000003	1	Coding Autism, LLC	Oliver Thornton	Chief Executive Officer
0001720486-17-000005	1	Tattoo Technologies, Inc.	Mark Mahoney	CEO, President, and Director
0001720486-17-000004	1	Tattoo Technologies, Inc.	Mark Mahoney	CEO, President, and Director
0001722191-17-000002	1	4 Pure, Inc	Will Boyle	CEO
0001665160-17-000592	1	Zoi, Inc.	Bryan Lorden	CEO, Principal Executive Officer and Director
0001665160-17-000587	1	StartEngine Capital LLC	Bryan Lorden	CEO
0001665160-17-000586	1	Zoi, Inc.	Bryan Lorden	CEO
0001670254-17-000330	1	Dancing Pigs Productions LLC	Raja Rahman	CEO
0001715749-17-000005	1	3DaGoGo, Inc	Andrew Taylor	CEO
0001679372-17-000005	1	Youngry, LLC	Ash Kumra	President
0001670254-17-000326	1	Pillow, INC.	Darren Smith	Founder & CEO
0001670254-17-000328	1	Amici Montessori Language Academy LLC	Sean Diana	Founder & CEO
0001690447-17-000001	1	Owlized, Inc.	Aaron Selverston	Chief Executive Officer
0001665160-17-000585	1	Ceres Greens LLC	Jacob Isham	CEO, Managing Member, Principal Financial Officer and Principal Accounting Officer
0001670254-17-000323	1	YOPI Technologies INC	Hemi Re'em	President & Co-Founder
0001665160-17-000583	1	StartEngine Capital LLC	Eric Ralls	Founder, CEO, Treasurer, Secretary, Director, Principal accounting officer, Principal financial officer
0001721517-17-000001	1	Sentry Baby Products, LLC	/s/ Jim Holley	CEO
0001665160-17-000581	1	Baja United Imports, Inc.	Jim Riley	President
0001717408-17-000001	1	EvaBot Inc.	Rabi Gupta	CEO
0001665160-17-000582	1	Filmio, Inc.	Ian LeWinter	President
0001669191-17-000172	1	ContentOro Inc.	Robert Chunn	Principal Executive Officer
0001608695-17-000006	1	G. Randall & Sons, Inc.	Brendon Strause	Managing Director
0001665160-17-000580	1	VolAero UAV & Drones Holdings Corp.	Charles Zwebner	CEO, Principal Executive Officer, Principal Financial Officer and Principal Accounting Officer
0001665160-17-000579	1	Shark Wheel LLC	Zack Fleishman	Principal Executive Officer and Director, Principal Financial Officer and Controller
0001669191-17-000171	1	SimpleForms, PBC	Emily Rotolo	Principal Executive Officer
0001718354-17-000001	1	Green Pinata LLC	/s/ Shiva Kashalkar	Chief Executive Officer
0001715895-17-000001	1	Coding Autism, LLC	Oliver Thornton	Chief Executive Officer
0001712565-17-000003	1	Taxdrop Inc.	/Alice Cheng/	Chief Executive Officer
0001715417-17-000003	1	Alkalign Holding Company, LLC	Erin Paruszewski	President
0001665160-17-000576	1	Ceres Greens LLC	Jacob Isham	CEO, Managing Member, Principal Financial Officer and Principal Accounting Officer
0001665160-17-000578	1	LoveBug Probiotics	Ashley Harris	CEO, Principal Executive Officer and Director
0001665160-17-000574	1	Indeco	David Levine	Founder
0001669191-17-000168	1	ContentOro Inc.	Robert Chunn	Principal Executive Officer
0001665160-17-000572	1	STAYBLGEAR LLC	Eskil Nordhaug	CEO, Principal Executive Officer and Director, Principal Financial Officer and Principal Accounting Officer
0001665160-17-000571	1	BioHealthonomics	Cristian Arnou	CEO, Principal Executive Officer and Director, Principal Financial Officer and Principal Accounting Officer
0001665160-17-000569	1	Bright Locker, Inc.	Ruben Cortez	CEO, Principal Executive Officer and Director, Principal Financial Officer and Principal Accounting Officer
0001711875-17-000004	1	Jetpack Inc	Fatima Dicko	President and CEO
0001665160-17-000567	1	Yecup	Vigen Sanahyan	CEO, Principal Executive Officer and Director and Principal Accounting Officer
0001665160-17-000564	1	Bringpro, Inc.	Jamie Garelli	CEO, Principal Executive Officer and Director, Principal Financial Officer and Principal Accounting Officer
0001715599-17-000003	1	Full Circle Brewing, Co. Ltd. LLC	Arthur Moye	CEO
0001720880-17-000002	1	MJ Hybrid Solutions, Inc.	Melissa Jane Stapley	Founder and CEO
0001665160-17-000563	1	Ceres Greens LLC	Jacob Isham	CEO, Managing Member, Principal Financial Officer and Principal Accounting Officer
0001719701-17-000001	1	Tropical Sunshine Products, LLC	Martin Molina	CEO
0001670254-17-000321	1	Ganaz Inc.	Srinivas Artham	Co-founder
0001704090-17-000007	1	Gulf Coast Canna Meds, Inc.	Lori Daugherty	President
0001644600-17-000169	1	Splash Beverage Group, Inc.	Robert Nistico	CEO
0001669191-17-000165	1	Involved, Inc.	Jacob Dansey	Principal Executive Officer
0001720880-17-000001	1	MJ Hybrid Solutions, Inc.	Melissa Jane Stapley	Founder and CEO
0001680729-17-000010	1	Arbit, Inc.	Alex Bullington	Co-Founder and CEO
0001665160-17-000562	1	Ube, Inc	Utz Baldwin	CEO, Principal Executive Officer and Director, Principal Financial Officer and Principal Accounting Officer
0001704205-17-000014	1	Ideal Conceal, Inc.	Kirk Kjellberg	CEO
0001670254-17-000319	1	PAYROLL4FREE.COM, LLC	Marta Mendizabal	VP & COO
0001670254-17-000320	1	ZipZap, Inc.	Alan Safahi	CEO
0001670254-17-000318	1	BioClonetics Immunotherapeutics, Inc.	Charles Cotropia	CEO
0001670254-17-000316	1	New Century Cyber Technologies, Inc	Anatoliy Zhuravlev	President & CEO
0001665160-17-000560	1	Ceres Greens	Jacob Isham	CEO, Managing Member, Principal Financial Officer and Principal Accounting Officer
0001690888-17-000006	1	InGen Dynamics, Inc.	Arshad Hisham	Chief Executive Officer
0001665160-17-000558	1	PlantSnap, Inc.	Eric Ralls	Founder, CEO, Treasurer, Secretary, Director, Principal accounting officer, Principal financial officer
0001665160-17-000556	1	PlantSnap Inc.	Eric Ralls	Founder, CEO, Treasurer, Secretary, Director, Principal accounting officer, Principal financial officer
0001705975-17-000001	1	Pitch 25, LLC	Brian Ching	Manager
0001669191-17-000163	1	SimpleForms, PBC	Emily Rotolo	Principal Executive Officer
0001670254-17-000315	1	Daplie, Inc.	Brian Bourgerie	CFO, Crowdfunding
0001670254-17-000306	1	Amulet Group Holdings, Inc.	Jeffrey Isquith	President & CEO
0001665160-17-000554	1	Judobaby Inc.	Dan Mueller	Principal Executive Officer and Director, Principal Financial Officer and Principal Accounting Officer
0001670254-17-000313	1	Daplie, Inc.	Brian Bourgerie	CFO, Crowdfunding
0001665160-17-000553	1	GRACEDBYGRIT	Kimberly Caccavo	Founder and CEO
0001717904-17-000001	1	RMR Laboratories, Inc	Michael Lui	CEO
0001670254-17-000311	1	Happy Tax Holding Corp	Mario Costanz	CEO
0001680729-17-000009	1	Arbit, Inc.	Alex Bullington	Co-Founder and CEO
0001715749-17-000003	1	3DaGoGo, Inc	Andrew Taylor	CEO
0001665160-17-000552	1	Spendwith, Corp.	C. Jibril Sulaiman II	Principal Executive Officer and Director, Principal Financial Officer and Principal Accounting Officer
0001712328-17-000001	1	Blue Cord Farms Inc	Robert Head	CEO
0001711429-17-000006	1	Three Little Stooges Productions LLC	Earl Benjamin	President, CEO at C3 Entertainment Inc.
0001665160-17-000551	1	Plum	Utz Baldwin	CEO, Principal Executive Officer and Director, Principal Financial Officer and Principal Accounting Officer
0001665160-17-000548	1	Karmies	Megan Haines	CEO, Principal Executive Officer and Director, Principal Financial Officer and Principal Accounting Officer
0001664526-17-000007	1	Play Impossible Corporation	Brian Monnin	CEO and Director
0001720051-17-000001	1	Semper Fi Restaurants LLC	Seungwhan Chang	Sole Member
0001670254-17-000304	1	LAWRENCEVILLE PLASMA PHYSICS, INC.	Eric J. Lerner	President and Chief Scientist
0001665160-17-000533	1	Style Station	Melissa Meister	CEO, Principal Executive Officer and Director, Principal Financial Officer and Principal Accounting Office
0001665160-17-000541	1	WeRTeachers	Mark Poling	CEO, Principal Executive Officer, CFO, Principal Financial Officer and Principal Accounting Officer and Director
0001665160-17-000537	1	StayblGear	Eskil Nordhaug	CEO, Principal Executive Officer and Director, Principal Financial Officer and Principal Accounting Officer
0001670254-17-000303	1	XtractMor, Inc	Douglas G Mancosky	CEO
0001669191-17-000162	1	Rapunzl Investments, LLC	Brian Curcio	Principal Executive Officer
0001665160-17-000546	1	VoiceVoice	Julian Martinez	Principal Accounting Officer and Director
0001670254-17-000302	1	Urban Juncture, Inc.	Bernard Loyd	President
0001670254-17-000301	1	Airing Inc.	Stephen Marsh	President and Founder
0001670254-17-000299	1	Airing Inc.	Stephen Marsh	President and Founder
0001665160-17-000530	1	PlantSnap, Inc.	Eric Ralls	CEO
0001665160-17-000528	1	Horror Equity Fund	Marlon Schulman	Principal Executive Officer, Principal Financial Officer and Principal Accounting Officer, Director
0001665160-17-000531	1	Symmpl, Inc	Jay Smith	CEO, Principal Executive Officer and Director, Principal Financial Officer and Principal Accounting Officer
0001139685-17-000003	1	20/20 GeneSystems, Inc.	Jonathan Cohen	President & CEO
0001664957-17-000013	1	Pearachute Inc.	Desiree Vargas Wrigley	Chief Executive Officer and President
0001665160-17-000525	1	1787fp	Jean J. Borno	Principal Executive Officer, Principal Financial Officer and Principal Accounting Officer, Director
0001670254-17-000297	1	Devotion Spirits, Inc.	Andrew Adelman	CEO
0001445866-17-001492	1	Daplie, Inc.	Bryson Hill	Chief Executive Officer
0001673558-17-000003	1	Auntie April's	April Spears	CEO
0001664957-17-000011	1	Pearachute Inc.	Desiree Vargas Wrigley	Chief Executive Officer and President
0001706031-17-000004	1	Suite 100 Edwards LLC	Ian Tucker	President & Chief Executive Officer
0001679372-17-000003	1	Youngry, LLC	Ash Kumra	President
0001665160-17-000523	1	Mi Ola, Inc	Helena Fogarty	CEO and Founder
0001717883-17-000005	1	Small Batch Beauty, LLC	John Cascarano	CEO
0001718335-17-000001	1	Delect Technologies LLC	Serge Amouzou	Co-Founder & CEO
0001665160-17-000514	1	IJUZE Corp	Esmond Goei	Principle Executive officer and Director
0001665160-17-000515	1	MaestroConference Inc	Brian Burt	C.E.O. and President
0001665160-17-000521	1	Affordable Community Energy Services Company (ACE)	Jeffrey S. Greenberger	President, CEO, Principal Executive Officer and Director, Principal Financial Officer and Principal Accounting Officer
0001670254-17-000296	1	VAUTE COUTURE, INC.	Leanne Mai-ly Hilgart	President
0001665160-17-000517	1	4-Scored	Christopher Tompkins	Principle Executive Officer, Principle Financial officer, Principle Accounting Officer, Director
0001493152-17-012106	1	Ajay Yadav	/s/Ajay Yadav	Founder & CEO
0001665160-17-000513	1	SMASH Global	Steve Orosco	CEO, Principal Executive Officer and Director, Principal Financial Officer and Principal Accounting Officer
0001680729-17-000008	1	Arbit, Inc.	Alex Bullington	Co-Founder and CEO
0001665160-17-000512	1	N-Gen Technologies, Inc.	Alan Holsapple	Principal Financial Officer and Principal Accounting Officer
0001705517-17-000003	1	Herbal Compliance, CO	/s/ Brian Gass	Vice President Insurance/Investments
0001665160-17-000510	1	Trikke	Jose Gildo Beleski	CEO, Principle Financial Officer, Director
0001670254-17-000295	1	MISSION BREWERY, INC.	Dan Selis	President, Founder, CEO
0001719522-17-000001	1	FC Sugar, LLC	Sameer Patel	Manager of WPCK, LLC, the manager of the Issuer
0001704090-17-000006	1	Gulf Coast Canna Meds, Inc.	Thomas Murphy	CEO
0001670254-17-000294	1	Scrap Connection, Inc.	Chris Yerbey	Founder & CEO
0001670254-17-000292	1	Happy Tax Holding Corp	Mario Costanz	CEO
0001670254-17-000293	1	Designer Solutions Inc.	Heather Gillette	CEO
0001716791-17-000006	1	HireClub.com	/s/ Ketan Anjaria	President/Secretary/Treasurer
0001716791-17-000004	1	HireClub.com	/s/ Ketan Anjaria	President/Secretary/Treasurer
0001640709-17-000011	1	Techotel, Inc.	Payam Safa	Chief Executive Officer
0001640709-17-000010	1	Techotel, Inc.	Payam Safa	Chief Executive Officer
0001670254-17-000291	1	MOBODEXTER INC	Chandramouli Srinivasan	CEO
0001669191-17-000160	1	Split Mountain Productions Inc	Gray Frederickson	Principal Executive Officer
0001665160-17-000508	1	Next Future Transportation Inc.	Tommaso Gecchelin	CTO
0001695657-17-000006	1	Biopropulsion, LLC	Thom Gambaro	Manager
0001695657-17-000005	1	Pristine Sun Corp	Troy Helming	President
0001670254-17-000290	1	That Christmas Movie LLC	David Willis	Director / Writer / Producer
0001665160-17-000507	1	Obron Restaurant Waiter, Inc.	Judy O. Buttler	Director
0001718414-17-000003	1	Spikes Beverage Co	Brian Gettelfinger	Managing Partner
0001665160-17-000506	1	MOCKOUT, INC.	Michael McKeon	Principal Executive Officer and Director, Principal Financial Officer and Principal Accounting Officer
0001713167-17-000005	1	French Morning Media Group Inc	Emmanuel Saint-Martin	CEO
0001710938-17-000009	1	Franklin and Cortlandt Vinyl LLC	Dan Yashiv	Managing Member
0001665160-17-000505	1	Buy Insta Slim, Inc	Eemaan Jalili	CEO and Director
0001670254-17-000288	1	Ridgemont Outfitters, Inc.	Alex Hall	CEO
0001665160-17-000504	1	WORDEGO	Dr. Okan Erol	CEO, Principal Executive Officer and Director, Principal Financial Officer and Principal Accounting Officer
0001669191-17-000158	1	Home61, Inc.	Olivier Grinda	Principal Executive Officer
0001718385-17-000001	1	Bouck Brothers Distilling, Inc.	Nicholas Bouck	Co-Founder
0001670254-17-000287	1	GlobeChat, Inc.	Kevin Strom	CEO
0001670254-17-000286	1	BLAZnTECH, Inc.	Benjamin Bondar	CEO & Founder
0001718203-17-000001	1	The Happy Pet People, LLC	Lee Miller	CEO
0001718414-17-000001	1	Spikes Beverage Co	Brian Gettelfinger	Managing Partner
0001704090-17-000005	1	Gulf Coast Canna Meds, Inc.	Thomas Murphy	CEO
0001665160-17-000500	1	Paygevity	Neil Rothenberg	CEO, Principal Executive Officer and Director, Principal Financial Officer and Principal Accounting Officer
0001665160-17-000502	1	GeoOrbital Inc.	Michael Burtov	Chief Executive Officer
0001718971-17-000001	1	PopDocs Media LLC	Jason Connell	Co-Founder, President
0001719326-17-000001	1	Best Food Trucks, Inc.	Kevin Davis	CEO, Secretary, President, and Director
0001593780-17-000003	1	Edisun Microgrids, Inc.	Bill Gross	CEO
0001718720-17-000002	1	Contact Control Interfaces, LLC	Craig Douglass	CEO
0001684984-17-000002	1	Nuvanna, LLC	Alvaro Vaselli	Founder and CEO
0001670254-17-000285	1	Happy Tax Holding Corp	Mario Costanz	CEO
0001669191-17-000156	1	HUGY INC.	Franz  Almeida	Principal Executive Officer
0001670254-17-000283	1	Malibu Compost Inc.	Randy Ritchie	CEO
0001665160-17-000498	1	Green Gear Cycling, Inc.	Alan Scholz	CEO, Principal Financial Officer and Principal Accounting Officer
0001213900-17-010600	1	YOPI TECHNOLOGIES INC	/s/ Hemi Reem	President
0001638829-17-000001	1	MANCAN Wine, LLC	Graham Veysey	CEO
0001665160-17-000497	1	Shark Wheel LLC	Zack Fleishman	Principal Executive Officer and Director, Principal Financial Officer and Controller
0001719648-17-000001	1	Freerolls Entertainment, Inc.	/c/ Charles Potter	CEO
0001719671-17-000001	1	Vooster Corp	/s/ Zach Liptak	CEO
0001718752-17-000001	1	Goalspriing, LLC	Matthew Laffer	CEO & Founder
0001139685-17-000001	1	20/20 GeneSystems, Inc.	Jonathan Cohen	President & CEO
0001718528-17-000002	1	World's Best Enterprises LLC	Kevin Chow	CEO, Comptroller, Chief Financial Officer, and Member
0001640709-17-000009	1	Techotel, Inc.	Payam Safa	Chief Executive Officer
0001670254-17-000281	1	Perchance, Inc.	Dave Gottesmann	CEO
0001665160-17-000496	1	Dermatech Brands Corp	Darnell Henderson	CEO, Principal Executive Officer and Director, Principal Financial Officer and Principal Accounting Officer
0001715013-17-000003	1	Edge Tech Labs, LLC	Shaun Masavage	CEO
0001719434-17-000001	1	Healing Budz, Inc	/s/ David Trujillo	CEO
0001718186-17-000001	1	Sweets Creative Group, LLC	/s/ Joe Mindak	CEO
0001718547-17-000002	1	Recime Inc.	Mehfuz Hossain	CEO and Co-Founder
0001665160-17-000494	1	Dermatech Corp.	Darnell Henderson	CEO, Principal Executive Officer and Director, Principal Financial Officer and Principal Accounting Officer
0001670254-17-000280	1	HEARTLN INC	Oleksii Vynogradov	Founder and CEO
0001665160-17-000490	1	Helpp	Scott Hankinson	CEO, Principal Executive Officer and Director
0001719220-17-000003	1	BeachSheetz, LLC	/s/ Austin Wright	CEO
0001715237-17-000003	1	Hammering Hebrew LLC	Jonathan Kesselman	Managing Member
0001710903-17-000007	1	Light Phone Inc.	Joseph Hollier	President
0001517560-17-000012	1	Geostellar, Inc.	David Levine	President and Chief Executive Officer
0001665160-17-000487	1	Samsara Luggage, Inc.	Atara Dzikowski	CEO and Director
0001665160-17-000485	1	GRACEDBYGRIT	Kimberly Caccavo	Founder and CEO
0001670254-17-000278	1	HEARTLN INC	Alex Vinogradov	Founder and CEO
0001705496-17-000007	1	Stanley Grove LLC	Lu Yang	Managing Member
0001669191-17-000154	1	Home61 Inc.	Olivier Grinda	Principal Executive Officer
0001717883-17-000004	1	Small Batch Beauty, LLC	John Cascarano	CEO
0001705496-17-000004	1	Stanley Grove LLC	Lu Yang	Managing Member
0001715237-17-000001	1	Hammering Hebrew LLC	Jonathan Kesselman	Managing Member
0001708099-17-000003	1	CF0006, LLC	Manfred Sternberg	President of Manager
0001680729-17-000007	1	Arbit, Inc.	Alex Bullington	Co-Founder and CEO
0001705496-17-000003	1	Stanley Grove LLC	Lu Yang	Managing Member
0001669191-17-000147	1	Charlotte's Closet, LLC	Jen Forman	Principal Executive Officer
0001665160-17-000483	1	Kind Katie Movie Partners	Jon Graham	CEO and Director, Principal Financial Officer and Principal Accounting Officer
0001669191-17-000146	1	LafayetteRaceway.com, LLC	Mark Snyder	Principal Executive Officer
0001718518-17-000001	1	SuperdopeTV, Inc.	Mychal Simka	CEO and President
0001669191-17-000145	1	Charlotte's Closet, LLC	Jen Forman	Principal Executive Officer
0001717257-17-000001	1	Kobeyaki Newport LLC	/s/ Brian Kelly	CEO
0001517560-17-000011	1	Geostellar, Inc.	David Levine	President and Chief Executive Officer
0001665160-17-000480	1	iJuze Corporation	Esmond Goei	Principle Executive officer and Director
0001708189-17-000004	1	IgnitedStudios Hollywood, LLC	Yu Lun Kao	Chief Creative Officer
0001710938-17-000008	1	Franklin and Cortlandt Vinyl LLC	Dan Yashiv	Managing Member
0001670254-17-000277	1	MOBODEXTER INC	Chandramouli Srinivasan	CEO
0001670254-17-000275	1	Epec Holdings, Inc. (f/k/a Epec Biofuels Holdings, Inc.)	Steve Vanechanos	Executive Chairman of the Board
0001716818-17-000001	1	Copdate USA Inc.	Andrew Raisman	CEO, Comptroller, and Chief Financial Officer
0001704205-17-000013	1	Ideal Conceal, Inc.	Kirk Kjellberg	CEO
0001665160-17-000476	1	OPER, LLC	David Laiderman	Principal Executive Officer and Director, Principal Financial Officer, and Principal Accounting Officer
0001665160-17-000478	1	Mi Ola, Inc	Helena Fogarty	CEO and Founder
0001665160-17-000475	1	Vibrant TV, LLC	Jon Bottorff	CFO
0001665160-17-000477	1	Baja United Imports, Inc.	Jim Riley	President
0001669753-17-000002	1	Whoseyourlandlord, Inc.	Camellus Ofornedu Ezeugwu Jr.	CEO and Co-Founder
0001665160-17-000474	1	Go Fish Marketplace Inc.	Joseph M. Baliva	Principal Executive Officer and Director, Principal Financial Officer Principal Accounting Officer
0001665160-17-000468	1	MUMO, Inc.	Jean-Marc Touch	President and Director
0001665160-17-000473	1	Bringpro, Inc.	Jamie Garelli	CEO, Principal Executive Officer and Director, Principal Financial Officer and Principal Accounting Officer
0001665160-17-000465	1	Wetboard	Christopher D. White	CEO, Principal Executive Officer and Director, Principal Financial Officer and Principal Accounting Officer
0001665160-17-000470	1	Keezel, Inc.	Aike Muller	Principal Executive Officer and President
0001665160-17-000467	1	MOCKOUT, INC.	Michael McKeon	Principal Executive Officer and Director, Principal Financial Officer and Principal Accounting Officer
0001670254-17-000274	1	MOBODEXTER INC	Chandramouli Srinivasan	CEO
0001665160-17-000472	1	FAMA, Inc.	Saiful Khandaker	Principal Executive Officer, Financial Controller, Principal Financial Officer, Director
0001665160-17-000471	1	Shark Wheel LLC	Zack Fleishman	Principal Executive Officer and Director, Principal Financial Officer and Controller
0001665160-17-000469	1	Next Future Transportation Inc.	Tommaso Gecchelin	CTO
0001717883-17-000001	1	Small Batch Beauty, LLC	John Cascarano	CEO
0001704837-17-000001	1	500 N3rd St., LLC	Peter B Gustis	CEO - Investment Manager
0001665160-17-000463	1	EZ-Coco, LLC	David Goodman	Principal Executive Officer and Director, Principal Accounting Officer, Principal Financial Officer
0001670254-17-000273	1	FAFCO, INC.	Robert Leckinger	President & CEO
0001670254-17-000271	1	Beachmonkey Inc.	Michael Luczaj	CEO
0001665160-17-000461	1	Perserbid	Robert Pryately	CEO, Director, and Principal Financial Officer
0001665160-17-000459	1	Boxx Corp	Eric Vaughn Meyers	Principal Executive Officer and Director, Principal Financial Officer and Principal Accounting Officer, Founder
0001665160-17-000457	1	PAX	Michael Azzarello	CEO, Principal Executive Officer and Director, Principal Financial Officer, Principal Accounting Officer
0001670254-17-000269	1	MISSION BREWERY, INC.	Dan Selis	President, Founder, CEO
